Workbook

Sheet 任务经验
A1: ID | B1: 是否战斗 | C1: 战斗备注 | D1: ExpReward | E1: MoneyReward | F1: PetExpReward | G1: 宠物当前等级 | H1: 任务限制等级 | I1: 当前角色经验 | J1: 当前角色等级 | K1: 当前经验 | M1: 权重 | N1: 系数 | Q1: 等级段 | R1: 经验分配 | S1: 宠物经验 | T1: 银币 | U1: 实际经验 | V1: 任务数量 | W1: 总权重 | X1: 单份经验 | Y1: 单份宠物经验 | Z1: 单份银币 | AA1: 等级 | AB1: 任务数
A2: 180101 | B2: =(--INDEX(任务列表!A:B,MATCH(A2,任务列表!A:A,0),2)) -> 0 | D2: 350 | E2: 500 | F2: 0 | I2: =SUM($D$2:D2) -> 350 | J2: =INDEX(人物升级经验表!A:A,MATCH(任务经验!I2,人物升级经验表!C:C,1)+1,1) -> 1 | K2: =I2-INDEX(人物升级经验表!C:C,MATCH(任务经验!I2,人物升级经验表!C:C,1),1) -> 350 | M2: =IF((--B2)=0,1,IF((--B2)=-1,0,2)) -> 1 | Q2: 0 | R2: 72000 | S2: 48180 | T2: 45000 | U2: =SUM(D2:D35) -> 87100 | V2: =COUNTA(A2:A35) -> 34 | W2: =SUM(M2:M35) -> 39 | X2: =ROUND(R2/$W2,-2) -> 1800 | Y2: =ROUND(S2/$W2,-2) -> 1200 | Z2: =ROUND(T2/$W2,-2) -> 1200 | AA2: 1 | AB2: =COUNTIFS(J:J,AA2) -> 2
A3: 180103 | B3: =(--INDEX(任务列表!A:B,MATCH(A3,任务列表!A:A,0),2)) -> 0 | D3: 500 | E3: 500 | F3: 0 | I3: =SUM($D$2:D3) -> 850 | J3: =INDEX(人物升级经验表!A:A,MATCH(任务经验!I3,人物升级经验表!C:C,1)+1,1) -> 1 | K3: =I3-INDEX(人物升级经验表!C:C,MATCH(任务经验!I3,人物升级经验表!C:C,1),1) -> 850 | M3: =IF((--B2)=0,1,IF((--B2)=-1,0,2)) -> 1 | Q3: 10 | R3: 232000 | S3: 194450 | T3: 145000 | U3: =SUM(D36:D86) -> 206250 | V3: =COUNTA(A36:A86) -> 51 | W3: =SUM(M36:M86) -> 57 | X3: =ROUND(R3/$W3,-2) -> 4100 | Y3: =ROUND(S3/$W3,-2) -> 3400 | Z3: =ROUND(T3/$W3,-2) -> 2500 | AA3: 2 | AB3: =COUNTIFS(J:J,AA3) -> 3
A4: 180102 | B4: =(--INDEX(任务列表!A:B,MATCH(A4,任务列表!A:A,0),2)) -> 0 | D4: 950 | E4: 660 | F4: 0 | I4: =SUM($D$2:D4) -> 1800 | J4: =INDEX(人物升级经验表!A:A,MATCH(任务经验!I4,人物升级经验表!C:C,1)+1,1) -> 2 | K4: =I4-INDEX(人物升级经验表!C:C,MATCH(任务经验!I4,人物升级经验表!C:C,1),1) -> 200 | M4: =IF((--B4)=0,1,IF((--B4)=-1,0,2)) -> 1 | Q4: 20 | R4: 392000 | S4: 439450 | T4: 245000 | U4: =SUM(D87:D143) -> 394140 | V4: =COUNTA(A87:A143) -> 57 | W4: =SUM(M87:M143) -> 67 | X4: =ROUND(R4/$W4,-2) -> 5900 | Y4: =ROUND(S4/$W4,-2) -> 6600 | Z4: =ROUND(T4/$W4,-2) -> 3700 | AA4: 3 | AB4: =COUNTIFS(J:J,AA4) -> 3
A5: 180104 | B5: =(--INDEX(任务列表!A:B,MATCH(A5,任务列表!A:A,0),2)) -> 0 | D5: 950 | E5: 660 | F5: 0 | I5: =SUM($D$2:D5) -> 2750 | J5: =INDEX(人物升级经验表!A:A,MATCH(任务经验!I5,人物升级经验表!C:C,1)+1,1) -> 2 | K5: =I5-INDEX(人物升级经验表!C:C,MATCH(任务经验!I5,人物升级经验表!C:C,1),1) -> 1150 | M5: =IF((--B5)=0,1,IF((--B5)=-1,0,2)) -> 1 | Q5: 30 | R5: 944400 | S5: 1223900 | T5: 345000 | U5: =SUM(D144:D200) -> 928740 | V5: =COUNTA(A144:A200) -> 57 | W5: =SUM(M144:M200) -> 64 | X5: =ROUND(R5/$W5,-2) -> 14800 | Y5: =ROUND(S5/$W5,-2) -> 19100 | Z5: =ROUND(T5/$W5,-2) -> 5400 | AA5: 4 | AB5: =COUNTIFS(J:J,AA5) -> 3
A6: 180105 | B6: =(--INDEX(任务列表!A:B,MATCH(A6,任务列表!A:A,0),2)) -> 0 | D6: 1000 | E6: 660 | F6: 0 | I6: =SUM($D$2:D6) -> 3750 | J6: =INDEX(人物升级经验表!A:A,MATCH(任务经验!I6,人物升级经验表!C:C,1)+1,1) -> 2 | K6: =I6-INDEX(人物升级经验表!C:C,MATCH(任务经验!I6,人物升级经验表!C:C,1),1) -> 2150 | M6: =IF((--B6)=0,1,IF((--B6)=-1,0,2)) -> 1 | Q6: 40 | R6: 2280400 | S6: 2013900 | T6: 653500 | U6: =SUM(D201:D259) -> 2737100 | V6: =COUNTA(A201:A259) -> 59 | W6: =SUM(M201:M259) -> 70 | X6: =ROUND(R6/$W6,-2) -> 32600 | Y6: =ROUND(S6/$W6,-2) -> 28800 | Z6: =ROUND(T6/$W6,-2) -> 9300 | AA6: 5 | AB6: =COUNTIFS(J:J,AA6) -> 3
A7: 180130 | B7: =(--INDEX(任务列表!A:B,MATCH(A7,任务列表!A:A,0),2)) -> 0 | D7: 1500 | E7: 1000 | F7: 0 | I7: =SUM($D$2:D7) -> 5250 | J7: =INDEX(人物升级经验表!A:A,MATCH(任务经验!I7,人物升级经验表!C:C,1)+1,1) -> 3 | K7: =I7-INDEX(人物升级经验表!C:C,MATCH(任务经验!I7,人物升级经验表!C:C,1),1) -> 450 | M7: =IF((--B7)=0,1,IF((--B7)=-1,0,2)) -> 1 | Q7: 50 | R7: 3878400 | S7: 3003900 | T7: 2233500 | W7: 65 | X7: =ROUND(R7/$W7,-2) -> 59700 | Y7: =ROUND(S7/$W7,-2) -> 46200 | Z7: =ROUND(T7/$W7,-2) -> 34400 | AA7: 6 | AB7: =COUNTIFS(J:J,AA7) -> 4
A8: 180131 | B8: =(--INDEX(任务列表!A:B,MATCH(A8,任务列表!A:A,0),2)) -> 0 | D8: 1500 | E8: 1000 | F8: 0 | I8: =SUM($D$2:D8) -> 6750 | J8: =INDEX(人物升级经验表!A:A,MATCH(任务经验!I8,人物升级经验表!C:C,1)+1,1) -> 3 | K8: =I8-INDEX(人物升级经验表!C:C,MATCH(任务经验!I8,人物升级经验表!C:C,1),1) -> 1950 | M8: =IF((--B8)=0,1,IF((--B8)=-1,0,2)) -> 1 | Q8: 60 | R8: 10224000 | S8: 4193900 | T8: 3323500 | W8: 65 | X8: =ROUND(R8/$W8,-2) -> 157300 | Y8: =ROUND(S8/$W8,-2) -> 64500 | Z8: =ROUND(T8/$W8,-2) -> 51100 | AA8: 7 | AB8: =COUNTIFS(J:J,AA8) -> 4
A9: 180132 | B9: =(--INDEX(任务列表!A:B,MATCH(A9,任务列表!A:A,0),2)) -> 0 | D9: 1500 | E9: 1000 | F9: 0 | I9: =SUM($D$2:D9) -> 8250 | J9: =INDEX(人物升级经验表!A:A,MATCH(任务经验!I9,人物升级经验表!C:C,1)+1,1) -> 3 | K9: =I9-INDEX(人物升级经验表!C:C,MATCH(任务经验!I9,人物升级经验表!C:C,1),1) -> 3450 | M9: =IF((--B9)=0,1,IF((--B9)=-1,0,2)) -> 1 | Q9: 70 | R9: 16411400 | S9: 5583900 | T9: 4613500 | W9: 65 | X9: =ROUND(R9/$W9,-2) -> 252500 | Y9: =ROUND(S9/$W9,-2) -> 85900 | Z9: =ROUND(T9/$W9,-2) -> 71000 | AA9: 8 | AB9: =COUNTIFS(J:J,AA9) -> 3
A10: 180133 | B10: =(--INDEX(任务列表!A:B,MATCH(A10,任务列表!A:A,0),2)) -> 0 | D10: 1600 | E10: 1330 | F10: 0 | G10: =VLOOKUP(VLOOKUP($J$10+4-1,宠物升级表!$A:$C,3,FALSE)+SUM($F$10:F10),宠物升级表!C:D,2,TRUE)+1 -> 8 | I10: =SUM($D$2:D10) -> 9850 | J10: =INDEX(人物升级经验表!A:A,MATCH(任务经验!I10,人物升级经验表!C:C,1)+1,1) -> 4 | K10: =I10-INDEX(人物升级经验表!C:C,MATCH(任务经验!I10,人物升级经验表!C:C,1),1) -> 250 | M10: =IF((--B10)=0,1,IF((--B10)=-1,0,2)) -> 1 | O10: =IF((G10-J10)>4,1,"") | AA10: 9 | AB10: =COUNTIFS(J:J,AA10) -> 4
A11: 180134 | B11: =(--INDEX(任务列表!A:B,MATCH(A11,任务列表!A:A,0),2)) -> 8502 | C11: 暗夜男 | D11: 3200 | E11: 1330 | F11: 1350 | G11: =VLOOKUP(VLOOKUP($J$10+4-1,宠物升级表!$A:$C,3,FALSE)+SUM($F$10:F11),宠物升级表!C:D,2,TRUE)+1 -> 8 | I11: =SUM($D$2:D11) -> 13050 | J11: =INDEX(人物升级经验表!A:A,MATCH(任务经验!I11,人物升级经验表!C:C,1)+1,1) -> 4 | K11: =I11-INDEX(人物升级经验表!C:C,MATCH(任务经验!I11,人物升级经验表!C:C,1),1) -> 3450 | L11: `+200 | M11: =IF((--B11)=0,1,IF((--B11)=-1,0,2)) -> 2 | O11: =IF((G11-J11)>4,1,"") | AA11: 10 | AB11: =COUNTIFS(J:J,AA11) -> 5
A12: 180135 | B12: =(--INDEX(任务列表!A:B,MATCH(A12,任务列表!A:A,0),2)) -> 0 | D12: 1600 | E12: 1330 | F12: 1350 | G12: =VLOOKUP(VLOOKUP($J$10+4-1,宠物升级表!$A:$C,3,FALSE)+SUM($F$10:F12),宠物升级表!C:D,2,TRUE)+1 -> 8 | I12: =SUM($D$2:D12) -> 14650 | J12: =INDEX(人物升级经验表!A:A,MATCH(任务经验!I12,人物升级经验表!C:C,1)+1,1) -> 4 | K12: =I12-INDEX(人物升级经验表!C:C,MATCH(任务经验!I12,人物升级经验表!C:C,1),1) -> 5050 | M12: =IF((--B12)=0,1,IF((--B12)=-1,0,2)) -> 1 | O12: =IF((G12-J12)>4,1,"") | AA12: 11 | AB12: =COUNTIFS(J:J,AA12) -> 5
A13: 180136 | B13: =(--INDEX(任务列表!A:B,MATCH(A13,任务列表!A:A,0),2)) -> 0 | D13: 2200 | E13: 1660 | F13: 1660 | G13: =VLOOKUP(VLOOKUP($J$10+4-1,宠物升级表!$A:$C,3,FALSE)+SUM($F$10:F13),宠物升级表!C:D,2,TRUE)+1 -> 9 | I13: =SUM($D$2:D13) -> 16850 | J13: =INDEX(人物升级经验表!A:A,MATCH(任务经验!I13,人物升级经验表!C:C,1)+1,1) -> 5 | K13: =I13-INDEX(人物升级经验表!C:C,MATCH(任务经验!I13,人物升级经验表!C:C,1),1) -> 850 | M13: =IF((--B12)=0,1,IF((--B12)=-1,0,2)) -> 1 | O13: =IF((G13-J13)>4,1,"") | AA13: 12 | AB13: =COUNTIFS(J:J,AA13) -> 6
A14: 180137 | B14: =(--INDEX(任务列表!A:B,MATCH(A14,任务列表!A:A,0),2)) -> 0 | D14: 2200 | E14: 1660 | F14: 1660 | G14: =VLOOKUP(VLOOKUP($J$10+4-1,宠物升级表!$A:$C,3,FALSE)+SUM($F$10:F14),宠物升级表!C:D,2,TRUE)+1 -> 9 | I14: =SUM($D$2:D14) -> 19050 | J14: =INDEX(人物升级经验表!A:A,MATCH(任务经验!I14,人物升级经验表!C:C,1)+1,1) -> 5 | K14: =I14-INDEX(人物升级经验表!C:C,MATCH(任务经验!I14,人物升级经验表!C:C,1),1) -> 3050 | M14: =IF((--B14)=0,1,IF((--B14)=-1,0,2)) -> 1 | O14: =IF((G14-J14)>4,1,"") | AA14: 13 | AB14: =COUNTIFS(J:J,AA14) -> 6
A15: 189901 | B15: =(--INDEX(任务列表!A:B,MATCH(A15,任务列表!A:A,0),2)) -> 0 | D15: 2400 | E15: 1660 | F15: 1660 | G15: =VLOOKUP(VLOOKUP($J$10+4-1,宠物升级表!$A:$C,3,FALSE)+SUM($F$10:F15),宠物升级表!C:D,2,TRUE)+1 -> 10 | I15: =SUM($D$2:D15) -> 21450 | J15: =INDEX(人物升级经验表!A:A,MATCH(任务经验!I15,人物升级经验表!C:C,1)+1,1) -> 5 | K15: =I15-INDEX(人物升级经验表!C:C,MATCH(任务经验!I15,人物升级经验表!C:C,1),1) -> 5450 | M15: =IF((--B15)=0,1,IF((--B15)=-1,0,2)) -> 1 | O15: =IF((G15-J15)>4,1,"") -> 1 | AA15: 14 | AB15: =COUNTIFS(J:J,AA15) -> 6
A16: 180138 | B16: =(--INDEX(任务列表!A:B,MATCH(A16,任务列表!A:A,0),2)) -> 8503 | C16: 天灾爪牙 | D16: 4800 | E16: 1500 | F16: 1500 | G16: =VLOOKUP(VLOOKUP($J$10+4-1,宠物升级表!$A:$C,3,FALSE)+SUM($F$10:F16),宠物升级表!C:D,2,TRUE)+1 -> 10 | I16: =SUM($D$2:D16) -> 26250 | J16: =INDEX(人物升级经验表!A:A,MATCH(任务经验!I16,人物升级经验表!C:C,1)+1,1) -> 6 | K16: =I16-INDEX(人物升级经验表!C:C,MATCH(任务经验!I16,人物升级经验表!C:C,1),1) -> 2250 | M16: =IF((--B16)=0,1,IF((--B16)=-1,0,2)) -> 2 | O16: =IF((G16-J16)>4,1,"") | AA16: 15 | AB16: =COUNTIFS(J:J,AA16) -> 5
A17: 180139 | B17: =(--INDEX(任务列表!A:B,MATCH(A17,任务列表!A:A,0),2)) -> 0 | D17: 2400 | E17: 1500 | F17: 1500 | G17: =VLOOKUP(VLOOKUP($J$10+4-1,宠物升级表!$A:$C,3,FALSE)+SUM($F$10:F17),宠物升级表!C:D,2,TRUE)+1 -> 10 | I17: =SUM($D$2:D17) -> 28650 | J17: =INDEX(人物升级经验表!A:A,MATCH(任务经验!I17,人物升级经验表!C:C,1)+1,1) -> 6 | K17: =I17-INDEX(人物升级经验表!C:C,MATCH(任务经验!I17,人物升级经验表!C:C,1),1) -> 4650 | M17: =IF((--B17)=0,1,IF((--B17)=-1,0,2)) -> 1 | O17: =IF((G17-J17)>4,1,"") | AA17: 16 | AB17: =COUNTIFS(J:J,AA17) -> 5
A18: 180140 | B18: =(--INDEX(任务列表!A:B,MATCH(A18,任务列表!A:A,0),2)) -> 0 | D18: 2400 | E18: 1500 | F18: 1500 | G18: =VLOOKUP(VLOOKUP($J$10+4-1,宠物升级表!$A:$C,3,FALSE)+SUM($F$10:F18),宠物升级表!C:D,2,TRUE)+1 -> 10 | I18: =SUM($D$2:D18) -> 31050 | J18: =INDEX(人物升级经验表!A:A,MATCH(任务经验!I18,人物升级经验表!C:C,1)+1,1) -> 6 | K18: =I18-INDEX(人物升级经验表!C:C,MATCH(任务经验!I18,人物升级经验表!C:C,1),1) -> 7050 | M18: =IF((--B18)=0,1,IF((--B18)=-1,0,2)) -> 1 | O18: =IF((G18-J18)>4,1,"") | AA18: 17 | AB18: =COUNTIFS(J:J,AA18) -> 7
A19: 180141 | B19: =(--INDEX(任务列表!A:B,MATCH(A19,任务列表!A:A,0),2)) -> 0 | D19: 2400 | E19: 1500 | F19: 1500 | G19: =VLOOKUP(VLOOKUP($J$10+4-1,宠物升级表!$A:$C,3,FALSE)+SUM($F$10:F19),宠物升级表!C:D,2,TRUE)+1 -> 11 | I19: =SUM($D$2:D19) -> 33450 | J19: =INDEX(人物升级经验表!A:A,MATCH(任务经验!I19,人物升级经验表!C:C,1)+1,1) -> 6 | K19: =I19-INDEX(人物升级经验表!C:C,MATCH(任务经验!I19,人物升级经验表!C:C,1),1) -> 9450 | L19: 升级！！ | M19: =IF((--B19)=0,1,IF((--B19)=-1,0,2)) -> 1 | O19: =IF((G19-J19)>4,1,"") -> 1 | AA19: 18 | AB19: =COUNTIFS(J:J,AA19) -> 6
A20: 180142 | B20: =(--INDEX(任务列表!A:B,MATCH(A20,任务列表!A:A,0),2)) -> 0 | D20: 2800 | E20: 1750 | F20: 1550 | G20: =VLOOKUP(VLOOKUP($J$10+4-1,宠物升级表!$A:$C,3,FALSE)+SUM($F$10:F20),宠物升级表!C:D,2,TRUE)+1 -> 11 | I20: =SUM($D$2:D20) -> 36250 | J20: =INDEX(人物升级经验表!A:A,MATCH(任务经验!I20,人物升级经验表!C:C,1)+1,1) -> 7 | K20: =I20-INDEX(人物升级经验表!C:C,MATCH(任务经验!I20,人物升级经验表!C:C,1),1) -> 2650 | M20: =IF((--B20)=0,1,IF((--B20)=-1,0,2)) -> 1 | O20: =IF((G20-J20)>4,1,"") | AA20: 19 | AB20: =COUNTIFS(J:J,AA20) -> 7
A21: 180143 | B21: =(--INDEX(任务列表!A:B,MATCH(A21,任务列表!A:A,0),2)) -> 0 | D21: 2800 | E21: 1750 | F21: 1550 | G21: =VLOOKUP(VLOOKUP($J$10+4-1,宠物升级表!$A:$C,3,FALSE)+SUM($F$10:F21),宠物升级表!C:D,2,TRUE)+1 -> 11 | I21: =SUM($D$2:D21) -> 39050 | J21: =INDEX(人物升级经验表!A:A,MATCH(任务经验!I21,人物升级经验表!C:C,1)+1,1) -> 7 | K21: =I21-INDEX(人物升级经验表!C:C,MATCH(任务经验!I21,人物升级经验表!C:C,1),1) -> 5450 | M21: =IF((--B21)=0,1,IF((--B21)=-1,0,2)) -> 1 | O21: =IF((G21-J21)>4,1,"") | AA21: 20 | AB21: =COUNTIFS(J:J,AA21) -> 6
A22: 180144 | B22: =(--INDEX(任务列表!A:B,MATCH(A22,任务列表!A:A,0),2)) -> 0 | D22: 2800 | E22: 1750 | F22: 1550 | G22: =VLOOKUP(VLOOKUP($J$10+4-1,宠物升级表!$A:$C,3,FALSE)+SUM($F$10:F22),宠物升级表!C:D,2,TRUE)+1 -> 11 | I22: =SUM($D$2:D22) -> 41850 | J22: =INDEX(人物升级经验表!A:A,MATCH(任务经验!I22,人物升级经验表!C:C,1)+1,1) -> 7 | K22: =I22-INDEX(人物升级经验表!C:C,MATCH(任务经验!I22,人物升级经验表!C:C,1),1) -> 8250 | M22: =IF((--B22)=0,1,IF((--B22)=-1,0,2)) -> 1 | O22: =IF((G22-J22)>4,1,"")
A23: 180145 | B23: =(--INDEX(任务列表!A:B,MATCH(A23,任务列表!A:A,0),2)) -> 0 | D23: 2800 | E23: 1750 | F23: 1550 | G23: =VLOOKUP(VLOOKUP($J$10+4-1,宠物升级表!$A:$C,3,FALSE)+SUM($F$10:F23),宠物升级表!C:D,2,TRUE)+1 -> 12 | I23: =SUM($D$2:D23) -> 44650 | J23: =INDEX(人物升级经验表!A:A,MATCH(任务经验!I23,人物升级经验表!C:C,1)+1,1) -> 7 | K23: =I23-INDEX(人物升级经验表!C:C,MATCH(任务经验!I23,人物升级经验表!C:C,1),1) -> 11050 | L23: 升级！！ | M23: =IF((--B22)=0,1,IF((--B22)=-1,0,2)) -> 1 | O23: =IF((G23-J23)>4,1,"") -> 1 | R23: 等级段 | S23: 经验 | T23: 银币 | U23: 宠物经验 | V23: 任务数量 | W23: 单任务经验 | X23: 银币分摊 | Y23: 宠物经验分摊
A24: 180146 | B24: =(--INDEX(任务列表!A:B,MATCH(A24,任务列表!A:A,0),2)) -> 0 | D24: 2800 | E24: 2000 | F24: 2110 | G24: =VLOOKUP(VLOOKUP($J$10+4-1,宠物升级表!$A:$C,3,FALSE)+SUM($F$10:F24),宠物升级表!C:D,2,TRUE)+1 -> 12 | I24: =SUM($D$2:D24) -> 47450 | J24: =INDEX(人物升级经验表!A:A,MATCH(任务经验!I24,人物升级经验表!C:C,1)+1,1) -> 8 | K24: =I24-INDEX(人物升级经验表!C:C,MATCH(任务经验!I24,人物升级经验表!C:C,1),1) -> 2650 | M24: =IF((--B24)=0,1,IF((--B24)=-1,0,2)) -> 1 | O24: =IF((G24-J24)>4,1,"") | R24: 1 | S24: 1600 | T24: 1000 | V24: 2 | W24: =S24/V24 -> 800 | X24: =T24/V24 -> 500
A25: 180147 | B25: =(--INDEX(任务列表!A:B,MATCH(A25,任务列表!A:A,0),2)) -> 8510 | C25: 魔狼沃根 | D25: 5400 | E25: 2000 | F25: 2110 | G25: =VLOOKUP(VLOOKUP($J$10+4-1,宠物升级表!$A:$C,3,FALSE)+SUM($F$10:F25),宠物升级表!C:D,2,TRUE)+1 -> 12 | I25: =SUM($D$2:D25) -> 52850 | J25: =INDEX(人物升级经验表!A:A,MATCH(任务经验!I25,人物升级经验表!C:C,1)+1,1) -> 8 | K25: =I25-INDEX(人物升级经验表!C:C,MATCH(任务经验!I25,人物升级经验表!C:C,1),1) -> 8050 | M25: =IF((--B25)=0,1,IF((--B25)=-1,0,2)) -> 2 | O25: =IF((G25-J25)>4,1,"") | R25: 2 | S25: 3200 | T25: 2000 | V25: 3 | W25: =S25/V25 -> 1066.6667 | X25: =T25/V25 -> 666.66667
A26: 180148 | B26: =(--INDEX(任务列表!A:B,MATCH(A26,任务列表!A:A,0),2)) -> 0 | D26: 2800 | E26: 2000 | F26: 2110 | G26: =VLOOKUP(VLOOKUP($J$10+4-1,宠物升级表!$A:$C,3,FALSE)+SUM($F$10:F26),宠物升级表!C:D,2,TRUE)+1 -> 13 | I26: =SUM($D$2:D26) -> 55650 | J26: =INDEX(人物升级经验表!A:A,MATCH(任务经验!I26,人物升级经验表!C:C,1)+1,1) -> 8 | K26: =I26-INDEX(人物升级经验表!C:C,MATCH(任务经验!I26,人物升级经验表!C:C,1),1) -> 10850 | M26: =IF((--B26)=0,1,IF((--B26)=-1,0,2)) -> 1 | O26: =IF((G26-J26)>4,1,"") -> 1 | R26: 3 | S26: 4800 | T26: 3000 | V26: 3 | W26: =S26/V26 -> 1600 | X26: =T26/V26 -> 1000
A27: 180149 | B27: =(--INDEX(任务列表!A:B,MATCH(A27,任务列表!A:A,0),2)) -> 8504 | C27: 大小姐 | D27: 5400 | E27: 2000 | F27: 2110 | G27: =VLOOKUP(VLOOKUP($J$10+4-1,宠物升级表!$A:$C,3,FALSE)+SUM($F$10:F27),宠物升级表!C:D,2,TRUE)+1 -> 13 | I27: =SUM($D$2:D27) -> 61050 | J27: =INDEX(人物升级经验表!A:A,MATCH(任务经验!I27,人物升级经验表!C:C,1)+1,1) -> 9 | K27: =I27-INDEX(人物升级经验表!C:C,MATCH(任务经验!I27,人物升级经验表!C:C,1),1) -> 3450 | M27: =IF((--B27)=0,1,IF((--B27)=-1,0,2)) -> 2 | O27: =IF((G27-J27)>4,1,"") | R27: 4 | S27: 6400 | T27: 4000 | U27: 4070 | V27: 3 | W27: =S27/V27 -> 2133.3333 | X27: =T27/V27 -> 1333.3333 | Y27: =U27/V27 -> 1356.6667
A28: 180150 | B28: =(--INDEX(任务列表!A:B,MATCH(A28,任务列表!A:A,0),2)) -> 0 | D28: 2800 | E28: 2250 | F28: 1600 | G28: =VLOOKUP(VLOOKUP($J$10+4-1,宠物升级表!$A:$C,3,FALSE)+SUM($F$10:F28),宠物升级表!C:D,2,TRUE)+1 -> 13 | I28: =SUM($D$2:D28) -> 63850 | J28: =INDEX(人物升级经验表!A:A,MATCH(任务经验!I28,人物升级经验表!C:C,1)+1,1) -> 9 | K28: =I28-INDEX(人物升级经验表!C:C,MATCH(任务经验!I28,人物升级经验表!C:C,1),1) -> 6250 | M28: =IF((--B28)=0,1,IF((--B28)=-1,0,2)) -> 1 | O28: =IF((G28-J28)>4,1,"") | R28: 5 | S28: 8000 | T28: 5000 | U28: 5020 | V28: 3 | W28: =S28/V28 -> 2666.6667 | X28: =T28/V28 -> 1666.6667 | Y28: =U28/V28 -> 1673.3333
A29: 180151 | B29: =(--INDEX(任务列表!A:B,MATCH(A29,任务列表!A:A,0),2)) -> 0 | D29: 2800 | E29: 2250 | F29: 1600 | G29: =VLOOKUP(VLOOKUP($J$10+4-1,宠物升级表!$A:$C,3,FALSE)+SUM($F$10:F29),宠物升级表!C:D,2,TRUE)+1 -> 13 | I29: =SUM($D$2:D29) -> 66650 | J29: =INDEX(人物升级经验表!A:A,MATCH(任务经验!I29,人物升级经验表!C:C,1)+1,1) -> 9 | K29: =I29-INDEX(人物升级经验表!C:C,MATCH(任务经验!I29,人物升级经验表!C:C,1),1) -> 9050 | M29: =IF((--B29)=0,1,IF((--B29)=-1,0,2)) -> 1 | O29: =IF((G29-J29)>4,1,"") | R29: 6 | S29: 9600 | T29: 6000 | U29: 6070 | V29: 4 | W29: =S29/V29 -> 2400 | X29: =T29/V29 -> 1500 | Y29: =U29/V29 -> 1517.5
A30: 180152 | B30: =(--INDEX(任务列表!A:B,MATCH(A30,任务列表!A:A,0),2)) -> 0 | D30: 2800 | E30: 2250 | F30: 1600 | G30: =VLOOKUP(VLOOKUP($J$10+4-1,宠物升级表!$A:$C,3,FALSE)+SUM($F$10:F30),宠物升级表!C:D,2,TRUE)+1 -> 13 | I30: =SUM($D$2:D30) -> 69450 | J30: =INDEX(人物升级经验表!A:A,MATCH(任务经验!I30,人物升级经验表!C:C,1)+1,1) -> 9 | K30: =I30-INDEX(人物升级经验表!C:C,MATCH(任务经验!I30,人物升级经验表!C:C,1),1) -> 11850 | M30: =IF((--B20)=0,1,IF((--B20)=-1,0,2)) -> 1 | O30: =IF((G30-J30)>4,1,"") | R30: 7 | S30: 11200 | T30: 7000 | U30: 7220 | V30: 4 | W30: =S30/V30 -> 2800 | X30: =T30/V30 -> 1750 | Y30: =U30/V30 -> 1805
A31: 180153 | B31: =(--INDEX(任务列表!A:B,MATCH(A31,任务列表!A:A,0),2)) -> 0 | D31: 2800 | E31: 2250 | F31: 1600 | G31: =VLOOKUP(VLOOKUP($J$10+4-1,宠物升级表!$A:$C,3,FALSE)+SUM($F$10:F31),宠物升级表!C:D,2,TRUE)+1 -> 14 | I31: =SUM($D$2:D31) -> 72250 | J31: =INDEX(人物升级经验表!A:A,MATCH(任务经验!I31,人物升级经验表!C:C,1)+1,1) -> 10 | K31: =I31-INDEX(人物升级经验表!C:C,MATCH(任务经验!I31,人物升级经验表!C:C,1),1) -> 250 | M31: =IF((--B21)=0,1,IF((--B21)=-1,0,2)) -> 1 | O31: =IF((G31-J31)>4,1,"") | R31: 8 | S31: 12800 | T31: 8000 | U31: 8470 | V31: 4 | W31: =S31/V31 -> 3200 | X31: =T31/V31 -> 2000 | Y31: =U31/V31 -> 2117.5
A32: 180154 | B32: =(--INDEX(任务列表!A:B,MATCH(A32,任务列表!A:A,0),2)) -> 0 | D32: 2950 | E32: 2500 | F32: 2260 | G32: =VLOOKUP(VLOOKUP($J$10+4-1,宠物升级表!$A:$C,3,FALSE)+SUM($F$10:F32),宠物升级表!C:D,2,TRUE)+1 -> 14 | I32: =SUM($D$2:D32) -> 75200 | J32: =INDEX(人物升级经验表!A:A,MATCH(任务经验!I32,人物升级经验表!C:C,1)+1,1) -> 10 | K32: =I32-INDEX(人物升级经验表!C:C,MATCH(任务经验!I32,人物升级经验表!C:C,1),1) -> 3200 | M32: =IF((--B22)=0,1,IF((--B22)=-1,0,2)) -> 1 | O32: =IF((G32-J32)>4,1,"") | R32: 9 | S32: 14400 | T32: 9000 | U32: 9820 | V32: 4 | W32: =S32/V32 -> 3600 | X32: =T32/V32 -> 2250 | Y32: =U32/V32 -> 2455
A33: 180155 | B33: =(--INDEX(任务列表!A:B,MATCH(A33,任务列表!A:A,0),2)) -> 0 | D33: 2950 | E33: 2500 | F33: 2260 | G33: =VLOOKUP(VLOOKUP($J$10+4-1,宠物升级表!$A:$C,3,FALSE)+SUM($F$10:F33),宠物升级表!C:D,2,TRUE)+1 -> 14 | I33: =SUM($D$2:D33) -> 78150 | J33: =INDEX(人物升级经验表!A:A,MATCH(任务经验!I33,人物升级经验表!C:C,1)+1,1) -> 10 | K33: =I33-INDEX(人物升级经验表!C:C,MATCH(任务经验!I33,人物升级经验表!C:C,1),1) -> 6150 | M33: =IF((--B22)=0,1,IF((--B22)=-1,0,2)) -> 1 | O33: =IF((G33-J33)>4,1,"") | R33: 10 | S33: 16000 | T33: 10000 | U33: 11270 | V33: 4 | W33: =S33/V33 -> 4000 | X33: =T33/V33 -> 2500 | Y33: =U33/V33 -> 2817.5
A34: 180156 | B34: =(--INDEX(任务列表!A:B,MATCH(A34,任务列表!A:A,0),2)) -> 0 | D34: 2950 | E34: 2500 | F34: 2260 | G34: =VLOOKUP(VLOOKUP($J$10+4-1,宠物升级表!$A:$C,3,FALSE)+SUM($F$10:F34),宠物升级表!C:D,2,TRUE)+1 -> 14 | I34: =SUM($D$2:D34) -> 81100 | J34: =INDEX(人物升级经验表!A:A,MATCH(任务经验!I34,人物升级经验表!C:C,1)+1,1) -> 10 | K34: =I34-INDEX(人物升级经验表!C:C,MATCH(任务经验!I34,人物升级经验表!C:C,1),1) -> 9100 | M34: =IF((--B24)=0,1,IF((--B24)=-1,0,2)) -> 1 | O34: =IF((G34-J34)>4,1,"") | T34: =SUM(V24:V33) -> 34
A35: 180157 | B35: =(--INDEX(任务列表!A:B,MATCH(A35,任务列表!A:A,0),2)) -> 8505 | C35: 耐奥祖 | D35: 6000 | E35: 2500 | F35: 2800 | G35: =VLOOKUP(VLOOKUP($J$10+4-1,宠物升级表!$A:$C,3,FALSE)+SUM($F$10:F35),宠物升级表!C:D,2,TRUE)+1 -> 15 | H35: 10 | I35: =SUM($D$2:D35) -> 87100 | J35: =INDEX(人物升级经验表!A:A,MATCH(任务经验!I35,人物升级经验表!C:C,1)+1,1) -> 10 | K35: =I35-INDEX(人物升级经验表!C:C,MATCH(任务经验!I35,人物升级经验表!C:C,1),1) -> 15100 | M35: =IF((--B25)=0,1,IF((--B25)=-1,0,2)) -> 2 | O35: =IF((G35-J35)>4,1,"") -> 1
A36: 180158 | B36: =(--INDEX(任务列表!A:B,MATCH(A36,任务列表!A:A,0),2)) -> 0 | D36: 3200 | E36: 2200 | F36: 2200 | G36: =VLOOKUP(VLOOKUP($J$10+4-1,宠物升级表!$A:$C,3,FALSE)+SUM($F$10:F36),宠物升级表!C:D,2,TRUE)+1 -> 15 | I36: =SUM($D$2:D36) -> 90300 | J36: =INDEX(人物升级经验表!A:A,MATCH(任务经验!I36,人物升级经验表!C:C,1)+1,1) -> 11 | K36: =I36-INDEX(人物升级经验表!C:C,MATCH(任务经验!I36,人物升级经验表!C:C,1),1) -> 2300 | M36: =IF((--B26)=0,1,IF((--B26)=-1,0,2)) -> 1 | O36: =IF((G36-J36)>4,1,"")
A37: 180159 | B37: =(--INDEX(任务列表!A:B,MATCH(A37,任务列表!A:A,0),2)) -> 0 | D37: 3200 | E37: 2200 | F37: 2200 | G37: =VLOOKUP(VLOOKUP($J$10+4-1,宠物升级表!$A:$C,3,FALSE)+SUM($F$10:F37),宠物升级表!C:D,2,TRUE)+1 -> 15 | I37: =SUM($D$2:D37) -> 93500 | J37: =INDEX(人物升级经验表!A:A,MATCH(任务经验!I37,人物升级经验表!C:C,1)+1,1) -> 11 | K37: =I37-INDEX(人物升级经验表!C:C,MATCH(任务经验!I37,人物升级经验表!C:C,1),1) -> 5500 | M37: =IF((--B27)=0,1,IF((--B27)=-1,0,2)) -> 2 | O37: =IF((G37-J37)>4,1,"") | R37: 等级段 | S37: 经验 | T37: 银币 | U37: 宠物经验 | V37: 任务数量 | W37: 单任务经验 | X37: 银币分摊 | Y37: 宠物经验分摊
A38: 180160 | B38: =(--INDEX(任务列表!A:B,MATCH(A38,任务列表!A:A,0),2)) -> 0 | D38: 3200 | E38: 2200 | F38: 2200 | G38: =VLOOKUP(VLOOKUP($J$10+4-1,宠物升级表!$A:$C,3,FALSE)+SUM($F$10:F38),宠物升级表!C:D,2,TRUE)+1 -> 15 | I38: =SUM($D$2:D38) -> 96700 | J38: =INDEX(人物升级经验表!A:A,MATCH(任务经验!I38,人物升级经验表!C:C,1)+1,1) -> 11 | K38: =I38-INDEX(人物升级经验表!C:C,MATCH(任务经验!I38,人物升级经验表!C:C,1),1) -> 8700 | M38: =IF((--B28)=0,1,IF((--B28)=-1,0,2)) -> 1 | O38: =IF((G38-J38)>4,1,"") | R38: 11 | S38: 17600 | T38: 11000 | U38: 12820 | V38: 5 | W38: =S38/V38 -> 3520 | X38: =T38/V38 -> 2200 | Y38: =U38/V38 -> 2564
A39: 180161 | B39: =(--INDEX(任务列表!A:B,MATCH(A39,任务列表!A:A,0),2)) -> 0 | D39: 3200 | E39: 2200 | F39: 2200 | G39: =VLOOKUP(VLOOKUP($J$10+4-1,宠物升级表!$A:$C,3,FALSE)+SUM($F$10:F39),宠物升级表!C:D,2,TRUE)+1 -> 15 | I39: =SUM($D$2:D39) -> 99900 | J39: =INDEX(人物升级经验表!A:A,MATCH(任务经验!I39,人物升级经验表!C:C,1)+1,1) -> 11 | K39: =I39-INDEX(人物升级经验表!C:C,MATCH(任务经验!I39,人物升级经验表!C:C,1),1) -> 11900 | M39: =IF((--B29)=0,1,IF((--B29)=-1,0,2)) -> 1 | O39: =IF((G39-J39)>4,1,"") | R39: 12 | S39: 19200 | T39: 12000 | U39: 14470 | V39: 5 | W39: =S39/V39 -> 3840 | X39: =T39/V39 -> 2400 | Y39: =U39/V39 -> 2894
A40: 180106 | B40: =(--INDEX(任务列表!A:B,MATCH(A40,任务列表!A:A,0),2)) -> 0 | D40: 3200 | E40: 2200 | F40: 2200 | G40: =VLOOKUP(VLOOKUP($J$10+4-1,宠物升级表!$A:$C,3,FALSE)+SUM($F$10:F40),宠物升级表!C:D,2,TRUE)+1 -> 16 | I40: =SUM($D$2:D40) -> 103100 | J40: =INDEX(人物升级经验表!A:A,MATCH(任务经验!I40,人物升级经验表!C:C,1)+1,1) -> 11 | K40: =I40-INDEX(人物升级经验表!C:C,MATCH(任务经验!I40,人物升级经验表!C:C,1),1) -> 15100 | M40: =IF((--B40)=0,1,IF((--B40)=-1,0,2)) -> 1 | O40: =IF((G40-J40)>4,1,"") -> 1 | R40: 13 | S40: 20800 | T40: 13000 | U40: 16220 | V40: 5 | W40: =S40/V40 -> 4160 | X40: =T40/V40 -> 2600 | Y40: =U40/V40 -> 3244
A41: 180107 | B41: =(--INDEX(任务列表!A:B,MATCH(A41,任务列表!A:A,0),2)) -> 0 | D41: 3300 | E41: 2400 | F41: 2400 | G41: =VLOOKUP(VLOOKUP($J$10+4-1,宠物升级表!$A:$C,3,FALSE)+SUM($F$10:F41),宠物升级表!C:D,2,TRUE)+1 -> 16 | I41: =SUM($D$2:D41) -> 106400 | J41: =INDEX(人物升级经验表!A:A,MATCH(任务经验!I41,人物升级经验表!C:C,1)+1,1) -> 12 | K41: =I41-INDEX(人物升级经验表!C:C,MATCH(任务经验!I41,人物升级经验表!C:C,1),1) -> 800 | M41: =IF((--B41)=0,1,IF((--B41)=-1,0,2)) -> 1 | O41: =IF((G41-J41)>4,1,"") | R41: 14 | S41: 22400 | T41: 14000 | U41: 18070 | V41: 5 | W41: =S41/V41 -> 4480 | X41: =T41/V41 -> 2800 | Y41: =U41/V41 -> 3614
A42: 180108 | B42: =(--INDEX(任务列表!A:B,MATCH(A42,任务列表!A:A,0),2)) -> 0 | D42: 3300 | E42: 2400 | F42: 2400 | G42: =VLOOKUP(VLOOKUP($J$10+4-1,宠物升级表!$A:$C,3,FALSE)+SUM($F$10:F42),宠物升级表!C:D,2,TRUE)+1 -> 16 | I42: =SUM($D$2:D42) -> 109700 | J42: =INDEX(人物升级经验表!A:A,MATCH(任务经验!I42,人物升级经验表!C:C,1)+1,1) -> 12 | K42: =I42-INDEX(人物升级经验表!C:C,MATCH(任务经验!I42,人物升级经验表!C:C,1),1) -> 4100 | M42: =IF((--B42)=0,1,IF((--B42)=-1,0,2)) -> 1 | O42: =IF((G42-J42)>4,1,"") | R42: 15 | S42: 24000 | T42: 15000 | U42: 20020 | V42: 6 | W42: =S42/V42 -> 4000 | X42: =T42/V42 -> 2500 | Y42: =U42/V42 -> 3336.6667
A43: 189902 | B43: =(--INDEX(任务列表!A:B,MATCH(A43,任务列表!A:A,0),2)) -> 0 | D43: 3300 | E43: 2400 | F43: 2400 | G43: =VLOOKUP(VLOOKUP($J$10+4-1,宠物升级表!$A:$C,3,FALSE)+SUM($F$10:F43),宠物升级表!C:D,2,TRUE)+1 -> 16 | I43: =SUM($D$2:D43) -> 113000 | J43: =INDEX(人物升级经验表!A:A,MATCH(任务经验!I43,人物升级经验表!C:C,1)+1,1) -> 12 | K43: =I43-INDEX(人物升级经验表!C:C,MATCH(任务经验!I43,人物升级经验表!C:C,1),1) -> 7400 | M43: =IF((--B42)=0,1,IF((--B42)=-1,0,2)) -> 1 | O43: =IF((G43-J43)>4,1,"") | R43: 16 | S43: 25600 | T43: 16000 | U43: 22070 | V43: 6 | W43: =S43/V43 -> 4266.6667 | X43: =T43/V43 -> 2666.6667 | Y43: =U43/V43 -> 3678.3333
A44: 180162 | B44: =(--INDEX(任务列表!A:B,MATCH(A44,任务列表!A:A,0),2)) -> 0 | D44: 3300 | E44: 2400 | F44: 2400 | G44: =VLOOKUP(VLOOKUP($J$10+4-1,宠物升级表!$A:$C,3,FALSE)+SUM($F$10:F44),宠物升级表!C:D,2,TRUE)+1 -> 16 | I44: =SUM($D$2:D44) -> 116300 | J44: =INDEX(人物升级经验表!A:A,MATCH(任务经验!I44,人物升级经验表!C:C,1)+1,1) -> 12 | K44: =I44-INDEX(人物升级经验表!C:C,MATCH(任务经验!I44,人物升级经验表!C:C,1),1) -> 10700 | M44: =IF((--B44)=0,1,IF((--B44)=-1,0,2)) -> 1 | O44: =IF((G44-J44)>4,1,"") | R44: 17 | S44: 27200 | T44: 17000 | U44: 24220 | V44: 6 | W44: =S44/V44 -> 4533.3333 | X44: =T44/V44 -> 2833.3333 | Y44: =U44/V44 -> 4036.6667
A45: 180163 | B45: =(--INDEX(任务列表!A:B,MATCH(A45,任务列表!A:A,0),2)) -> 0 | D45: 3300 | E45: 2400 | F45: 2400 | G45: =VLOOKUP(VLOOKUP($J$10+4-1,宠物升级表!$A:$C,3,FALSE)+SUM($F$10:F45),宠物升级表!C:D,2,TRUE)+1 -> 16 | I45: =SUM($D$2:D45) -> 119600 | J45: =INDEX(人物升级经验表!A:A,MATCH(任务经验!I45,人物升级经验表!C:C,1)+1,1) -> 12 | K45: =I45-INDEX(人物升级经验表!C:C,MATCH(任务经验!I45,人物升级经验表!C:C,1),1) -> 14000 | L45: 宠升级！！ | M45: =IF((--B45)=0,1,IF((--B45)=-1,0,2)) -> 1 | O45: =IF((G45-J45)>4,1,"") | R45: 18 | S45: 28800 | T45: 18000 | U45: 26470 | V45: 7 | W45: =S45/V45 -> 4114.2857 | X45: =T45/V45 -> 2571.4286 | Y45: =U45/V45 -> 3781.4286
A46: 180164 | B46: =(--INDEX(任务列表!A:B,MATCH(A46,任务列表!A:A,0),2)) -> 0 | D46: 3400 | E46: 2600 | F46: 2400 | G46: =VLOOKUP(VLOOKUP($J$10+4-1,宠物升级表!$A:$C,3,FALSE)+SUM($F$10:F46),宠物升级表!C:D,2,TRUE)+1 -> 17 | I46: =SUM($D$2:D46) -> 123000 | J46: =INDEX(人物升级经验表!A:A,MATCH(任务经验!I46,人物升级经验表!C:C,1)+1,1) -> 12 | K46: =I46-INDEX(人物升级经验表!C:C,MATCH(任务经验!I46,人物升级经验表!C:C,1),1) -> 17400 | M46: =IF((--B46)=0,1,IF((--B46)=-1,0,2)) -> 1 | O46: =IF((G46-J46)>4,1,"") -> 1 | R46: 19 | S46: 30400 | T46: 19000 | U46: 28820 | V46: 7 | W46: =S46/V46 -> 4342.8571 | X46: =T46/V46 -> 2714.2857 | Y46: =U46/V46 -> 4117.1429
A47: 180165 | B47: =(--INDEX(任务列表!A:B,MATCH(A47,任务列表!A:A,0),2)) -> 0 | D47: 3400 | E47: 2600 | F47: 2400 | G47: =VLOOKUP(VLOOKUP($J$10+4-1,宠物升级表!$A:$C,3,FALSE)+SUM($F$10:F47),宠物升级表!C:D,2,TRUE)+1 -> 17 | I47: =SUM($D$2:D47) -> 126400 | J47: =INDEX(人物升级经验表!A:A,MATCH(任务经验!I47,人物升级经验表!C:C,1)+1,1) -> 13 | K47: =I47-INDEX(人物升级经验表!C:C,MATCH(任务经验!I47,人物升级经验表!C:C,1),1) -> 1600 | M47: =IF((--B47)=0,1,IF((--B47)=-1,0,2)) -> 1 | O47: =IF((G47-J47)>4,1,"")
A48: 180166 | B48: =(--INDEX(任务列表!A:B,MATCH(A48,任务列表!A:A,0),2)) -> 0 | D48: 3400 | E48: 2600 | F48: 2400 | G48: =VLOOKUP(VLOOKUP($J$10+4-1,宠物升级表!$A:$C,3,FALSE)+SUM($F$10:F48),宠物升级表!C:D,2,TRUE)+1 -> 17 | I48: =SUM($D$2:D48) -> 129800 | J48: =INDEX(人物升级经验表!A:A,MATCH(任务经验!I48,人物升级经验表!C:C,1)+1,1) -> 13 | K48: =I48-INDEX(人物升级经验表!C:C,MATCH(任务经验!I48,人物升级经验表!C:C,1),1) -> 5000 | M48: =IF((--B48)=0,1,IF((--B48)=-1,0,2)) -> 1 | O48: =IF((G48-J48)>4,1,"")
A49: 180167 | B49: =(--INDEX(任务列表!A:B,MATCH(A49,任务列表!A:A,0),2)) -> 0 | D49: 3400 | E49: 2600 | F49: 2400 | G49: =VLOOKUP(VLOOKUP($J$10+4-1,宠物升级表!$A:$C,3,FALSE)+SUM($F$10:F49),宠物升级表!C:D,2,TRUE)+1 -> 17 | I49: =SUM($D$2:D49) -> 133200 | J49: =INDEX(人物升级经验表!A:A,MATCH(任务经验!I49,人物升级经验表!C:C,1)+1,1) -> 13 | K49: =I49-INDEX(人物升级经验表!C:C,MATCH(任务经验!I49,人物升级经验表!C:C,1),1) -> 8400 | M49: =IF((--B49)=0,1,IF((--B49)=-1,0,2)) -> 1 | O49: =IF((G49-J49)>4,1,"")
A50: 180168 | B50: =(--INDEX(任务列表!A:B,MATCH(A50,任务列表!A:A,0),2)) -> 0 | D50: 3400 | E50: 2600 | F50: 2400 | G50: =VLOOKUP(VLOOKUP($J$10+4-1,宠物升级表!$A:$C,3,FALSE)+SUM($F$10:F50),宠物升级表!C:D,2,TRUE)+1 -> 17 | I50: =SUM($D$2:D50) -> 136600 | J50: =INDEX(人物升级经验表!A:A,MATCH(任务经验!I50,人物升级经验表!C:C,1)+1,1) -> 13 | K50: =I50-INDEX(人物升级经验表!C:C,MATCH(任务经验!I50,人物升级经验表!C:C,1),1) -> 11800 | M50: =IF((--B50)=0,1,IF((--B50)=-1,0,2)) -> 1 | O50: =IF((G50-J50)>4,1,"")
A51: 180169 | B51: =(--INDEX(任务列表!A:B,MATCH(A51,任务列表!A:A,0),2)) -> 0 | D51: 3550 | E51: 2800 | F51: 2800 | G51: =VLOOKUP(VLOOKUP($J$10+4-1,宠物升级表!$A:$C,3,FALSE)+SUM($F$10:F51),宠物升级表!C:D,2,TRUE)+1 -> 17 | I51: =SUM($D$2:D51) -> 140150 | J51: =INDEX(人物升级经验表!A:A,MATCH(任务经验!I51,人物升级经验表!C:C,1)+1,1) -> 13 | K51: =I51-INDEX(人物升级经验表!C:C,MATCH(任务经验!I51,人物升级经验表!C:C,1),1) -> 15350 | M51: =IF((--B51)=0,1,IF((--B51)=-1,0,2)) -> 1 | O51: =IF((G51-J51)>4,1,"")
A52: 180170 | B52: =(--INDEX(任务列表!A:B,MATCH(A52,任务列表!A:A,0),2)) -> 0 | D52: 3550 | E52: 2800 | F52: 2800 | G52: =VLOOKUP(VLOOKUP($J$10+4-1,宠物升级表!$A:$C,3,FALSE)+SUM($F$10:F52),宠物升级表!C:D,2,TRUE)+1 -> 18 | I52: =SUM($D$2:D52) -> 143700 | J52: =INDEX(人物升级经验表!A:A,MATCH(任务经验!I52,人物升级经验表!C:C,1)+1,1) -> 13 | K52: =I52-INDEX(人物升级经验表!C:C,MATCH(任务经验!I52,人物升级经验表!C:C,1),1) -> 18900 | M52: =IF((--B52)=0,1,IF((--B52)=-1,0,2)) -> 1 | O52: =IF((G52-J52)>4,1,"") -> 1
A53: 180171 | B53: =(--INDEX(任务列表!A:B,MATCH(A53,任务列表!A:A,0),2)) -> 0 | D53: 3550 | E53: 2800 | F53: 2800 | G53: =VLOOKUP(VLOOKUP($J$10+4-1,宠物升级表!$A:$C,3,FALSE)+SUM($F$10:F53),宠物升级表!C:D,2,TRUE)+1 -> 18 | I53: =SUM($D$2:D53) -> 147250 | J53: =INDEX(人物升级经验表!A:A,MATCH(任务经验!I53,人物升级经验表!C:C,1)+1,1) -> 14 | K53: =I53-INDEX(人物升级经验表!C:C,MATCH(任务经验!I53,人物升级经验表!C:C,1),1) -> 1650 | M53: =IF((--B53)=0,1,IF((--B53)=-1,0,2)) -> 1 | O53: =IF((G53-J53)>4,1,"")
A54: 180172 | B54: =(--INDEX(任务列表!A:B,MATCH(A54,任务列表!A:A,0),2)) -> 0 | D54: 3550 | E54: 2800 | F54: 2800 | G54: =VLOOKUP(VLOOKUP($J$10+4-1,宠物升级表!$A:$C,3,FALSE)+SUM($F$10:F54),宠物升级表!C:D,2,TRUE)+1 -> 18 | I54: =SUM($D$2:D54) -> 150800 | J54: =INDEX(人物升级经验表!A:A,MATCH(任务经验!I54,人物升级经验表!C:C,1)+1,1) -> 14 | K54: =I54-INDEX(人物升级经验表!C:C,MATCH(任务经验!I54,人物升级经验表!C:C,1),1) -> 5200 | M54: =IF((--B54)=0,1,IF((--B54)=-1,0,2)) -> 1 | O54: =IF((G54-J54)>4,1,"")
A55: 180173 | B55: =(--INDEX(任务列表!A:B,MATCH(A55,任务列表!A:A,0),2)) -> 0 | D55: 3550 | E55: 2800 | F55: 2800 | G55: =VLOOKUP(VLOOKUP($J$10+4-1,宠物升级表!$A:$C,3,FALSE)+SUM($F$10:F55),宠物升级表!C:D,2,TRUE)+1 -> 18 | I55: =SUM($D$2:D55) -> 154350 | J55: =INDEX(人物升级经验表!A:A,MATCH(任务经验!I55,人物升级经验表!C:C,1)+1,1) -> 14 | K55: =I55-INDEX(人物升级经验表!C:C,MATCH(任务经验!I55,人物升级经验表!C:C,1),1) -> 8750 | M55: =IF((--B55)=0,1,IF((--B55)=-1,0,2)) -> 1 | O55: =IF((G55-J55)>4,1,"")
A56: 180174 | B56: =(--INDEX(任务列表!A:B,MATCH(A56,任务列表!A:A,0),2)) -> 0 | D56: 3600 | E56: 2500 | F56: 2500 | G56: =VLOOKUP(VLOOKUP($J$10+4-1,宠物升级表!$A:$C,3,FALSE)+SUM($F$10:F56),宠物升级表!C:D,2,TRUE)+1 -> 18 | I56: =SUM($D$2:D56) -> 157950 | J56: =INDEX(人物升级经验表!A:A,MATCH(任务经验!I56,人物升级经验表!C:C,1)+1,1) -> 14 | K56: =I56-INDEX(人物升级经验表!C:C,MATCH(任务经验!I56,人物升级经验表!C:C,1),1) -> 12350 | M56: =IF((--B56)=0,1,IF((--B56)=-1,0,2)) -> 1 | O56: =IF((G56-J56)>4,1,"")
A57: 180175 | B57: =(--INDEX(任务列表!A:B,MATCH(A57,任务列表!A:A,0),2)) -> 0 | D57: 3600 | E57: 2500 | F57: 2500 | G57: =VLOOKUP(VLOOKUP($J$10+4-1,宠物升级表!$A:$C,3,FALSE)+SUM($F$10:F57),宠物升级表!C:D,2,TRUE)+1 -> 18 | I57: =SUM($D$2:D57) -> 161550 | J57: =INDEX(人物升级经验表!A:A,MATCH(任务经验!I57,人物升级经验表!C:C,1)+1,1) -> 14 | K57: =I57-INDEX(人物升级经验表!C:C,MATCH(任务经验!I57,人物升级经验表!C:C,1),1) -> 15950 | M57: =IF((--B57)=0,1,IF((--B57)=-1,0,2)) -> 1 | O57: =IF((G57-J57)>4,1,"")
A58: 180176 | B58: =(--INDEX(任务列表!A:B,MATCH(A58,任务列表!A:A,0),2)) -> 0 | D58: 3600 | E58: 2500 | F58: 2500 | G58: =VLOOKUP(VLOOKUP($J$10+4-1,宠物升级表!$A:$C,3,FALSE)+SUM($F$10:F58),宠物升级表!C:D,2,TRUE)+1 -> 19 | I58: =SUM($D$2:D58) -> 165150 | J58: =INDEX(人物升级经验表!A:A,MATCH(任务经验!I58,人物升级经验表!C:C,1)+1,1) -> 14 | K58: =I58-INDEX(人物升级经验表!C:C,MATCH(任务经验!I58,人物升级经验表!C:C,1),1) -> 19550 | M58: =IF((--B58)=0,1,IF((--B58)=-1,0,2)) -> 1 | O58: =IF((G58-J58)>4,1,"") -> 1
A59: 180177 | B59: =(--INDEX(任务列表!A:B,MATCH(A59,任务列表!A:A,0),2)) -> 8506 | C59: 阿里斯塔 | D59: 7200 | E59: 2500 | F59: 2500 | G59: =VLOOKUP(VLOOKUP($J$10+4-1,宠物升级表!$A:$C,3,FALSE)+SUM($F$10:F59),宠物升级表!C:D,2,TRUE)+1 -> 19 | I59: =SUM($D$2:D59) -> 172350 | J59: =INDEX(人物升级经验表!A:A,MATCH(任务经验!I59,人物升级经验表!C:C,1)+1,1) -> 15 | K59: =I59-INDEX(人物升级经验表!C:C,MATCH(任务经验!I59,人物升级经验表!C:C,1),1) -> 4350 | M59: =IF((--B59)=0,1,IF((--B59)=-1,0,2)) -> 2 | O59: =IF((G59-J59)>4,1,"")
A60: 180178 | B60: =(--INDEX(任务列表!A:B,MATCH(A60,任务列表!A:A,0),2)) -> 0 | D60: 3600 | E60: 2500 | F60: 2500 | G60: =VLOOKUP(VLOOKUP($J$10+4-1,宠物升级表!$A:$C,3,FALSE)+SUM($F$10:F60),宠物升级表!C:D,2,TRUE)+1 -> 19 | I60: =SUM($D$2:D60) -> 175950 | J60: =INDEX(人物升级经验表!A:A,MATCH(任务经验!I60,人物升级经验表!C:C,1)+1,1) -> 15 | K60: =I60-INDEX(人物升级经验表!C:C,MATCH(任务经验!I60,人物升级经验表!C:C,1),1) -> 7950 | M60: =IF((--B60)=0,1,IF((--B60)=-1,0,2)) -> 1 | O60: =IF((G60-J60)>4,1,"")
A61: 180179 | B61: =(--INDEX(任务列表!A:B,MATCH(A61,任务列表!A:A,0),2)) -> 0 | D61: 3600 | E61: 2500 | F61: 2500 | G61: =VLOOKUP(VLOOKUP($J$10+4-1,宠物升级表!$A:$C,3,FALSE)+SUM($F$10:F61),宠物升级表!C:D,2,TRUE)+1 -> 19 | I61: =SUM($D$2:D61) -> 179550 | J61: =INDEX(人物升级经验表!A:A,MATCH(任务经验!I61,人物升级经验表!C:C,1)+1,1) -> 15 | K61: =I61-INDEX(人物升级经验表!C:C,MATCH(任务经验!I61,人物升级经验表!C:C,1),1) -> 11550 | M61: =IF((--B61)=0,1,IF((--B61)=-1,0,2)) -> 1 | O61: =IF((G61-J61)>4,1,"")
A62: 180180 | B62: =(--INDEX(任务列表!A:B,MATCH(A62,任务列表!A:A,0),2)) -> 0 | D62: 4100 | E62: 2850 | F62: 3670 | G62: =VLOOKUP(VLOOKUP($J$10+4-1,宠物升级表!$A:$C,3,FALSE)+SUM($F$10:F62),宠物升级表!C:D,2,TRUE)+1 -> 19 | I62: =SUM($D$2:D62) -> 183650 | J62: =INDEX(人物升级经验表!A:A,MATCH(任务经验!I62,人物升级经验表!C:C,1)+1,1) -> 15 | K62: =I62-INDEX(人物升级经验表!C:C,MATCH(任务经验!I62,人物升级经验表!C:C,1),1) -> 15650 | M62: =IF((--B62)=0,1,IF((--B62)=-1,0,2)) -> 1 | O62: =IF((G62-J62)>4,1,"")
A63: 180181 | B63: =(--INDEX(任务列表!A:B,MATCH(A63,任务列表!A:A,0),2)) -> 8509 | C63: 野猪人将军 | D63: 7700 | E63: 2850 | F63: 3670 | G63: =VLOOKUP(VLOOKUP($J$10+4-1,宠物升级表!$A:$C,3,FALSE)+SUM($F$10:F63),宠物升级表!C:D,2,TRUE)+1 -> 19 | I63: =SUM($D$2:D63) -> 191350 | J63: =INDEX(人物升级经验表!A:A,MATCH(任务经验!I63,人物升级经验表!C:C,1)+1,1) -> 15 | K63: =I63-INDEX(人物升级经验表!C:C,MATCH(任务经验!I63,人物升级经验表!C:C,1),1) -> 23350 | M63: =IF((--B63)=0,1,IF((--B63)=-1,0,2)) -> 2 | O63: =IF((G63-J63)>4,1,"")
A64: 180182 | B64: =(--INDEX(任务列表!A:B,MATCH(A64,任务列表!A:A,0),2)) -> 0 | D64: 4100 | E64: 2850 | F64: 3670 | G64: =VLOOKUP(VLOOKUP($J$10+4-1,宠物升级表!$A:$C,3,FALSE)+SUM($F$10:F64),宠物升级表!C:D,2,TRUE)+1 -> 20 | I64: =SUM($D$2:D64) -> 195450 | J64: =INDEX(人物升级经验表!A:A,MATCH(任务经验!I64,人物升级经验表!C:C,1)+1,1) -> 16 | K64: =I64-INDEX(人物升级经验表!C:C,MATCH(任务经验!I64,人物升级经验表!C:C,1),1) -> 3450 | M64: =IF((--B64)=0,1,IF((--B64)=-1,0,2)) -> 1 | O64: =IF((G64-J64)>4,1,"")
A65: 180184 | B65: =(--INDEX(任务列表!A:B,MATCH(A65,任务列表!A:A,0),2)) -> 0 | D65: 4100 | E65: 2850 | F65: 3670 | G65: =VLOOKUP(VLOOKUP($J$10+4-1,宠物升级表!$A:$C,3,FALSE)+SUM($F$10:F65),宠物升级表!C:D,2,TRUE)+1 -> 20 | I65: =SUM($D$2:D65) -> 199550 | J65: =INDEX(人物升级经验表!A:A,MATCH(任务经验!I65,人物升级经验表!C:C,1)+1,1) -> 16 | K65: =I65-INDEX(人物升级经验表!C:C,MATCH(任务经验!I65,人物升级经验表!C:C,1),1) -> 7550 | M65: =IF((--B65)=0,1,IF((--B65)=-1,0,2)) -> 1 | O65: =IF((G65-J65)>4,1,"")
A66: 180185 | B66: =(--INDEX(任务列表!A:B,MATCH(A66,任务列表!A:A,0),2)) -> 8508 | C66: 寒冰王子 | D66: 7700 | E66: 2850 | F66: 3670 | G66: =VLOOKUP(VLOOKUP($J$10+4-1,宠物升级表!$A:$C,3,FALSE)+SUM($F$10:F66),宠物升级表!C:D,2,TRUE)+1 -> 20 | I66: =SUM($D$2:D66) -> 207250 | J66: =INDEX(人物升级经验表!A:A,MATCH(任务经验!I66,人物升级经验表!C:C,1)+1,1) -> 16 | K66: =I66-INDEX(人物升级经验表!C:C,MATCH(任务经验!I66,人物升级经验表!C:C,1),1) -> 15250 | M66: =IF((--B66)=0,1,IF((--B66)=-1,0,2)) -> 2 | O66: =IF((G66-J66)>4,1,"")
A67: 180186 | B67: =(--INDEX(任务列表!A:B,MATCH(A67,任务列表!A:A,0),2)) -> 0 | D67: 4100 | E67: 2990 | F67: 4030 | G67: =VLOOKUP(VLOOKUP($J$10+4-1,宠物升级表!$A:$C,3,FALSE)+SUM($F$10:F67),宠物升级表!C:D,2,TRUE)+1 -> 20 | I67: =SUM($D$2:D67) -> 211350 | J67: =INDEX(人物升级经验表!A:A,MATCH(任务经验!I67,人物升级经验表!C:C,1)+1,1) -> 16 | K67: =I67-INDEX(人物升级经验表!C:C,MATCH(任务经验!I67,人物升级经验表!C:C,1),1) -> 19350 | M67: =IF((--B67)=0,1,IF((--B67)=-1,0,2)) -> 1 | O67: =IF((G67-J67)>4,1,"")
A68: 180187 | B68: =(--INDEX(任务列表!A:B,MATCH(A68,任务列表!A:A,0),2)) -> 0 | D68: 4100 | E68: 2990 | F68: 4030 | G68: =VLOOKUP(VLOOKUP($J$10+4-1,宠物升级表!$A:$C,3,FALSE)+SUM($F$10:F68),宠物升级表!C:D,2,TRUE)+1 -> 20 | I68: =SUM($D$2:D68) -> 215450 | J68: =INDEX(人物升级经验表!A:A,MATCH(任务经验!I68,人物升级经验表!C:C,1)+1,1) -> 16 | K68: =I68-INDEX(人物升级经验表!C:C,MATCH(任务经验!I68,人物升级经验表!C:C,1),1) -> 23450 | M68: =IF((--B68)=0,1,IF((--B68)=-1,0,2)) -> 1 | O68: =IF((G68-J68)>4,1,"")
A69: 180188 | B69: =(--INDEX(任务列表!A:B,MATCH(A69,任务列表!A:A,0),2)) -> 0 | D69: 4100 | E69: 2990 | F69: 4030 | G69: =VLOOKUP(VLOOKUP($J$10+4-1,宠物升级表!$A:$C,3,FALSE)+SUM($F$10:F69),宠物升级表!C:D,2,TRUE)+1 -> 21 | I69: =SUM($D$2:D69) -> 219550 | J69: =INDEX(人物升级经验表!A:A,MATCH(任务经验!I69,人物升级经验表!C:C,1)+1,1) -> 17 | K69: =I69-INDEX(人物升级经验表!C:C,MATCH(任务经验!I69,人物升级经验表!C:C,1),1) -> 1950 | M69: =IF((--B69)=0,1,IF((--B69)=-1,0,2)) -> 1 | O69: =IF((G69-J69)>4,1,"")
A70: 180189 | B70: =(--INDEX(任务列表!A:B,MATCH(A70,任务列表!A:A,0),2)) -> 0 | D70: 4100 | E70: 2990 | F70: 4030 | G70: =VLOOKUP(VLOOKUP($J$10+4-1,宠物升级表!$A:$C,3,FALSE)+SUM($F$10:F70),宠物升级表!C:D,2,TRUE)+1 -> 21 | I70: =SUM($D$2:D70) -> 223650 | J70: =INDEX(人物升级经验表!A:A,MATCH(任务经验!I70,人物升级经验表!C:C,1)+1,1) -> 17 | K70: =I70-INDEX(人物升级经验表!C:C,MATCH(任务经验!I70,人物升级经验表!C:C,1),1) -> 6050 | M70: =IF((--B70)=0,1,IF((--B70)=-1,0,2)) -> 1 | O70: =IF((G70-J70)>4,1,"")
A71: 180190 | B71: =(--INDEX(任务列表!A:B,MATCH(A71,任务列表!A:A,0),2)) -> 0 | D71: 4100 | E71: 2990 | F71: 4030 | G71: =VLOOKUP(VLOOKUP($J$10+4-1,宠物升级表!$A:$C,3,FALSE)+SUM($F$10:F71),宠物升级表!C:D,2,TRUE)+1 -> 21 | I71: =SUM($D$2:D71) -> 227750 | J71: =INDEX(人物升级经验表!A:A,MATCH(任务经验!I71,人物升级经验表!C:C,1)+1,1) -> 17 | K71: =I71-INDEX(人物升级经验表!C:C,MATCH(任务经验!I71,人物升级经验表!C:C,1),1) -> 10150 | M71: =IF((--B71)=0,1,IF((--B71)=-1,0,2)) -> 1 | O71: =IF((G71-J71)>4,1,"")
A72: 180191 | B72: =(--INDEX(任务列表!A:B,MATCH(A72,任务列表!A:A,0),2)) -> 0 | D72: 4100 | E72: 2990 | F72: 4030 | G72: =VLOOKUP(VLOOKUP($J$10+4-1,宠物升级表!$A:$C,3,FALSE)+SUM($F$10:F72),宠物升级表!C:D,2,TRUE)+1 -> 21 | I72: =SUM($D$2:D72) -> 231850 | J72: =INDEX(人物升级经验表!A:A,MATCH(任务经验!I72,人物升级经验表!C:C,1)+1,1) -> 17 | K72: =I72-INDEX(人物升级经验表!C:C,MATCH(任务经验!I72,人物升级经验表!C:C,1),1) -> 14250 | M72: =IF((--B71)=0,1,IF((--B71)=-1,0,2)) -> 1 | O72: =IF((G72-J72)>4,1,"")
A73: 180192 | B73: =(--INDEX(任务列表!A:B,MATCH(A73,任务列表!A:A,0),2)) -> 0 | D73: 4100 | E73: 2700 | F73: 3500 | G73: =VLOOKUP(VLOOKUP($J$10+4-1,宠物升级表!$A:$C,3,FALSE)+SUM($F$10:F73),宠物升级表!C:D,2,TRUE)+1 -> 21 | I73: =SUM($D$2:D73) -> 235950 | J73: =INDEX(人物升级经验表!A:A,MATCH(任务经验!I73,人物升级经验表!C:C,1)+1,1) -> 17 | K73: =I73-INDEX(人物升级经验表!C:C,MATCH(任务经验!I73,人物升级经验表!C:C,1),1) -> 18350 | M73: =IF((--B73)=0,1,IF((--B73)=-1,0,2)) -> 1 | O73: =IF((G73-J73)>4,1,"")
A74: 180193 | B74: =(--INDEX(任务列表!A:B,MATCH(A74,任务列表!A:A,0),2)) -> 0 | D74: 4100 | E74: 2700 | F74: 3500 | G74: =VLOOKUP(VLOOKUP($J$10+4-1,宠物升级表!$A:$C,3,FALSE)+SUM($F$10:F74),宠物升级表!C:D,2,TRUE)+1 -> 21 | I74: =SUM($D$2:D74) -> 240050 | J74: =INDEX(人物升级经验表!A:A,MATCH(任务经验!I74,人物升级经验表!C:C,1)+1,1) -> 17 | K74: =I74-INDEX(人物升级经验表!C:C,MATCH(任务经验!I74,人物升级经验表!C:C,1),1) -> 22450 | M74: =IF((--B74)=0,1,IF((--B74)=-1,0,2)) -> 1 | O74: =IF((G74-J74)>4,1,"")
A75: 180194 | B75: =(--INDEX(任务列表!A:B,MATCH(A75,任务列表!A:A,0),2)) -> 0 | D75: 4100 | E75: 2700 | F75: 3500 | G75: =VLOOKUP(VLOOKUP($J$10+4-1,宠物升级表!$A:$C,3,FALSE)+SUM($F$10:F75),宠物升级表!C:D,2,TRUE)+1 -> 22 | I75: =SUM($D$2:D75) -> 244150 | J75: =INDEX(人物升级经验表!A:A,MATCH(任务经验!I75,人物升级经验表!C:C,1)+1,1) -> 17 | K75: =I75-INDEX(人物升级经验表!C:C,MATCH(任务经验!I75,人物升级经验表!C:C,1),1) -> 26550 | M75: =IF((--B75)=0,1,IF((--B75)=-1,0,2)) -> 1 | O75: =IF((G75-J75)>4,1,"") -> 1
A76: 180195 | B76: =(--INDEX(任务列表!A:B,MATCH(A76,任务列表!A:A,0),2)) -> 0 | D76: 4100 | E76: 2700 | F76: 3500 | G76: =VLOOKUP(VLOOKUP($J$10+4-1,宠物升级表!$A:$C,3,FALSE)+SUM($F$10:F76),宠物升级表!C:D,2,TRUE)+1 -> 22 | I76: =SUM($D$2:D76) -> 248250 | J76: =INDEX(人物升级经验表!A:A,MATCH(任务经验!I76,人物升级经验表!C:C,1)+1,1) -> 18 | K76: =I76-INDEX(人物升级经验表!C:C,MATCH(任务经验!I76,人物升级经验表!C:C,1),1) -> 3450 | M76: =IF((--B76)=0,1,IF((--B76)=-1,0,2)) -> 1 | O76: =IF((G76-J76)>4,1,"")
A77: 600001 | B77: =(--INDEX(任务列表!A:B,MATCH(A77,任务列表!A:A,0),2)) -> 0 | D77: 4100 | E77: 2700 | F77: 3500 | G77: =VLOOKUP(VLOOKUP($J$10+4-1,宠物升级表!$A:$C,3,FALSE)+SUM($F$10:F77),宠物升级表!C:D,2,TRUE)+1 -> 22 | I77: =SUM($D$2:D77) -> 252350 | J77: =INDEX(人物升级经验表!A:A,MATCH(任务经验!I77,人物升级经验表!C:C,1)+1,1) -> 18 | K77: =I77-INDEX(人物升级经验表!C:C,MATCH(任务经验!I77,人物升级经验表!C:C,1),1) -> 7550 | M77: =IF((--B77)=0,1,IF((--B77)=-1,0,2)) -> 1 | O77: =IF((G77-J77)>4,1,"")
A78: 600002 | B78: =(--INDEX(任务列表!A:B,MATCH(A78,任务列表!A:A,0),2)) -> 0 | D78: 4100 | E78: 2700 | F78: 3500 | G78: =VLOOKUP(VLOOKUP($J$10+4-1,宠物升级表!$A:$C,3,FALSE)+SUM($F$10:F78),宠物升级表!C:D,2,TRUE)+1 -> 22 | I78: =SUM($D$2:D78) -> 256450 | J78: =INDEX(人物升级经验表!A:A,MATCH(任务经验!I78,人物升级经验表!C:C,1)+1,1) -> 18 | K78: =I78-INDEX(人物升级经验表!C:C,MATCH(任务经验!I78,人物升级经验表!C:C,1),1) -> 11650 | M78: =IF((--B78)=0,1,IF((--B78)=-1,0,2)) -> 1 | O78: =IF((G78-J78)>4,1,"")
A79: 600003 | B79: =(--INDEX(任务列表!A:B,MATCH(A79,任务列表!A:A,0),2)) -> 0 | D79: 4100 | E79: 2700 | F79: 3500 | G79: =VLOOKUP(VLOOKUP($J$10+4-1,宠物升级表!$A:$C,3,FALSE)+SUM($F$10:F79),宠物升级表!C:D,2,TRUE)+1 -> 22 | I79: =SUM($D$2:D79) -> 260550 | J79: =INDEX(人物升级经验表!A:A,MATCH(任务经验!I79,人物升级经验表!C:C,1)+1,1) -> 18 | K79: =I79-INDEX(人物升级经验表!C:C,MATCH(任务经验!I79,人物升级经验表!C:C,1),1) -> 15750 | M79: =IF((--B79)=0,1,IF((--B79)=-1,0,2)) -> 1 | O79: =IF((G79-J79)>4,1,"")
A80: 600004 | B80: =(--INDEX(任务列表!A:B,MATCH(A80,任务列表!A:A,0),2)) -> 0 | D80: 4100 | E80: 2700 | F80: 3500 | G80: =VLOOKUP(VLOOKUP($J$10+4-1,宠物升级表!$A:$C,3,FALSE)+SUM($F$10:F80),宠物升级表!C:D,2,TRUE)+1 -> 22 | I80: =SUM($D$2:D80) -> 264650 | J80: =INDEX(人物升级经验表!A:A,MATCH(任务经验!I80,人物升级经验表!C:C,1)+1,1) -> 18 | K80: =I80-INDEX(人物升级经验表!C:C,MATCH(任务经验!I80,人物升级经验表!C:C,1),1) -> 19850 | M80: =IF((--B80)=0,1,IF((--B80)=-1,0,2)) -> 1 | O80: =IF((G80-J80)>4,1,"") | R80: 19级升级总共经验 | U80: 职业日常经验
A81: 600005 | B81: =(--INDEX(任务列表!A:B,MATCH(A81,任务列表!A:A,0),2)) -> 8600 | D81: 8200 | E81: 2700 | F81: 4110 | G81: =VLOOKUP(VLOOKUP($J$10+4-1,宠物升级表!$A:$C,3,FALSE)+SUM($F$10:F81),宠物升级表!C:D,2,TRUE)+1 -> 22 | I81: =SUM($D$2:D81) -> 272850 | J81: =INDEX(人物升级经验表!A:A,MATCH(任务经验!I81,人物升级经验表!C:C,1)+1,1) -> 18 | K81: =I81-INDEX(人物升级经验表!C:C,MATCH(任务经验!I81,人物升级经验表!C:C,1),1) -> 28050 | M81: =IF((--B81)=0,1,IF((--B81)=-1,0,2)) -> 2 | O81: =IF((G81-J81)>4,1,"") | R81: 304000 | U81: 126692
A82: 600006 | B82: =(--INDEX(任务列表!A:B,MATCH(A82,任务列表!A:A,0),2)) -> 0 | D82: 4100 | E82: 2700 | F82: 4110 | G82: =VLOOKUP(VLOOKUP($J$10+4-1,宠物升级表!$A:$C,3,FALSE)+SUM($F$10:F82),宠物升级表!C:D,2,TRUE)+1 -> 23 | I82: =SUM($D$2:D82) -> 276950 | J82: =INDEX(人物升级经验表!A:A,MATCH(任务经验!I82,人物升级经验表!C:C,1)+1,1) -> 19 | K82: =I82-INDEX(人物升级经验表!C:C,MATCH(任务经验!I82,人物升级经验表!C:C,1),1) -> 3350 | M82: =IF((--B81)=0,1,IF((--B81)=-1,0,2)) -> 2 | O82: =IF((G82-J82)>4,1,"") | R82: =R81-I85 -> 10650 | U82: =U81/20 -> 6334.6
A83: 600007 | B83: =(--INDEX(任务列表!A:B,MATCH(A83,任务列表!A:A,0),2)) -> 0 | D83: 4100 | E83: 2700 | F83: 4110 | G83: =VLOOKUP(VLOOKUP($J$10+4-1,宠物升级表!$A:$C,3,FALSE)+SUM($F$10:F83),宠物升级表!C:D,2,TRUE)+1 -> 23 | I83: =SUM($D$2:D83) -> 281050 | J83: =INDEX(人物升级经验表!A:A,MATCH(任务经验!I83,人物升级经验表!C:C,1)+1,1) -> 19 | K83: =I83-INDEX(人物升级经验表!C:C,MATCH(任务经验!I83,人物升级经验表!C:C,1),1) -> 7450 | M83: =IF((--B83)=0,1,IF((--B83)=-1,0,2)) -> 1 | O83: =IF((G83-J83)>4,1,"") | T83: =R82/U82 -> 1.6812427
A84: 600008 | B84: =(--INDEX(任务列表!A:B,MATCH(A84,任务列表!A:A,0),2)) -> 8601 | D84: 8200 | E84: 2700 | F84: 4110 | G84: =VLOOKUP(VLOOKUP($J$10+4-1,宠物升级表!$A:$C,3,FALSE)+SUM($F$10:F84),宠物升级表!C:D,2,TRUE)+1 -> 23 | I84: =SUM($D$2:D84) -> 289250 | J84: =INDEX(人物升级经验表!A:A,MATCH(任务经验!I84,人物升级经验表!C:C,1)+1,1) -> 19 | K84: =I84-INDEX(人物升级经验表!C:C,MATCH(任务经验!I84,人物升级经验表!C:C,1),1) -> 15650 | M84: =IF((--B84)=0,1,IF((--B84)=-1,0,2)) -> 2 | O84: =IF((G84-J84)>4,1,"")
A85: 600009 | B85: =(--INDEX(任务列表!A:B,MATCH(A85,任务列表!A:A,0),2)) -> 0 | D85: 4100 | E85: 2700 | F85: 4110 | G85: =VLOOKUP(VLOOKUP($J$10+4-1,宠物升级表!$A:$C,3,FALSE)+SUM($F$10:F85),宠物升级表!C:D,2,TRUE)+1 -> 23 | I85: =SUM($D$2:D85) -> 293350 | J85: =INDEX(人物升级经验表!A:A,MATCH(任务经验!I85,人物升级经验表!C:C,1)+1,1) -> 19 | K85: =I85-INDEX(人物升级经验表!C:C,MATCH(任务经验!I85,人物升级经验表!C:C,1),1) -> 19750 | M85: =IF((--B85)=0,1,IF((--B85)=-1,0,2)) -> 1 | O85: =IF((G85-J85)>4,1,"")
A86: 180196 | B86: -1 | E86: 0 | F86: 0 | G86: =VLOOKUP(VLOOKUP($J$10+4-1,宠物升级表!$A:$C,3,FALSE)+SUM($F$10:F86),宠物升级表!C:D,2,TRUE)+1 -> 23 | H86: 20 | I86: =SUM($D$2:D86) -> 293350 | J86: =INDEX(人物升级经验表!A:A,MATCH(任务经验!I86,人物升级经验表!C:C,1)+1,1) -> 19 | K86: =I86-INDEX(人物升级经验表!C:C,MATCH(任务经验!I86,人物升级经验表!C:C,1),1) -> 19750 | M86: =IF((--B86)=0,1,IF((--B86)=-1,0,2)) -> 0
A87: 180197 | B87: =(--INDEX(任务列表!A:B,MATCH(A87,任务列表!A:A,0),2)) -> 0 | D87: 4800 | E87: 4000 | F87: 5700 | G87: =VLOOKUP(VLOOKUP($J$10+4-1,宠物升级表!$A:$C,3,FALSE)+SUM($F$10:F87),宠物升级表!C:D,2,TRUE)+1 -> 23 | I87: =SUM($D$2:D87) -> 298150 | J87: =INDEX(人物升级经验表!A:A,MATCH(任务经验!I87,人物升级经验表!C:C,1)+1,1) -> 19 | K87: =I87-INDEX(人物升级经验表!C:C,MATCH(任务经验!I87,人物升级经验表!C:C,1),1) -> 24550 | M87: =IF((--B87)=0,1,IF((--B87)=-1,0,2)) -> 1
A88: 180198 | B88: =(--INDEX(任务列表!A:B,MATCH(A88,任务列表!A:A,0),2)) -> 0 | D88: 4800 | E88: 4000 | F88: 5700 | G88: =VLOOKUP(VLOOKUP($J$10+4-1,宠物升级表!$A:$C,3,FALSE)+SUM($F$10:F88),宠物升级表!C:D,2,TRUE)+1 -> 24 | I88: =SUM($D$2:D88) -> 302950 | J88: =INDEX(人物升级经验表!A:A,MATCH(任务经验!I88,人物升级经验表!C:C,1)+1,1) -> 19 | K88: =I88-INDEX(人物升级经验表!C:C,MATCH(任务经验!I88,人物升级经验表!C:C,1),1) -> 29350 | M88: =IF((--B88)=0,1,IF((--B88)=-1,0,2)) -> 1
A89: 181130 | B89: =(--INDEX(任务列表!A:B,MATCH(A89,任务列表!A:A,0),2)) -> 0 | D89: 4800 | E89: 4000 | F89: 5700 | G89: =VLOOKUP(VLOOKUP($J$10+4-1,宠物升级表!$A:$C,3,FALSE)+SUM($F$10:F89),宠物升级表!C:D,2,TRUE)+1 -> 24 | I89: =SUM($D$2:D89) -> 307750 | J89: =INDEX(人物升级经验表!A:A,MATCH(任务经验!I89,人物升级经验表!C:C,1)+1,1) -> 20 | K89: =I89-INDEX(人物升级经验表!C:C,MATCH(任务经验!I89,人物升级经验表!C:C,1),1) -> 3750 | M89: =IF((--B89)=0,1,IF((--B89)=-1,0,2)) -> 1 | R89: 等级段 | S89: 经验 | T89: 银币 | U89: 宠物经验 | V89: 任务数量 | W89: 单任务经验 | X89: 银币分摊 | Y89: 宠物分摊
A90: 181131 | B90: =(--INDEX(任务列表!A:B,MATCH(A90,任务列表!A:A,0),2)) -> 0 | D90: 4800 | E90: 4000 | F90: 5700 | G90: =VLOOKUP(VLOOKUP($J$10+4-1,宠物升级表!$A:$C,3,FALSE)+SUM($F$10:F90),宠物升级表!C:D,2,TRUE)+1 -> 24 | I90: =SUM($D$2:D90) -> 312550 | J90: =INDEX(人物升级经验表!A:A,MATCH(任务经验!I90,人物升级经验表!C:C,1)+1,1) -> 20 | K90: =I90-INDEX(人物升级经验表!C:C,MATCH(任务经验!I90,人物升级经验表!C:C,1),1) -> 8550 | M90: =IF((--B90)=0,1,IF((--B90)=-1,0,2)) -> 1 | R90: 20 | S90: 32000 | T90: 20000 | U90: 31270 | V90: 5 | W90: =S90/V90 -> 6400 | X90: =T90/V90 -> 4000 | Y90: =U90/V90 -> 6254
A91: 181132 | B91: =(--INDEX(任务列表!A:B,MATCH(A91,任务列表!A:A,0),2)) -> 0 | D91: 4800 | E91: 4000 | F91: 5700 | G91: =VLOOKUP(VLOOKUP($J$10+4-1,宠物升级表!$A:$C,3,FALSE)+SUM($F$10:F91),宠物升级表!C:D,2,TRUE)+1 -> 24 | I91: =SUM($D$2:D91) -> 317350 | J91: =INDEX(人物升级经验表!A:A,MATCH(任务经验!I91,人物升级经验表!C:C,1)+1,1) -> 20 | K91: =I91-INDEX(人物升级经验表!C:C,MATCH(任务经验!I91,人物升级经验表!C:C,1),1) -> 13350 | M91: =IF((--B91)=0,1,IF((--B91)=-1,0,2)) -> 1 | R91: 21 | S91: 33600 | T91: 21000 | U91: 33820 | V91: 5 | W91: =S91/V91 -> 6720 | X91: =T91/V91 -> 4200 | Y91: =U91/V91 -> 6764
A92: 181133 | B92: =(--INDEX(任务列表!A:B,MATCH(A92,任务列表!A:A,0),2)) -> 0 | D92: 5200 | E92: 4200 | F92: 5900 | G92: =VLOOKUP(VLOOKUP($J$10+4-1,宠物升级表!$A:$C,3,FALSE)+SUM($F$10:F92),宠物升级表!C:D,2,TRUE)+1 -> 24 | I92: =SUM($D$2:D92) -> 322550 | J92: =INDEX(人物升级经验表!A:A,MATCH(任务经验!I92,人物升级经验表!C:C,1)+1,1) -> 20 | K92: =I92-INDEX(人物升级经验表!C:C,MATCH(任务经验!I92,人物升级经验表!C:C,1),1) -> 18550 | M92: =IF((--B91)=0,1,IF((--B91)=-1,0,2)) -> 1 | R92: 22 | S92: 35200 | T92: 22000 | U92: 36470 | V92: 5 | W92: =S92/V92 -> 7040 | X92: =T92/V92 -> 4400 | Y92: =U92/V92 -> 7294
A93: 181134 | B93: =(--INDEX(任务列表!A:B,MATCH(A93,任务列表!A:A,0),2)) -> 0 | D93: 5200 | E93: 4200 | F93: 5900 | G93: =VLOOKUP(VLOOKUP($J$10+4-1,宠物升级表!$A:$C,3,FALSE)+SUM($F$10:F93),宠物升级表!C:D,2,TRUE)+1 -> 25 | I93: =SUM($D$2:D93) -> 327750 | J93: =INDEX(人物升级经验表!A:A,MATCH(任务经验!I93,人物升级经验表!C:C,1)+1,1) -> 20 | K93: =I93-INDEX(人物升级经验表!C:C,MATCH(任务经验!I93,人物升级经验表!C:C,1),1) -> 23750 | M93: =IF((--B93)=0,1,IF((--B93)=-1,0,2)) -> 1 | R93: 23 | S93: 36800 | T93: 23000 | U93: 39220 | V93: 5 | W93: =S93/V93 -> 7360 | X93: =T93/V93 -> 4600 | Y93: =U93/V93 -> 7844
A94: 181135 | B94: =(--INDEX(任务列表!A:B,MATCH(A94,任务列表!A:A,0),2)) -> 0 | D94: 5200 | E94: 4200 | F94: 5900 | G94: =VLOOKUP(VLOOKUP($J$10+4-1,宠物升级表!$A:$C,3,FALSE)+SUM($F$10:F94),宠物升级表!C:D,2,TRUE)+1 -> 25 | I94: =SUM($D$2:D94) -> 332950 | J94: =INDEX(人物升级经验表!A:A,MATCH(任务经验!I94,人物升级经验表!C:C,1)+1,1) -> 20 | K94: =I94-INDEX(人物升级经验表!C:C,MATCH(任务经验!I94,人物升级经验表!C:C,1),1) -> 28950 | M94: =IF((--B94)=0,1,IF((--B94)=-1,0,2)) -> 1 | R94: 24 | S94: 38400 | T94: 24000 | U94: 42070 | V94: 5 | W94: =S94/V94 -> 7680 | X94: =T94/V94 -> 4800 | Y94: =U94/V94 -> 8414
A95: 181136 | B95: =(--INDEX(任务列表!A:B,MATCH(A95,任务列表!A:A,0),2)) -> 0 | D95: 5200 | E95: 4200 | F95: 5900 | G95: =VLOOKUP(VLOOKUP($J$10+4-1,宠物升级表!$A:$C,3,FALSE)+SUM($F$10:F95),宠物升级表!C:D,2,TRUE)+1 -> 25 | I95: =SUM($D$2:D95) -> 338150 | J95: =INDEX(人物升级经验表!A:A,MATCH(任务经验!I95,人物升级经验表!C:C,1)+1,1) -> 21 | K95: =I95-INDEX(人物升级经验表!C:C,MATCH(任务经验!I95,人物升级经验表!C:C,1),1) -> 2150 | M95: =IF((--B95)=0,1,IF((--B95)=-1,0,2)) -> 1 | R95: 25 | S95: 40000 | T95: 25000 | U95: 45020 | V95: 6 | W95: =S95/V95 -> 6666.6667 | X95: =T95/V95 -> 4166.6667 | Y95: =U95/V95 -> 7503.3333
A96: 181137 | B96: =(--INDEX(任务列表!A:B,MATCH(A96,任务列表!A:A,0),2)) -> 8511 | D96: 10400 | E96: 4200 | F96: 5900 | G96: =VLOOKUP(VLOOKUP($J$10+4-1,宠物升级表!$A:$C,3,FALSE)+SUM($F$10:F96),宠物升级表!C:D,2,TRUE)+1 -> 25 | I96: =SUM($D$2:D96) -> 348550 | J96: =INDEX(人物升级经验表!A:A,MATCH(任务经验!I96,人物升级经验表!C:C,1)+1,1) -> 21 | K96: =I96-INDEX(人物升级经验表!C:C,MATCH(任务经验!I96,人物升级经验表!C:C,1),1) -> 12550 | M96: =IF((--B96)=0,1,IF((--B96)=-1,0,2)) -> 2 | R96: 26 | S96: 41600 | T96: 26000 | U96: 48070 | V96: 6 | W96: =S96/V96 -> 6933.3333 | X96: =T96/V96 -> 4333.3333 | Y96: =U96/V96 -> 8011.6667
A97: 181138 | B97: =(--INDEX(任务列表!A:B,MATCH(A97,任务列表!A:A,0),2)) -> 0 | D97: 5200 | E97: 4400 | F97: 6100 | G97: =VLOOKUP(VLOOKUP($J$10+4-1,宠物升级表!$A:$C,3,FALSE)+SUM($F$10:F97),宠物升级表!C:D,2,TRUE)+1 -> 25 | I97: =SUM($D$2:D97) -> 353750 | J97: =INDEX(人物升级经验表!A:A,MATCH(任务经验!I97,人物升级经验表!C:C,1)+1,1) -> 21 | K97: =I97-INDEX(人物升级经验表!C:C,MATCH(任务经验!I97,人物升级经验表!C:C,1),1) -> 17750 | M97: =IF((--B97)=0,1,IF((--B97)=-1,0,2)) -> 1 | R97: 27 | S97: 43200 | T97: 27000 | U97: 51220 | V97: 6 | W97: =S97/V97 -> 7200 | X97: =T97/V97 -> 4500 | Y97: =U97/V97 -> 8536.6667
A98: 181139 | B98: =(--INDEX(任务列表!A:B,MATCH(A98,任务列表!A:A,0),2)) -> 0 | D98: 5200 | E98: 4400 | F98: 6100 | G98: =VLOOKUP(VLOOKUP($J$10+4-1,宠物升级表!$A:$C,3,FALSE)+SUM($F$10:F98),宠物升级表!C:D,2,TRUE)+1 -> 25 | I98: =SUM($D$2:D98) -> 358950 | J98: =INDEX(人物升级经验表!A:A,MATCH(任务经验!I98,人物升级经验表!C:C,1)+1,1) -> 21 | K98: =I98-INDEX(人物升级经验表!C:C,MATCH(任务经验!I98,人物升级经验表!C:C,1),1) -> 22950 | M98: =IF((--B98)=0,1,IF((--B98)=-1,0,2)) -> 1 | R98: 28 | S98: 44800 | T98: 28000 | U98: 54470 | V98: 7 | W98: =S98/V98 -> 6400 | X98: =T98/V98 -> 4000 | Y98: =U98/V98 -> 7781.4286
A99: 181140 | B99: =(--INDEX(任务列表!A:B,MATCH(A99,任务列表!A:A,0),2)) -> 0 | D99: 5200 | E99: 4400 | F99: 6100 | G99: =VLOOKUP(VLOOKUP($J$10+4-1,宠物升级表!$A:$C,3,FALSE)+SUM($F$10:F99),宠物升级表!C:D,2,TRUE)+1 -> 26 | I99: =SUM($D$2:D99) -> 364150 | J99: =INDEX(人物升级经验表!A:A,MATCH(任务经验!I99,人物升级经验表!C:C,1)+1,1) -> 21 | K99: =I99-INDEX(人物升级经验表!C:C,MATCH(任务经验!I99,人物升级经验表!C:C,1),1) -> 28150 | M99: =IF((--B99)=0,1,IF((--B99)=-1,0,2)) -> 1 | R99: 29 | S99: 46400 | T99: 29000 | U99: 57820 | V99: 7 | W99: =S99/V99 -> 6628.5714 | X99: =T99/V99 -> 4142.8571 | Y99: =U99/V99 -> 8260
A100: 181141 | B100: =(--INDEX(任务列表!A:B,MATCH(A100,任务列表!A:A,0),2)) -> 8519 | D100: 10400 | E100: 4400 | F100: 6100 | G100: =VLOOKUP(VLOOKUP($J$10+4-1,宠物升级表!$A:$C,3,FALSE)+SUM($F$10:F100),宠物升级表!C:D,2,TRUE)+1 -> 26 | I100: =SUM($D$2:D100) -> 374550 | J100: =INDEX(人物升级经验表!A:A,MATCH(任务经验!I100,人物升级经验表!C:C,1)+1,1) -> 22 | K100: =I100-INDEX(人物升级经验表!C:C,MATCH(任务经验!I100,人物升级经验表!C:C,1),1) -> 4950 | M100: =IF((--B100)=0,1,IF((--B100)=-1,0,2)) -> 2 | T100: =SUM(V90:V99) -> 57
...

Sheet 人物升级经验表
A1: 当前等级 | B1: 升级经验 | C1: 当前等级所需经验
A2: 0 | B2: 0 | C2: 0
A3: 1 | B3: 1600 | C3: 1600
A4: 2 | B4: 3200 | C4: 4800
A5: 3 | B5: 4800 | C5: 9600
A6: 4 | B6: 6400 | C6: 16000
A7: 5 | B7: 8000 | C7: 24000
A8: 6 | B8: 9600 | C8: 33600
A9: 7 | B9: 11200 | C9: 44800
A10: 8 | B10: 12800 | C10: 57600
A11: 9 | B11: 14400 | C11: 72000
A12: 10 | B12: 16000 | C12: 88000
A13: 11 | B13: 17600 | C13: 105600
... A152: 150 | B152: 529301530 | C152: 19532492643

Sheet 任务列表
A1: 180101 | B1: 0
A2: 180201 | B2: 0
A3: 180301 | B3: 0
A4: 180401 | B4: 0
A5: 180501 | B5: 0
A6: 180601 | B6: 0
A7: 180701 | B7: 0
A8: 180801 | B8: 0
A9: 180901 | B9: 0
A10: 180102 | B10: 0
A11: 180202 | B11: 0
A12: 180302 | B12: 0
... A262: 182181 | B262: 8546
A263: 182182
A264: 182183 | B264: 0
A265: 182184 | B265: 0
A266: 182185 | B266: 0
A267: 182186 | B267: 8547
A268: 182187 | B268: 8548
A269: 182188 | B269: 0
A270: 182189 | B270: 0
A271: 182190 | B271: 0
A272: 182191 | B272: 0
A273: 182192 | B273: 0
A274: 182193 | B274: 0
A275: 182194 | B275: 8549
... A373: 189901 | B373: 0
A374: 189902 | B374: 0
A375: 189903 | B375: 0
A376: 189904 | B376: 0
A377: 189905 | B377: 0
A378: 189906 | B378: 0
A379: 189907 | B379: 0
A380: 189908 | B380: 0
A381: 189909 | B381: 0
A382: 189910 | B382: 0
A383: 189911 | B383: 0
A384: 189912 | B384: 0
A385: 189913 | B385: 0
A386: 189914 | B386: 0
... A462: 600042 | B462: 0

Sheet 宠物升级表
A1: 等级 | B1: 所需经验 | C1: 总经验值
A2: 0 | B2: 20 | C2: =SUM($B$2:B2) -> 20 | D2: 0
A3: 1 | B3: 70 | C3: =SUM($B$2:B3) -> 90 | D3: 1
A4: 2 | B4: 220 | C4: =SUM($B$2:B4) -> 310 | D4: 2
A5: 3 | B5: 470 | C5: =SUM($B$2:B5) -> 780 | D5: 3
A6: 4 | B6: 820 | C6: =SUM($B$2:B6) -> 1600 | D6: 4
A7: 5 | B7: 1270 | C7: =SUM($B$2:B7) -> 2870 | D7: 5
A8: 6 | B8: 1820 | C8: =SUM($B$2:B8) -> 4690 | D8: 6 | J8: 7160
A9: 7 | B9: 2470 | C9: =SUM($B$2:B9) -> 7160 | D9: 7 | H9: 44150 | J9: 67300
A10: 8 | B10: 3220 | C10: =SUM($B$2:B10) -> 10380 | D10: 8 | J10: =J8+J9 -> 74460
A11: 9 | B11: 4070 | C11: =SUM($B$2:B11) -> 14450 | D11: 9
A12: 10 | B12: 5020 | C12: =SUM($B$2:B12) -> 19470 | D12: 10
A13: 11 | B13: 6070 | C13: =SUM($B$2:B13) -> 25540 | D13: 11
A14: 12 | B14: 7220 | C14: =SUM($B$2:B14) -> 32760 | D14: 12
A15: 13 | B15: 8470 | C15: =SUM($B$2:B15) -> 41230 | D15: 13
A16: 14 | B16: 9820 | C16: =SUM($B$2:B16) -> 51050 | D16: 14
A17: 15 | B17: 11270 | C17: =SUM($B$2:B17) -> 62320 | D17: 15
A18: 16 | B18: 12820 | C18: =SUM($B$2:B18) -> 75140 | D18: 16
A19: 17 | B19: 14470 | C19: =SUM($B$2:B19) -> 89610 | D19: 17
A20: 18 | B20: 16220 | C20: =SUM($B$2:B20) -> 105830 | D20: 18
A21: 19 | B21: 18070 | C21: =SUM($B$2:B21) -> 123900 | D21: 19
A22: 20 | B22: 20020 | C22: =SUM($B$2:B22) -> 143920 | D22: 20
... A151: 149 | B151: 1110070 | C151: =SUM($B$2:B151) -> 55691750 | D151: 149
B152: 1125020

Sheet Sheet1
A1: 150 | B1: 529301530
A2: 149 | B2: 518860046 | N2: 34个任务
A3: 148 | B3: 508556965
A4: 147 | B4: 498391164 | K4: 1 | L4: 300 | M4: 2
A5: 146 | B5: 488361720 | K5: 2 | L5: 1000 | M5: 3
A6: 145 | B6: 478467912 | K6: 3 | L6: 2300 | M6: 3
A7: 144 | B7: 468708618 | K7: 4 | L7: 4000 | M7: 4
A8: 143 | B8: 459083115 | K8: 5 | L8: 6300 | M8: 5
A9: 142 | B9: 449590281 | K9: 6 | L9: 9000 | M9: 6
A10: 141 | B10: 440229194 | K10: 7 | L10: 12300 | M10: 6
A11: 140 | B11: 430999132 | K11: 8 | L11: 16000 | M11: 6
A12: 139 | B12: 421898973 | K12: 9 | L12: 20300 | M12: 7
A13: 138 | B13: 412927994
A14: 137 | B14: 404085074
A15: 136 | B15: 395369289
A16: 135 | B16: 386779919
A17: 134 | B17: 378315841
A18: 133 | B18: 369976332
A19: 132 | B19: 361760271
A20: 131 | B20: 353666735
A21: 130 | B21: 345695003
A22: 129 | B22: 337843951 | L22: 4
A23: 128 | B23: 330112859
A24: 127 | B24: 322500603
A25: 126 | B25: 315006262
A26: 125 | B26: 307629113
A27: 124 | B27: 300368034
A28: 123 | B28: 293222304
A29: 122 | B29: 286190799
A30: 121 | B30: 279272599
A31: 120 | B31: 272466980
A32: 119 | B32: 265772820
A33: 118 | B33: 259189397
A34: 117 | B34: 252715590
... A150: 1 | B150: 1600

Sheet Sheet2
