Workbook

Sheet 战斗计算流程
B1: 基础属性 | G1: 技能执行
B2: 10 | C2: 体质 | D2: 10 | E2: cons_value | H2: //该次技能内部参数
B3: 20 | C3: 智力 | D3: 20 | E3: iq_value | G3: 判断技能是否能释放 | H3: 技能释放属性状态过滤 | I3: 技能释放属性状态条件
B4: 30 | C4: 力量 | D4: 30 | E4: str_value | H4: 技能释放buff状态过滤 | I4: 技能释放buff状态条件
B5: 40 | C5: 耐力 | D5: 40 | E5: endu_value | H5: 技能释放消耗生命 | I5: 技能释放消耗魔法 | J5: 技能释放消耗怒气
B6: 50 | C6: 敏捷 | D6: 50 | E6: agi_value | H6: 选择目标类型 | I6: 玩家操作选择的目标
B7: 60 | C7: 生命 | D7: 60 | E7: maxhp_value | H7: buff0类型id | I7: buff0释放属性状态过滤 | J7: buff0释放属性状态条件 | K7: buff0释放buff状态过滤 | L7: buff0释放buff状态条件 | M7: buff0触发几率 | N7: buff0命中 | O7: buff0目标类型 | P7: buff0目标个数 | Q7: buff0排序变量 | R7: buff0持续回合 | S7: buff0效果
B8: 70 | C8: 当前生命上限 | D8: 70 | E8: uplimithp_value | H8: buff1类型id | I8: buff1释放属性状态过滤 | J8: buff1释放属性状态条件 | K8: buff1释放buff状态过滤 | L8: buff1释放buff状态条件 | M8: buff1触发几率 | N8: buff1命中 | O8: buff1目标类型 | P8: buff1目标个数 | Q8: buff1排序变量 | R8: buff1持续回合 | S8: buff1效果
B9: 80 | C9: 生命值 | D9: 80 | E9: curhp_value | H9: buff2类型id | I9: buff2释放属性状态过滤 | J9: buff2释放属性状态条件 | K9: buff2释放buff状态过滤 | L9: buff2释放buff状态条件 | M9: buff2触发几率 | N9: buff2命中 | O9: buff2目标类型 | P9: buff2目标个数 | Q9: buff2排序变量 | R9: buff2持续回合 | S9: buff2效果
B10: 90 | C10: 魔法 | D10: 90 | E10: maxmp_value | H10: buff3类型id | I10: buff3释放属性状态过滤 | J10: buff3释放属性状态条件 | K10: buff3释放buff状态过滤 | L10: buff3释放buff状态条件 | M10: buff3触发几率 | N10: buff3命中 | O10: buff3目标类型 | P10: buff3目标个数 | Q10: buff3排序变量 | R10: buff3持续回合 | S10: buff3效果
B11: 100 | C11: 魔法值 | D11: 100 | E11: curmp_value | H11: buff4类型id | I11: buff4释放属性状态过滤 | J11: buff4释放属性状态条件 | K11: buff4释放buff状态过滤 | L11: buff4释放buff状态条件 | M11: buff4触发几率 | N11: buff4命中 | O11: buff4目标类型 | P11: buff4目标个数 | Q11: buff4排序变量 | R11: buff4持续回合 | S11: buff4效果
B12: 110 | C12: 怒气 | D12: 110 | E12: maxsp_value | H12: buff5类型id | I12: buff5释放属性状态过滤 | J12: buff5释放属性状态条件 | K12: buff5释放buff状态过滤 | L12: buff5释放buff状态条件 | M12: buff5触发几率 | N12: buff5命中 | O12: buff5目标类型 | P12: buff5目标个数 | Q12: buff5排序变量 | R12: buff5持续回合 | S12: buff5效果
B13: 120 | C13: 怒气值 | D13: 120 | E13: cursp_value | H13: buff6类型id | I13: buff6释放属性状态过滤 | J13: buff6释放属性状态条件 | K13: buff6释放buff状态过滤 | L13: buff6释放buff状态条件 | M13: buff6触发几率 | N13: buff6命中 | O13: buff6目标类型 | P13: buff6目标个数 | Q13: buff6排序变量 | R13: buff6持续回合 | S13: buff6效果
B14: 130 | C14: 物理攻击 | D14: 130 | E14: phyattack_value | H14: buff7类型id | I14: buff7释放属性状态过滤 | J14: buff7释放属性状态条件 | K14: buff7释放buff状态过滤 | L14: buff7释放buff状态条件 | M14: buff7触发几率 | N14: buff7命中 | O14: buff7目标类型 | P14: buff7目标个数 | Q14: buff7排序变量 | R14: buff7持续回合 | S14: buff7效果
B15: 140 | C15: 物理防御 | D15: 140 | E15: defend_value | H15: buff8类型id | I15: buff8释放属性状态过滤 | J15: buff8释放属性状态条件 | K15: buff8释放buff状态过滤 | L15: buff8释放buff状态条件 | M15: buff8触发几率 | N15: buff8命中 | O15: buff8目标类型 | P15: buff8目标个数 | Q15: buff8排序变量 | R15: buff8持续回合 | S15: buff8效果
B16: 150 | C16: 法术攻击 | D16: 150 | E16: magicattack_value | H16: buff9类型id | I16: buff9释放属性状态过滤 | J16: buff9释放属性状态条件 | K16: buff9释放buff状态过滤 | L16: buff9释放buff状态条件 | M16: buff9触发几率 | N16: buff9命中 | O16: buff9目标类型 | P16: buff9目标个数 | Q16: buff9排序变量 | R16: buff9持续回合 | S16: buff9效果
B17: 160 | C17: 法术防御 | D17: 160 | E17: magicdef_value | H17: buff10类型id | I17: buff10释放属性状态过滤 | J17: buff10释放属性状态条件 | K17: buff10释放buff状态过滤 | L17: buff10释放buff状态条件 | M17: buff10触发几率 | N17: buff10命中 | O17: buff10目标类型 | P17: buff10目标个数 | Q17: buff10排序变量 | R17: buff10持续回合 | S17: buff10效果
B18: 170 | C18: 治疗强度 | D18: 170 | E18: medical_value | H18: buff11类型id | I18: buff11释放属性状态过滤 | J18: buff11释放属性状态条件 | K18: buff11释放buff状态过滤 | L18: buff11释放buff状态条件 | M18: buff11触发几率 | N18: buff11命中 | O18: buff11目标类型 | P18: buff11目标个数 | Q18: buff11排序变量 | R18: buff11持续回合 | S18: buff11效果
B19: 180 | C19: 控制命中 | D19: 180 | E19: sealhit_value | H19: buff12类型id | I19: buff12释放属性状态过滤 | J19: buff12释放属性状态条件 | K19: buff12释放buff状态过滤 | L19: buff12释放buff状态条件 | M19: buff12触发几率 | N19: buff12命中 | O19: buff12目标类型 | P19: buff12目标个数 | Q19: buff12排序变量 | R19: buff12持续回合 | S19: buff12效果
B20: 190 | C20: 控制抗性 | D20: 190 | E20: unseal_value
B21: 200 | C21: 速度 | D21: 200 | E21: speed_value | G21: 取出属性 | H21: 所有战斗属性
B22: 210 | C22: 命中 | D22: 210 | E22: hit_value | H22: 插入对应的技能脚本修正参数
B23: 220 | C23: 闪避 | D23: 220 | E23: dodge_value
B24: 230 | C24: 物理暴击 | D24: 230 | E24: phycruellv_value | G24: 按技能阶段包含的效果buff一个阶段一个阶段执行
B25: 240 | C25: 物理抗暴 | D25: 240 | E25: resistcruel_value | G25: 该阶段buff全部不能释放则跳过该阶段，该阶段buff全部闪避则客户端播放闪避动作
B26: 250 | C26: 物理暴伤 | D26: 250 | E26: phycrueldegree_value | G26: 每个buff的执行流程 | H26: //该次buff内部参数
B27: 260 | C27: 法术暴击 | D27: 260 | E27: magiccruellv_value | H27: 该效果buff释放条件
B28: 270 | C28: 法术抗暴 | D28: 270 | E28: resistmagiccrule_value | H28: 物理攻击 | I28: 物理防御
B29: 280 | C29: 法术暴伤 | D29: 280 | E29: magiccrueldegree_value | H29: 物理伤害效果修正 | I29: 被物理伤害修正
B30: 290 | C30: 治疗暴击 | D30: 290 | E30: heallv_value | H30: 物理穿透 | I30: 物理抵抗
B31: 300 | C31: 治疗暴击量 | D31: 300 | E31: healdegree_value | H31: 最低物理伤害 | I31: 伤害浮动值
B32: 310 | C32: 忽视物理防御几率 | D32: 310 | E32: phynodefrate_value | H32: 忽视物理防御率=忽视物理防御几率 | I32: 忽视物理防御系数=忽视物理防御系数
B33: 320 | C33: 忽视物理防御系数 | D33: 320 | E33: phynodefdegree_value | H33: 物理暴击率=（物理暴击/1000-物理抗暴/1000）+(物理暴击几率修正-被物理暴击几率修正）
B34: 330 | C34: 忽视法术防御几率 | D34: 330 | E34: magicnodefrate_value | H34: 物理暴伤=物理暴伤
B35: 340 | C35: 忽视法术防御系数 | D35: 340 | E35: magicnodefdegree_value | H35: 是否防御=靠客户端给 | I35: 防御减免伤害系数=防御减免伤害系数
B36: 350 | C36: 吸血几率 | D36: 350 | E36: xixuerate_value | H36: 格挡率=格挡几率-攻击时被格挡几率修正 | I36: 格挡减免伤害系数=格挡减免伤害系数
B37: 360 | C37: 吸血系数 | D37: 360 | E37: xixuedegree_value | H37: 是否主动保护=靠客户端给
B38: 370 | C38: 打蓝几率 | D38: 370 | E38: dalanrate_value | H38: 每个组合被动保护概率=默认自动保护率+好友度加成自动保护率 | I38: 保护分担伤害系数=保护分担伤害系数
B39: 380 | C39: 打蓝系数（原吸蓝比例改成打蓝比例） | D39: 380 | E39: xilandegree_value | H39: 打蓝率=打蓝几率 | I39: 打蓝系数=打蓝系数
B40: 390 | C40: 上毒几率 | D40: 390 | E40: poisonrate_value | H40: 吸血率=吸血几率 | I40: 吸血系数=吸血系数
B41: 400 | C41: 毒掉血系数 | D41: 400 | E41: poisonxue_value | H41: 上毒几率=上毒几率-攻击和被攻击时中毒几率修正 | I41: 被动毒感染几率=被动毒感染几率-攻击和被攻击时中毒几率修正 | J41: 毒掉血系数=毒掉血系数 | K41: 毒掉蓝系数=毒掉血系数 | L41: 毒回合数=毒回合数
B42: 410 | C42: 毒掉蓝系数 | D42: 410 | E42: poisonlan_value | H42: 灵魂禁锢率=灵魂禁锢几率-被灵魂禁锢几率修正 | I42: 灵魂禁锢回合数=灵魂禁锢回合数
B43: 420 | C43: 毒回合数 | D43: 420 | E43: poisonhuihe_value | H43: 溅射率=溅射几率 | I43: 溅射数量=溅射数量 | J43: 溅射伤害系数=溅射伤害系数
B44: 430 | C44: 灵魂禁锢几率 | D44: 430 | E44: deadjijngurate_value | H44: 反震率=反震几率-攻击时被反震几率修正 | I44: 反震伤害系数=反震伤害系数
B45: 440 | C45: 灵魂禁锢回合数 | D45: 440 | E45: deadjinguhuihe_value | H45: 神佑率=神佑几率-攻击时被神佑几率修正 | I45: 神佑复活血量系数=神佑复活血量系数
B46: 450 | C46: 物理连击几率 | D46: 450 | E46: comborate_value | H46: 反击率=反击几率-攻击时被反击几率修正 | I46: 反击伤害系数=反击伤害系数
B47: 460 | C47: 物理连击伤害系数 | D47: 460 | E47: comboratedegree_value | H47: 物理连击率=物理连击几率 | I47: 物理连击伤害系数=物理连击伤害系数 | J47: 物理连击次数上限=物理连击次数上限
B48: 470 | C48: 物理连击次数上限（原连击次数改成连击次数上限） | D48: 470 | E48: phycombolimit_value | H48: 追击率=追击几率 | I48: 追击伤害系数=物理连击伤害系数 | J48: 追击次数上限=追击次数上限
B49: 480 | C49: 法术连击几率 | D49: 480 | E49: magicdouble_value | H49: 是否可被击飞=是否可被击飞
B50: 490 | C50: 法术连击伤害系数 | D50: 490 | E50: magiccombo_value | H50: 插入对应的技能脚本修正参数
B51: 500 | C51: 法术连击刺伤上限 | D51: 500 | E51: magiccombolimit_value
B52: 510 | C52: 追击几率 | D52: 510 | E52: zhuijirate_value | H52: 判断buff是否能释放
B53: 520 | C53: 追击伤害系数 | D53: 520 | E53: zhuijidegree_value | H53: 判断是否闪避
B54: 530 | C54: 追击次数上限 | D54: 530 | E54: zhuijinum_value | H54: 命中率=命中/1000-闪避/1000 (命中率由技能表内buff命中逻辑参数配置)
B55: 540 | C55: 溅射几率 | D55: 540 | E55: splashrate_value | H55: 如果闪避，跳过该buff
B56: 550 | C56: 溅射伤害系数 | D56: 550 | E56: splashdegree_value | H56: 创建效果值=物理攻击-物理防御(效果值基础公式由技能表buff效果逻辑参数配置)
B57: 560 | C57: 溅射数量 | D57: 560 | E57: splashnum_value | H57: 判断是否忽视物理防御
B58: 570 | C58: 格挡几率 | D58: 570 | E58: blockrate_value | H58: 忽视物理防御率 忽视物理防御系数
B59: 580 | C59: 格挡减伤系数 | D59: 580 | E59: blockratedegree_value | H59: 如果忽视物理防御：效果值=效果值+物理防御*（1-忽视物理防御系数）
B60: 590 | C60: 反震几率 | D60: 590 | E60: fanzhenrate_value | H60: 判断是否物理暴击
B61: 600 | C61: 反震伤害系数 | D61: 600 | E61: fanzhendegree_value | H61: 物理暴击率 物理暴伤
B62: 610 | C62: 反击几率 | D62: 610 | E62: fanjirate_value | H62: 如果暴击：效果值=效果值*（1+物理暴伤/1000）
B63: 620 | C63: 反击伤害系数 | D63: 620 | E63: fanjidegree_value | H63: 加上效果值修正和穿透计算并随机
... B107: 2180 | C107: 被治疗暴击 | D107: 2180 | E107: onheallv_value | H107: 如果目标没有死亡且当前物理连击次数没有达到上限，判断是否物理连击
B108: 服务器参数 | C108: gs/propties/battle | H108: 物理连击几率 物理连击伤害系数 物理连击次数上限
C109: 乱速浮动值 | D109: 0.05 | H109: 如果目标没有死亡且当前追击次数没有达到上限，判断是否追击
C110: 防御减伤系数 | D110: 0.5 | H110: 追击几率 追击伤害系数 追击次数上限
C111: 默认自动保护率 | D111: 0.01 | H111: 如果目标死亡，判断是否可被击飞
C112: 保护分担伤害系数 | D112: 0.5 | H112: 主角不可被击飞
C113: 最低物理伤害系数 | D113: 0.1 | H113: 有等待复活技能的宠物不被击飞，其他被击飞
C114: 控制基础命中率 | D114: 0.66 | H114: 有等待复活技能的怪物不可被击飞，其他可被击飞，怪物具体是否被击飞由怪物表配置
C115: 控制命中率上限 | D115: 0.98 | G115: 其他类型效果buff还可能需要用到的被动事件
C116: 控制衰减系数 | D116: 0.9 | H116: 忽视法术防御
C117: 控制增长系数 | D117: 0.95 | H117: 忽视法术防御几率 忽视法术防御系数
C118: 最低物理暴击率 | D118: 0.03 | H118: 法术暴击
C119: 最低法术暴击率 | D119: 0.03 | H119: 法术暴击率=（法术暴击/1000-法术抗暴/1000）+(法术暴击几率修正-被法术暴击几率修正）
C120: 最低治疗暴击率 | D120: 0.02 | H120: 法术暴伤
C121: 被动毒感染几率 | D121: 0.15 | H121: 治疗暴击
C122: 好友度自动保护概率加成表 | H122: 治疗暴击率=治疗暴击/1000+(治疗暴击几率修正+被治疗暴击几率修正）
H123: 火元素法术吸收
H124: 水元素法术吸收
H125: 土元素法术吸收
H126: 雷元素法术吸收
H127: 预留元素法术吸收
G129: 法伤公式 | H129: 法术暴击率=（法术暴击/1000-法术抗暴/1000）+(法术暴击几率修正-被法术暴击几率修正）
H130: 法术伤害=(法攻*技能放大系数-法防+技能等级*技能伤害系数)*(1+法术暴伤/1000)*（1+法术伤害效果修正-被法术伤害效果修正）（1+法术穿透/1000）*（1-法术抵抗/1000）
H131: 法术伤害=法术伤害*random[（1-法术波动）,（1+法术波动）]
H132: 法术伤害最小伤害=技能等级*技能伤害系数
G134: 治疗公式 | H134: 治疗暴击率=（治疗暴击/1000+被治疗暴击/1000)+（治疗暴击几率修正+被治疗暴击几率修正）
H135: 治疗量=（治疗强度+技能等级*技能伤害系数）*（1+治疗暴击量/1000）*（1+治疗效果修正+被治疗效果修正）*（1+治疗加深/1000+被治疗加深/1000）
H136: 治疗量=治疗量*random[（1-治疗波动）,（1+治疗波动）]
G138: 控制命中公式 | H138: 当控制命中小于对方控制抗性时
H139: 控制命中率=控制基础命中*控制衰减系数^(控制抗性/10-控制命中/10)+（控制几率修正-控制几率修正）+（控制加成/1000-控制免疫/1000）
H140: 当控制命中大于对方控制抗性时
H141: 控制命中率=控制命中上限-（控制命中上限-控制基础命中）*控制增长系数^(控制命中/10-控制抗性/10)+（控制几率修正-控制几率修正）+（控制加成/1000-控制免疫/1000）
H144: 暴击、抗暴、暴伤、穿透、抵抗、加深、加成、免疫用千分位，除以1000换算
H145: 控制抗性、控制命中计算时要除以10换算

Sheet 属性投放
C2: 属性投放标准模板 | D2: 生命 | E2: 魔法 | F2: 物攻 | G2: 物防 | H2: 法攻 | I2: 法防 | J2: 速度 | K2: 治疗强度 | L2: 控制命中 | M2: 控制抗性 | N2: 标准角色物攻回合数 | O2: 标准角色法攻回合数 | P2: 标准角色治疗平均回合数
D3: =ROUND(SUM(E36:E53),2) -> 57.4 | E3: =ROUND(SUM(F36:F53),2) -> 48.2 | F3: =ROUND(SUM(G36:G53),2) -> 19.3 | G3: =ROUND(SUM(H36:H53),2) -> 9.7 | H3: =ROUND(SUM(I36:I53),2) -> 14.3 | I3: =ROUND(SUM(J36:J53),2) -> 10.9 | J3: =ROUND(SUM(K36:K53),2) -> 7.25 | K3: =ROUND(SUM(L36:L53),2) -> 5.1 | ... M3: =ROUND(SUM(N36:N53),2) -> 11.1 | N3: =D3/((F3*(1+E8)-G3+F8)*(1+G8)*(1+H8))/I8 -> 4.0901836 | O3: =D3/((H3*(1+E9)-I3+F9)*(1+G9)*(1+H9))/I9 -> 8.1673307 | P3: =D3/((K3*(1+E10)+F10)*(1+G10)*(1+H10))/I10 -> 6.6853017
C4: 主角初始属性 | D4: 200 | E4: 200 | F4: 100 | G4: 50 | H4: 80 | I4: 40 | J4: 30 | K4: 20 | L4: 0 | M4: 0
O6: =3700/O3 -> 453.02439 | P6: =3700/P3 -> 553.45296
E7: 技能附加百分比系数 | F7: 技能附加点数系数 | G7: 平均阵法加成 | H7: 修炼平均加强系数 | I7: 单位数衰减
D8: 物攻 | E8: 0.1 | F8: 1 | G8: 0.12 | H8: 0 | I8: 1
D9: 法攻 | E9: 0.5 | F9: 2 | G9: 0.12 | H9: 0 | I9: 0.5
D10: 治疗 | E10: 0 | F10: 3 | G10: 0 | H10: 0.06 | I10: 1
D13: 角色属性标准投放-模块投放比重 | E13: 生命 | F13: 魔法 | G13: 物攻 | H13: 物防 | I13: 法攻 | J13: 法防 | K13: 速度 | L13: 治疗强度 | M13: 控制命中 | N13: 控制抗性
C14: 固定属性 | D14: 装备白属性 | E14: =ROUND(E36/D$3,3) -> 0.286 | F14: =ROUND(F36/E$3,3) -> 0.17 | G14: =ROUND(G36/F$3,3) -> 0.425 | H14: =ROUND(H36/G$3,3) -> 0.423 | I14: =ROUND(I36/H$3,3) -> 0.287 | J14: =ROUND(J36/I$3,3) -> 0.22 | K14: =ROUND(K36/J$3,3) -> 0.179 | L14: =ROUND(L36/K$3,3) -> 0.588 | ... N14: =ROUND(N36/M$3,3) -> 0
D15: 公会技能 | E15: =ROUND(E37/D$3,3) -> 0.174 | F15: =ROUND(F37/E$3,3) -> 0.207 | G15: =ROUND(G37/F$3,3) -> 0 | H15: =ROUND(H37/G$3,3) -> 0 | I15: =ROUND(I37/H$3,3) -> 0 | J15: =ROUND(J37/I$3,3) -> 0 | K15: =ROUND(K37/J$3,3) -> 0 | L15: =ROUND(L37/K$3,3) -> 0 | ... N15: =ROUND(N37/M$3,3) -> 0
D16: 装备打符 | E16: =ROUND(E38/D$3,3) -> 0.087 | F16: =ROUND(F38/E$3,3) -> 0 | G16: =ROUND(G38/F$3,3) -> 0.052 | H16: =ROUND(H38/G$3,3) -> 0.103 | I16: =ROUND(I38/H$3,3) -> 0.07 | J16: =ROUND(J38/I$3,3) -> 0.092 | K16: =ROUND(K38/J$3,3) -> 0.069 | L16: =ROUND(L38/K$3,3) -> 0.098 | ... N16: =ROUND(N38/M$3,3) -> 0.027
E17: =ROUND(E39/D$3,3) -> 0 | F17: =ROUND(F39/E$3,3) -> 0 | G17: =ROUND(G39/F$3,3) -> 0 | H17: =ROUND(H39/G$3,3) -> 0 | I17: =ROUND(I39/H$3,3) -> 0 | J17: =ROUND(J39/I$3,3) -> 0 | K17: =ROUND(K39/J$3,3) -> 0 | L17: =ROUND(L39/K$3,3) -> 0 | ... N17: =ROUND(N39/M$3,3) -> 0
E18: =ROUND(E40/D$3,3) -> 0 | F18: =ROUND(F40/E$3,3) -> 0 | G18: =ROUND(G40/F$3,3) -> 0 | H18: =ROUND(H40/G$3,3) -> 0 | I18: =ROUND(I40/H$3,3) -> 0 | J18: =ROUND(J40/I$3,3) -> 0 | K18: =ROUND(K40/J$3,3) -> 0 | L18: =ROUND(L40/K$3,3) -> 0 | ... N18: =ROUND(N40/M$3,3) -> 0
E19: =ROUND(E41/D$3,3) -> 0 | F19: =ROUND(F41/E$3,3) -> 0 | G19: =ROUND(G41/F$3,3) -> 0 | H19: =ROUND(H41/G$3,3) -> 0 | I19: =ROUND(I41/H$3,3) -> 0 | J19: =ROUND(J41/I$3,3) -> 0 | K19: =ROUND(K41/J$3,3) -> 0 | L19: =ROUND(L41/K$3,3) -> 0 | ... N19: =ROUND(N41/M$3,3) -> 0
E20: =ROUND(E42/D$3,3) -> 0 | F20: =ROUND(F42/E$3,3) -> 0 | G20: =ROUND(G42/F$3,3) -> 0 | H20: =ROUND(H42/G$3,3) -> 0 | I20: =ROUND(I42/H$3,3) -> 0 | J20: =ROUND(J42/I$3,3) -> 0 | K20: =ROUND(K42/J$3,3) -> 0 | L20: =ROUND(L42/K$3,3) -> 0 | ... N20: =ROUND(N42/M$3,3) -> 0
E21: =ROUND(E43/D$3,3) -> 0 | F21: =ROUND(F43/E$3,3) -> 0 | G21: =ROUND(G43/F$3,3) -> 0 | H21: =ROUND(H43/G$3,3) -> 0 | I21: =ROUND(I43/H$3,3) -> 0 | J21: =ROUND(J43/I$3,3) -> 0 | K21: =ROUND(K43/J$3,3) -> 0 | L21: =ROUND(L43/K$3,3) -> 0 | ... N21: =ROUND(N43/M$3,3) -> 0
E22: =ROUND(E44/D$3,3) -> 0 | F22: =ROUND(F44/E$3,3) -> 0 | G22: =ROUND(G44/F$3,3) -> 0 | H22: =ROUND(H44/G$3,3) -> 0 | I22: =ROUND(I44/H$3,3) -> 0 | J22: =ROUND(J44/I$3,3) -> 0 | K22: =ROUND(K44/J$3,3) -> 0 | L22: =ROUND(L44/K$3,3) -> 0 | ... N22: =ROUND(N44/M$3,3) -> 0
C23: 加点层面选择属性 | D23: 自然成长 | E23: =ROUND(E45/D$3,3) -> 0.139 | F23: =ROUND(F45/E$3,3) -> 0.104 | G23: =ROUND(G45/F$3,3) -> 0.052 | H23: =ROUND(H45/G$3,3) -> 0.227 | I23: =ROUND(I45/H$3,3) -> 0.07 | J23: =ROUND(J45/I$3,3) -> 0.22 | K23: =ROUND(K45/J$3,3) -> 0.29 | L23: =ROUND(L45/K$3,3) -> 0 | ... N23: =ROUND(N45/M$3,3) -> 0
D24: 手动加点 | E24: =ROUND(E46/D$3,3) -> 0.139 | F24: =ROUND(F46/E$3,3) -> 0.415 | G24: =ROUND(G46/F$3,3) -> 0.207 | H24: =ROUND(H46/G$3,3) -> 0 | I24: =ROUND(I46/H$3,3) -> 0.28 | J24: =ROUND(J46/I$3,3) -> 0.257 | K24: =ROUND(K46/J$3,3) -> 0.138 | L24: =ROUND(L46/K$3,3) -> 0 | ... N24: =ROUND(N46/M$3,3) -> 0
D25: 装备附加 | E25: =ROUND(E47/D$3,3) -> 0.035 | F25: =ROUND(F47/E$3,3) -> 0.104 | G25: =ROUND(G47/F$3,3) -> 0.052 | H25: =ROUND(H47/G$3,3) -> 0 | I25: =ROUND(I47/H$3,3) -> 0.07 | J25: =ROUND(J47/I$3,3) -> 0.064 | K25: =ROUND(K47/J$3,3) -> 0.034 | L25: =ROUND(L47/K$3,3) -> 0 | ... N25: =ROUND(N47/M$3,3) -> 0
E26: =ROUND(E48/D$3,3) -> 0 | F26: =ROUND(F48/E$3,3) -> 0 | G26: =ROUND(G48/F$3,3) -> 0 | H26: =ROUND(H48/G$3,3) -> 0 | I26: =ROUND(I48/H$3,3) -> 0 | J26: =ROUND(J48/I$3,3) -> 0 | K26: =ROUND(K48/J$3,3) -> 0 | L26: =ROUND(L48/K$3,3) -> 0 | ... N26: =ROUND(N48/M$3,3) -> 0
E27: =ROUND(E49/D$3,3) -> 0 | F27: =ROUND(F49/E$3,3) -> 0 | G27: =ROUND(G49/F$3,3) -> 0 | H27: =ROUND(H49/G$3,3) -> 0 | I27: =ROUND(I49/H$3,3) -> 0 | J27: =ROUND(J49/I$3,3) -> 0 | K27: =ROUND(K49/J$3,3) -> 0 | L27: =ROUND(L49/K$3,3) -> 0 | ... N27: =ROUND(N49/M$3,3) -> 0
C28: 职业层面选择属性 | D28: 宝石1 | E28: =ROUND(E50/D$3,3) -> 0.07 | F28: =ROUND(F50/E$3,3) -> 0 | G28: =ROUND(G50/F$3,3) -> 0.041 | H28: =ROUND(H50/G$3,3) -> 0.124 | I28: =ROUND(I50/H$3,3) -> 0.042 | J28: =ROUND(J50/I$3,3) -> 0.073 | K28: =ROUND(K50/J$3,3) -> 0.11 | L28: =ROUND(L50/K$3,3) -> 0.157 | ... N28: =ROUND(N50/M$3,3) -> 0.036
D29: 宝石2 | E29: =ROUND(E51/D$3,3) -> 0.07 | F29: =ROUND(F51/E$3,3) -> 0 | G29: =ROUND(G51/F$3,3) -> 0.041 | H29: =ROUND(H51/G$3,3) -> 0.124 | I29: =ROUND(I51/H$3,3) -> 0.042 | J29: =ROUND(J51/I$3,3) -> 0.073 | K29: =ROUND(K51/J$3,3) -> 0.11 | L29: =ROUND(L51/K$3,3) -> 0.157 | ... N29: =ROUND(N51/M$3,3) -> 0.036
D30: 职业技能被动 | E30: =ROUND(E52/D$3,3) -> 0 | F30: =ROUND(F52/E$3,3) -> 0 | G30: =ROUND(G52/F$3,3) -> 0.13 | H30: =ROUND(H52/G$3,3) -> 0 | I30: =ROUND(I52/H$3,3) -> 0.14 | J30: =ROUND(J52/I$3,3) -> 0 | K30: =ROUND(K52/J$3,3) -> 0.069 | L30: =ROUND(L52/K$3,3) -> 0 | ... N30: =ROUND(N52/M$3,3) -> 0.901
E31: =ROUND(E53/D$3,3) -> 0 | F31: =ROUND(F53/E$3,3) -> 0 | G31: =ROUND(G53/F$3,3) -> 0 | H31: =ROUND(H53/G$3,3) -> 0 | I31: =ROUND(I53/H$3,3) -> 0 | J31: =ROUND(J53/I$3,3) -> 0 | K31: =ROUND(K53/J$3,3) -> 0 | L31: =ROUND(L53/K$3,3) -> 0 | ... N31: =ROUND(N53/M$3,3) -> 0
D32: 合计 | E32: =SUM(E14:E31) -> 1 | F32: =SUM(F14:F31) -> 1 | G32: =SUM(G14:G31) -> 1 | H32: =SUM(H14:H31) -> 1.001 | I32: =SUM(I14:I31) -> 1.001 | J32: =SUM(J14:J31) -> 0.999 | K32: =SUM(K14:K31) -> 0.999 | L32: =SUM(L14:L31) -> 1 | ... N32: =SUM(N14:N31) -> 1
D33: 固定部分比重 | E33: =SUM(E14:E16) -> 0.547 | F33: =SUM(F14:F16) -> 0.377 | G33: =SUM(G14:G16) -> 0.477 | H33: =SUM(H14:H16) -> 0.526 | I33: =SUM(I14:I16) -> 0.357 | J33: =SUM(J14:J16) -> 0.312 | K33: =SUM(K14:K16) -> 0.248 | L33: =SUM(L14:L16) -> 0.686 | ... N33: =SUM(N14:N16) -> 0.027
D35: 属性成长标准投放-模块投放量 | E35: 生命 | F35: 魔法 | G35: 物攻 | H35: 物防 | I35: 法攻 | J35: 法防 | K35: 速度 | L35: 治疗强度 | M35: 控制命中 | N35: 控制抗性
C36: 固定属性 | D36: 装备白属性 | E36: 16.4 | F36: 8.2 | G36: 8.2 | H36: 4.1 | I36: 4.1 | J36: 2.4 | K36: 1.3 | L36: 3 | M36: 0 | N36: 0 | O36: 16.4 | P36: 8.2 | Q36: 8.2 | R36: 4.1 | S36: 4.1 | T36: 2.4 | U36: 1.3 | V36: 3 | W36: 0 | X36: 0
D37: 公会技能 | E37: 10 | F37: 10 | G37: 0 | H37: 0 | I37: 0 | J37: 0 | K37: 0 | L37: 0 | M37: 0 | N37: 0 | O37: 10 | P37: 10 | Q37: 0 | R37: 0 | S37: 0 | T37: 0 | U37: 0 | V37: 0 | W37: 0 | X37: 0
D38: 装备附魔 | E38: 5 | F38: 0 | G38: 1 | H38: 1 | I38: 1 | J38: 1 | K38: 0.5 | L38: 0.5 | M38: 0.3 | N38: 0.3 | O38: 5 | P38: 0 | Q38: 1 | R38: 1 | S38: 1 | T38: 1 | U38: 0.5 | V38: 0.5 | W38: 0.3 | X38: 0.3
E39: 0 | F39: 0 | G39: 0 | H39: 0 | I39: 0 | J39: 0 | K39: 0 | L39: 0 | M39: 0 | N39: 0 | O39: 0 | P39: 0 | Q39: 0 | R39: 0 | S39: 0 | T39: 0 | U39: 0 | V39: 0 | W39: 0 | X39: 0
E40: 0 | F40: 0 | G40: 0 | H40: 0 | I40: 0 | J40: 0 | K40: 0 | L40: 0 | M40: 0 | N40: 0 | O40: 0 | P40: 0 | Q40: 0 | R40: 0 | S40: 0 | T40: 0 | U40: 0 | V40: 0 | W40: 0 | X40: 0
E41: 0 | F41: 0 | G41: 0 | H41: 0 | I41: 0 | J41: 0 | K41: 0 | L41: 0 | M41: 0 | N41: 0 | O41: 0 | P41: 0 | Q41: 0 | R41: 0 | S41: 0 | T41: 0 | U41: 0 | V41: 0 | W41: 0 | X41: 0
E42: 0 | F42: 0 | G42: 0 | H42: 0 | I42: 0 | J42: 0 | K42: 0 | L42: 0 | M42: 0 | N42: 0 | O42: 0 | P42: 0 | Q42: 0 | R42: 0 | S42: 0 | T42: 0 | U42: 0 | V42: 0 | W42: 0 | X42: 0
E43: 0 | F43: 0 | G43: 0 | H43: 0 | I43: 0 | J43: 0 | K43: 0 | L43: 0 | M43: 0 | N43: 0 | O43: 0 | P43: 0 | Q43: 0 | R43: 0 | S43: 0 | T43: 0 | U43: 0 | V43: 0 | W43: 0 | X43: 0
E44: 0 | F44: 0 | G44: 0 | H44: 0 | I44: 0 | J44: 0 | K44: 0 | L44: 0 | M44: 0 | N44: 0 | O44: 0 | P44: 0 | Q44: 0 | R44: 0 | S44: 0 | T44: 0 | U44: 0 | V44: 0 | W44: 0 | X44: 0
C45: 加点层面选择属性 | D45: 自然成长 | E45: 8 | F45: 5 | G45: 1 | H45: 2.2 | I45: 1 | J45: 2.4 | K45: 2.1 | L45: 0 | M45: 0 | N45: 0 | O45: 8 | P45: 5 | Q45: 1 | R45: 2.2 | S45: 1 | T45: 2.4 | U45: 2.1 | V45: 0 | W45: 0 | X45: 0
D46: 手动加点 | E46: 8 | F46: 20 | G46: 4 | H46: 0 | I46: 4 | J46: 2.8 | K46: 1 | L46: 0 | M46: 0 | N46: 0 | O46: 8 | P46: 20 | Q46: 4 | R46: 0 | S46: 4 | T46: 2.8 | U46: 1 | V46: 0 | W46: 0 | X46: 0
D47: 装备附加 | E47: 2 | F47: 5 | G47: 1 | H47: 0 | I47: 1 | J47: 0.7 | K47: 0.25 | L47: 0 | M47: 0 | N47: 0 | O47: =O46/4 -> 2 | P47: =P46/4 -> 5 | Q47: =Q46/4 -> 1 | R47: =R46/4 -> 0 | S47: =S46/4 -> 1 | T47: =T46/4 -> 0.7 | U47: =U46/4 -> 0.25 | V47: =V46/4 -> 0 | ... X47: =X46/4 -> 0
E48: 0 | F48: 0 | G48: 0 | H48: 0 | I48: 0 | J48: 0 | K48: 0 | L48: 0 | M48: 0 | N48: 0 | O48: 0 | P48: 0 | Q48: 0 | R48: 0 | S48: 0 | T48: 0 | U48: 0 | V48: 0 | W48: 0 | X48: 0
E49: 0 | F49: 0 | G49: 0 | H49: 0 | I49: 0 | J49: 0 | K49: 0 | L49: 0 | M49: 0 | N49: 0 | O49: 0 | P49: 0 | Q49: 0 | R49: 0 | S49: 0 | T49: 0 | U49: 0 | V49: 0 | W49: 0 | X49: 0
C50: 职业层面选择属性 | D50: 宝石1 | E50: 4 | F50: 0 | G50: 0.8 | H50: 1.2 | I50: 0.6 | J50: 0.8 | K50: 0.8 | L50: 0.8 | M50: 0.3 | N50: 0.4 | O50: 4 | P50: 0 | Q50: 0.8 | R50: 1.2 | S50: 0.6 | T50: 0.8 | U50: 0.8 | V50: 0.8 | W50: 0.3 | X50: 0.4
D51: 宝石2 | E51: 4 | F51: 0 | G51: 0.8 | H51: 1.2 | I51: 0.6 | J51: 0.8 | K51: 0.8 | L51: 0.8 | M51: 0.3 | N51: 0.4 | O51: =O50 -> 4 | P51: =P50 -> 0 | Q51: =Q50 -> 0.8 | R51: =R50 -> 1.2 | S51: =S50 -> 0.6 | T51: =T50 -> 0.8 | U51: =U50 -> 0.8 | V51: =V50 -> 0.8 | ... X51: =X50 -> 0.4
D52: 职业技能被动 | E52: 0 | F52: 0 | G52: 2.5 | H52: 0 | I52: 2 | J52: 0 | K52: 0.5 | L52: 0 | M52: 10 | N52: 10 | O52: 0 | P52: 0 | Q52: 2.5 | R52: 0 | S52: 2 | T52: 0 | U52: 0.5 | V52: 0 | W52: 10 | X52: 10
E53: 0 | F53: 0 | G53: 0 | H53: 0 | I53: 0 | J53: 0 | K53: 0 | L53: 0 | M53: 0 | N53: 0 | O53: 0 | P53: 0 | Q53: 0 | R53: 0 | S53: 0 | T53: 0 | U53: 0 | V53: 0 | W53: 0 | X53: 0
O54: =SUM(O36:O53) -> 57.4 | P54: =SUM(P36:P53) -> 48.2 | Q54: =SUM(Q36:Q53) -> 19.3 | R54: =SUM(R36:R53) -> 9.7 | S54: =SUM(S36:S53) -> 14.3 | T54: =SUM(T36:T53) -> 10.9 | U54: =SUM(U36:U53) -> 7.25 | V54: =SUM(V36:V53) -> 5.1 | ... X54: =SUM(X36:X53) -> 11.1
C56: 标准职业能力总成长定义 | D56: 生命 | E56: 魔法 | F56: 物攻 | G56: 物防 | H56: 法攻 | I56: 法防 | J56: 速度 | K56: 治疗强度 | L56: 控制命中 | M56: 控制抗性
C57: 标准战士 | D57: 1 | F57: 1 | I57: 1 | J57: 1 | N57: 战士
C58: 标准圣骑 | N58: 圣骑
C59: 标准猎人 | N59: 猎人
C60: 标准德鲁伊 | N60: 德鲁伊
C61: 标准法师 | E61: 1 | G61: 1 | H61: 1 | N61: 法师
C62: 标准牧师 | K62: 1 | N62: 牧师
C63: 标准萨满 | N63: 萨满
C64: 标准盗贼 | N64: 盗贼
C65: 标准术士 | L65: 1 | M65: 1 | N65: 术士
C67: 标准职业总成长差异对照
D68: 加点方式 | E68: 生命 | F68: 魔法 | G68: 物攻 | H68: 物防 | I68: 法攻 | J68: 法防 | K68: 速度 | L68: 治疗强度 | M68: 控制命中 | N68: 控制抗性
C69: 标准战士 | D69: 10400 | E69: =ROUND(SUM(属性投放!E$36:E$45)+VLOOKUP($C69,一级属性!$E$41:$P$64,COLUMNS(一级属性!$E$41:G$64),0)*(1+0.25)+VLOOKUP($C69,宝石属性!$B$43:$M$66,COLUMNS(宝石属性!$B$43:D$66),0)*2+VLOOKUP($C69,职业被动!$B$6:$M$29,COLUMNS(职业被动!$B$6:D$29),0),2) -> 57.4 | F69: =ROUND(SUM(属性投放!F$36:F$45)+VLOOKUP($C69,一级属性!$E$41:$P$64,COLUMNS(一级属性!$E$41:H$64),0)*(1+0.25)+VLOOKUP($C69,宝石属性!$B$43:$M$66,COLUMNS(宝石属性!$B$43:E$66),0)*2+VLOOKUP($C69,职业被动!$B$6:$M$29,COLUMNS(职业被动!$B$6:E$29),0),2) -> 23.2 | G69: =ROUND(SUM(属性投放!G$36:G$45)+VLOOKUP($C69,一级属性!$E$41:$P$64,COLUMNS(一级属性!$E$41:I$64),0)*(1+0.25)+VLOOKUP($C69,宝石属性!$B$43:$M$66,COLUMNS(宝石属性!$B$43:F$66),0)*2+VLOOKUP($C69,职业被动!$B$6:$M$29,COLUMNS(职业被动!$B$6:F$29),0),2) -> 19.3 | H69: =ROUND(SUM(属性投放!H$36:H$45)+VLOOKUP($C69,一级属性!$E$41:$P$64,COLUMNS(一级属性!$E$41:J$64),0)*(1+0.25)+VLOOKUP($C69,宝石属性!$B$43:$M$66,COLUMNS(宝石属性!$B$43:G$66),0)*2+VLOOKUP($C69,职业被动!$B$6:$M$29,COLUMNS(职业被动!$B$6:G$29),0),2) -> 10.7 | I69: =ROUND(SUM(属性投放!I$36:I$45)+VLOOKUP($C69,一级属性!$E$41:$P$64,COLUMNS(一级属性!$E$41:K$64),0)*(1+0.25)+VLOOKUP($C69,宝石属性!$B$43:$M$66,COLUMNS(宝石属性!$B$43:H$66),0)*2+VLOOKUP($C69,职业被动!$B$6:$M$29,COLUMNS(职业被动!$B$6:H$29),0),2) -> 6.1 | J69: =ROUND(SUM(属性投放!J$36:J$45)+VLOOKUP($C69,一级属性!$E$41:$P$64,COLUMNS(一级属性!$E$41:L$64),0)*(1+0.25)+VLOOKUP($C69,宝石属性!$B$43:$M$66,COLUMNS(宝石属性!$B$43:I$66),0)*2+VLOOKUP($C69,职业被动!$B$6:$M$29,COLUMNS(职业被动!$B$6:I$29),0),2) -> 10.9 | K69: =ROUND(SUM(属性投放!K$36:K$45)+VLOOKUP($C69,一级属性!$E$41:$P$64,COLUMNS(一级属性!$E$41:M$64),0)*(1+0.25)+VLOOKUP($C69,宝石属性!$B$43:$M$66,COLUMNS(宝石属性!$B$43:J$66),0)*2+VLOOKUP($C69,职业被动!$B$6:$M$29,COLUMNS(职业被动!$B$6:J$29),0),2) -> 7.25 | L69: =ROUND(SUM(属性投放!L$36:L$45)+VLOOKUP($C69,一级属性!$E$41:$P$64,COLUMNS(一级属性!$E$41:N$64),0)*(1+0.25)+VLOOKUP($C69,宝石属性!$B$43:$M$66,COLUMNS(宝石属性!$B$43:K$66),0)*2+VLOOKUP($C69,职业被动!$B$6:$M$29,COLUMNS(职业被动!$B$6:K$29),0),2) -> 3.5 | ... N69: =ROUND(SUM(属性投放!N$36:N$45)+VLOOKUP($C69,一级属性!$E$41:$P$64,COLUMNS(一级属性!$E$41:P$64),0)*(1+0.25)+VLOOKUP($C69,宝石属性!$B$43:$M$66,COLUMNS(宝石属性!$B$43:M$66),0)*2+VLOOKUP($C69,职业被动!$B$6:$M$29,COLUMNS(职业被动!$B$6:M$29),0),2) -> 11.1
C70: 标准圣骑 | D70: 13001 | E70: =ROUND(SUM(属性投放!E$36:E$45)+VLOOKUP($C70,一级属性!$E$41:$P$64,COLUMNS(一级属性!$E$41:G$64),0)*(1+0.25)+VLOOKUP($C70,宝石属性!$B$43:$M$66,COLUMNS(宝石属性!$B$43:D$66),0)*2+VLOOKUP($C70,职业被动!$B$6:$M$29,COLUMNS(职业被动!$B$6:D$29),0),2) -> 71.4 | F70: =ROUND(SUM(属性投放!F$36:F$45)+VLOOKUP($C70,一级属性!$E$41:$P$64,COLUMNS(一级属性!$E$41:H$64),0)*(1+0.25)+VLOOKUP($C70,宝石属性!$B$43:$M$66,COLUMNS(宝石属性!$B$43:E$66),0)*2+VLOOKUP($C70,职业被动!$B$6:$M$29,COLUMNS(职业被动!$B$6:E$29),0),2) -> 41.95 | G70: =ROUND(SUM(属性投放!G$36:G$45)+VLOOKUP($C70,一级属性!$E$41:$P$64,COLUMNS(一级属性!$E$41:I$64),0)*(1+0.25)+VLOOKUP($C70,宝石属性!$B$43:$M$66,COLUMNS(宝石属性!$B$43:F$66),0)*2+VLOOKUP($C70,职业被动!$B$6:$M$29,COLUMNS(职业被动!$B$6:F$29),0),2) -> 10.2 | H70: =ROUND(SUM(属性投放!H$36:H$45)+VLOOKUP($C70,一级属性!$E$41:$P$64,COLUMNS(一级属性!$E$41:J$64),0)*(1+0.25)+VLOOKUP($C70,宝石属性!$B$43:$M$66,COLUMNS(宝石属性!$B$43:G$66),0)*2+VLOOKUP($C70,职业被动!$B$6:$M$29,COLUMNS(职业被动!$B$6:G$29),0),2) -> 9.7 | I70: =ROUND(SUM(属性投放!I$36:I$45)+VLOOKUP($C70,一级属性!$E$41:$P$64,COLUMNS(一级属性!$E$41:K$64),0)*(1+0.25)+VLOOKUP($C70,宝石属性!$B$43:$M$66,COLUMNS(宝石属性!$B$43:H$66),0)*2+VLOOKUP($C70,职业被动!$B$6:$M$29,COLUMNS(职业被动!$B$6:H$29),0),2) -> 10.85 | J70: =ROUND(SUM(属性投放!J$36:J$45)+VLOOKUP($C70,一级属性!$E$41:$P$64,COLUMNS(一级属性!$E$41:L$64),0)*(1+0.25)+VLOOKUP($C70,宝石属性!$B$43:$M$66,COLUMNS(宝石属性!$B$43:I$66),0)*2+VLOOKUP($C70,职业被动!$B$6:$M$29,COLUMNS(职业被动!$B$6:I$29),0),2) -> 11.65 | K70: =ROUND(SUM(属性投放!K$36:K$45)+VLOOKUP($C70,一级属性!$E$41:$P$64,COLUMNS(一级属性!$E$41:M$64),0)*(1+0.25)+VLOOKUP($C70,宝石属性!$B$43:$M$66,COLUMNS(宝石属性!$B$43:J$66),0)*2+VLOOKUP($C70,职业被动!$B$6:$M$29,COLUMNS(职业被动!$B$6:J$29),0),2) -> 8.13 | L70: =ROUND(SUM(属性投放!L$36:L$45)+VLOOKUP($C70,一级属性!$E$41:$P$64,COLUMNS(一级属性!$E$41:N$64),0)*(1+0.25)+VLOOKUP($C70,宝石属性!$B$43:$M$66,COLUMNS(宝石属性!$B$43:K$66),0)*2+VLOOKUP($C70,职业被动!$B$6:$M$29,COLUMNS(职业被动!$B$6:K$29),0),2) -> 5.1 | ... N70: =ROUND(SUM(属性投放!N$36:N$45)+VLOOKUP($C70,一级属性!$E$41:$P$64,COLUMNS(一级属性!$E$41:P$64),0)*(1+0.25)+VLOOKUP($C70,宝石属性!$B$43:$M$66,COLUMNS(宝石属性!$B$43:M$66),0)*2+VLOOKUP($C70,职业被动!$B$6:$M$29,COLUMNS(职业被动!$B$6:M$29),0),2) -> 11.1
C71: 标准猎人 | D71: 10400 | E71: =ROUND(SUM(属性投放!E$36:E$45)+VLOOKUP($C71,一级属性!$E$41:$P$64,COLUMNS(一级属性!$E$41:G$64),0)*(1+0.25)+VLOOKUP($C71,宝石属性!$B$43:$M$66,COLUMNS(宝石属性!$B$43:D$66),0)*2+VLOOKUP($C71,职业被动!$B$6:$M$29,COLUMNS(职业被动!$B$6:D$29),0),2) -> 64.4 | F71: =ROUND(SUM(属性投放!F$36:F$45)+VLOOKUP($C71,一级属性!$E$41:$P$64,COLUMNS(一级属性!$E$41:H$64),0)*(1+0.25)+VLOOKUP($C71,宝石属性!$B$43:$M$66,COLUMNS(宝石属性!$B$43:E$66),0)*2+VLOOKUP($C71,职业被动!$B$6:$M$29,COLUMNS(职业被动!$B$6:E$29),0),2) -> 23.2 | G71: =ROUND(SUM(属性投放!G$36:G$45)+VLOOKUP($C71,一级属性!$E$41:$P$64,COLUMNS(一级属性!$E$41:I$64),0)*(1+0.25)+VLOOKUP($C71,宝石属性!$B$43:$M$66,COLUMNS(宝石属性!$B$43:F$66),0)*2+VLOOKUP($C71,职业被动!$B$6:$M$29,COLUMNS(职业被动!$B$6:F$29),0),2) -> 16.8 | H71: =ROUND(SUM(属性投放!H$36:H$45)+VLOOKUP($C71,一级属性!$E$41:$P$64,COLUMNS(一级属性!$E$41:J$64),0)*(1+0.25)+VLOOKUP($C71,宝石属性!$B$43:$M$66,COLUMNS(宝石属性!$B$43:G$66),0)*2+VLOOKUP($C71,职业被动!$B$6:$M$29,COLUMNS(职业被动!$B$6:G$29),0),2) -> 11.7 | I71: =ROUND(SUM(属性投放!I$36:I$45)+VLOOKUP($C71,一级属性!$E$41:$P$64,COLUMNS(一级属性!$E$41:K$64),0)*(1+0.25)+VLOOKUP($C71,宝石属性!$B$43:$M$66,COLUMNS(宝石属性!$B$43:H$66),0)*2+VLOOKUP($C71,职业被动!$B$6:$M$29,COLUMNS(职业被动!$B$6:H$29),0),2) -> 6.1 | J71: =ROUND(SUM(属性投放!J$36:J$45)+VLOOKUP($C71,一级属性!$E$41:$P$64,COLUMNS(一级属性!$E$41:L$64),0)*(1+0.25)+VLOOKUP($C71,宝石属性!$B$43:$M$66,COLUMNS(宝石属性!$B$43:I$66),0)*2+VLOOKUP($C71,职业被动!$B$6:$M$29,COLUMNS(职业被动!$B$6:I$29),0),2) -> 10.9 | K71: =ROUND(SUM(属性投放!K$36:K$45)+VLOOKUP($C71,一级属性!$E$41:$P$64,COLUMNS(一级属性!$E$41:M$64),0)*(1+0.25)+VLOOKUP($C71,宝石属性!$B$43:$M$66,COLUMNS(宝石属性!$B$43:J$66),0)*2+VLOOKUP($C71,职业被动!$B$6:$M$29,COLUMNS(职业被动!$B$6:J$29),0),2) -> 7.25 | L71: =ROUND(SUM(属性投放!L$36:L$45)+VLOOKUP($C71,一级属性!$E$41:$P$64,COLUMNS(一级属性!$E$41:N$64),0)*(1+0.25)+VLOOKUP($C71,宝石属性!$B$43:$M$66,COLUMNS(宝石属性!$B$43:K$66),0)*2+VLOOKUP($C71,职业被动!$B$6:$M$29,COLUMNS(职业被动!$B$6:K$29),0),2) -> 3.5 | ... N71: =ROUND(SUM(属性投放!N$36:N$45)+VLOOKUP($C71,一级属性!$E$41:$P$64,COLUMNS(一级属性!$E$41:P$64),0)*(1+0.25)+VLOOKUP($C71,宝石属性!$B$43:$M$66,COLUMNS(宝石属性!$B$43:M$66),0)*2+VLOOKUP($C71,职业被动!$B$6:$M$29,COLUMNS(职业被动!$B$6:M$29),0),2) -> 11.1
C72: 标准德鲁伊 | D72: 10310 | E72: =ROUND(SUM(属性投放!E$36:E$45)+VLOOKUP($C72,一级属性!$E$41:$P$64,COLUMNS(一级属性!$E$41:G$64),0)*(1+0.25)+VLOOKUP($C72,宝石属性!$B$43:$M$66,COLUMNS(宝石属性!$B$43:D$66),0)*2+VLOOKUP($C72,职业被动!$B$6:$M$29,COLUMNS(职业被动!$B$6:D$29),0),2) -> 64.4 | F72: =ROUND(SUM(属性投放!F$36:F$45)+VLOOKUP($C72,一级属性!$E$41:$P$64,COLUMNS(一级属性!$E$41:H$64),0)*(1+0.25)+VLOOKUP($C72,宝石属性!$B$43:$M$66,COLUMNS(宝石属性!$B$43:E$66),0)*2+VLOOKUP($C72,职业被动!$B$6:$M$29,COLUMNS(职业被动!$B$6:E$29),0),2) -> 41.95 | G72: =ROUND(SUM(属性投放!G$36:G$45)+VLOOKUP($C72,一级属性!$E$41:$P$64,COLUMNS(一级属性!$E$41:I$64),0)*(1+0.25)+VLOOKUP($C72,宝石属性!$B$43:$M$66,COLUMNS(宝石属性!$B$43:F$66),0)*2+VLOOKUP($C72,职业被动!$B$6:$M$29,COLUMNS(职业被动!$B$6:F$29),0),2) -> 10.2 | H72: =ROUND(SUM(属性投放!H$36:H$45)+VLOOKUP($C72,一级属性!$E$41:$P$64,COLUMNS(一级属性!$E$41:J$64),0)*(1+0.25)+VLOOKUP($C72,宝石属性!$B$43:$M$66,COLUMNS(宝石属性!$B$43:G$66),0)*2+VLOOKUP($C72,职业被动!$B$6:$M$29,COLUMNS(职业被动!$B$6:G$29),0),2) -> 9.7 | I72: =ROUND(SUM(属性投放!I$36:I$45)+VLOOKUP($C72,一级属性!$E$41:$P$64,COLUMNS(一级属性!$E$41:K$64),0)*(1+0.25)+VLOOKUP($C72,宝石属性!$B$43:$M$66,COLUMNS(宝石属性!$B$43:H$66),0)*2+VLOOKUP($C72,职业被动!$B$6:$M$29,COLUMNS(职业被动!$B$6:H$29),0),2) -> 9.85 | J72: =ROUND(SUM(属性投放!J$36:J$45)+VLOOKUP($C72,一级属性!$E$41:$P$64,COLUMNS(一级属性!$E$41:L$64),0)*(1+0.25)+VLOOKUP($C72,宝石属性!$B$43:$M$66,COLUMNS(宝石属性!$B$43:I$66),0)*2+VLOOKUP($C72,职业被动!$B$6:$M$29,COLUMNS(职业被动!$B$6:I$29),0),2) -> 11.65 | K72: =ROUND(SUM(属性投放!K$36:K$45)+VLOOKUP($C72,一级属性!$E$41:$P$64,COLUMNS(一级属性!$E$41:M$64),0)*(1+0.25)+VLOOKUP($C72,宝石属性!$B$43:$M$66,COLUMNS(宝石属性!$B$43:J$66),0)*2+VLOOKUP($C72,职业被动!$B$6:$M$29,COLUMNS(职业被动!$B$6:J$29),0),2) -> 8.13 | L72: =ROUND(SUM(属性投放!L$36:L$45)+VLOOKUP($C72,一级属性!$E$41:$P$64,COLUMNS(一级属性!$E$41:N$64),0)*(1+0.25)+VLOOKUP($C72,宝石属性!$B$43:$M$66,COLUMNS(宝石属性!$B$43:K$66),0)*2+VLOOKUP($C72,职业被动!$B$6:$M$29,COLUMNS(职业被动!$B$6:K$29),0),2) -> 3.5 | ... N72: =ROUND(SUM(属性投放!N$36:N$45)+VLOOKUP($C72,一级属性!$E$41:$P$64,COLUMNS(一级属性!$E$41:P$64),0)*(1+0.25)+VLOOKUP($C72,宝石属性!$B$43:$M$66,COLUMNS(宝石属性!$B$43:M$66),0)*2+VLOOKUP($C72,职业被动!$B$6:$M$29,COLUMNS(职业被动!$B$6:M$29),0),2) -> 11.1
C73: 标准法师 | D73: 14000 | E73: =ROUND(SUM(属性投放!E$36:E$45)+VLOOKUP($C73,一级属性!$E$41:$P$64,COLUMNS(一级属性!$E$41:G$64),0)*(1+0.25)+VLOOKUP($C73,宝石属性!$B$43:$M$66,COLUMNS(宝石属性!$B$43:D$66),0)*2+VLOOKUP($C73,职业被动!$B$6:$M$29,COLUMNS(职业被动!$B$6:D$29),0),2) -> 57.4 | F73: =ROUND(SUM(属性投放!F$36:F$45)+VLOOKUP($C73,一级属性!$E$41:$P$64,COLUMNS(一级属性!$E$41:H$64),0)*(1+0.25)+VLOOKUP($C73,宝石属性!$B$43:$M$66,COLUMNS(宝石属性!$B$43:E$66),0)*2+VLOOKUP($C73,职业被动!$B$6:$M$29,COLUMNS(职业被动!$B$6:E$29),0),2) -> 48.2 | G73: =ROUND(SUM(属性投放!G$36:G$45)+VLOOKUP($C73,一级属性!$E$41:$P$64,COLUMNS(一级属性!$E$41:I$64),0)*(1+0.25)+VLOOKUP($C73,宝石属性!$B$43:$M$66,COLUMNS(宝石属性!$B$43:F$66),0)*2+VLOOKUP($C73,职业被动!$B$6:$M$29,COLUMNS(职业被动!$B$6:F$29),0),2) -> 10.2 | H73: =ROUND(SUM(属性投放!H$36:H$45)+VLOOKUP($C73,一级属性!$E$41:$P$64,COLUMNS(一级属性!$E$41:J$64),0)*(1+0.25)+VLOOKUP($C73,宝石属性!$B$43:$M$66,COLUMNS(宝石属性!$B$43:G$66),0)*2+VLOOKUP($C73,职业被动!$B$6:$M$29,COLUMNS(职业被动!$B$6:G$29),0),2) -> 9.7 | I73: =ROUND(SUM(属性投放!I$36:I$45)+VLOOKUP($C73,一级属性!$E$41:$P$64,COLUMNS(一级属性!$E$41:K$64),0)*(1+0.25)+VLOOKUP($C73,宝石属性!$B$43:$M$66,COLUMNS(宝石属性!$B$43:H$66),0)*2+VLOOKUP($C73,职业被动!$B$6:$M$29,COLUMNS(职业被动!$B$6:H$29),0),2) -> 14.3 | J73: =ROUND(SUM(属性投放!J$36:J$45)+VLOOKUP($C73,一级属性!$E$41:$P$64,COLUMNS(一级属性!$E$41:L$64),0)*(1+0.25)+VLOOKUP($C73,宝石属性!$B$43:$M$66,COLUMNS(宝石属性!$B$43:I$66),0)*2+VLOOKUP($C73,职业被动!$B$6:$M$29,COLUMNS(职业被动!$B$6:I$29),0),2) -> 13.9 | K73: =ROUND(SUM(属性投放!K$36:K$45)+VLOOKUP($C73,一级属性!$E$41:$P$64,COLUMNS(一级属性!$E$41:M$64),0)*(1+0.25)+VLOOKUP($C73,宝石属性!$B$43:$M$66,COLUMNS(宝石属性!$B$43:J$66),0)*2+VLOOKUP($C73,职业被动!$B$6:$M$29,COLUMNS(职业被动!$B$6:J$29),0),2) -> 6.25 | L73: =ROUND(SUM(属性投放!L$36:L$45)+VLOOKUP($C73,一级属性!$E$41:$P$64,COLUMNS(一级属性!$E$41:N$64),0)*(1+0.25)+VLOOKUP($C73,宝石属性!$B$43:$M$66,COLUMNS(宝石属性!$B$43:K$66),0)*2+VLOOKUP($C73,职业被动!$B$6:$M$29,COLUMNS(职业被动!$B$6:K$29),0),2) -> 3.5 | ... N73: =ROUND(SUM(属性投放!N$36:N$45)+VLOOKUP($C73,一级属性!$E$41:$P$64,COLUMNS(一级属性!$E$41:P$64),0)*(1+0.25)+VLOOKUP($C73,宝石属性!$B$43:$M$66,COLUMNS(宝石属性!$B$43:M$66),0)*2+VLOOKUP($C73,职业被动!$B$6:$M$29,COLUMNS(职业被动!$B$6:M$29),0),2) -> 11.1
C74: 标准牧师 | D74: 13001 | E74: =ROUND(SUM(属性投放!E$36:E$45)+VLOOKUP($C74,一级属性!$E$41:$P$64,COLUMNS(一级属性!$E$41:G$64),0)*(1+0.25)+VLOOKUP($C74,宝石属性!$B$43:$M$66,COLUMNS(宝石属性!$B$43:D$66),0)*2+VLOOKUP($C74,职业被动!$B$6:$M$29,COLUMNS(职业被动!$B$6:D$29),0),2) -> 71.4 | F74: =ROUND(SUM(属性投放!F$36:F$45)+VLOOKUP($C74,一级属性!$E$41:$P$64,COLUMNS(一级属性!$E$41:H$64),0)*(1+0.25)+VLOOKUP($C74,宝石属性!$B$43:$M$66,COLUMNS(宝石属性!$B$43:E$66),0)*2+VLOOKUP($C74,职业被动!$B$6:$M$29,COLUMNS(职业被动!$B$6:E$29),0),2) -> 41.95 | G74: =ROUND(SUM(属性投放!G$36:G$45)+VLOOKUP($C74,一级属性!$E$41:$P$64,COLUMNS(一级属性!$E$41:I$64),0)*(1+0.25)+VLOOKUP($C74,宝石属性!$B$43:$M$66,COLUMNS(宝石属性!$B$43:F$66),0)*2+VLOOKUP($C74,职业被动!$B$6:$M$29,COLUMNS(职业被动!$B$6:F$29),0),2) -> 10.2 | H74: =ROUND(SUM(属性投放!H$36:H$45)+VLOOKUP($C74,一级属性!$E$41:$P$64,COLUMNS(一级属性!$E$41:J$64),0)*(1+0.25)+VLOOKUP($C74,宝石属性!$B$43:$M$66,COLUMNS(宝石属性!$B$43:G$66),0)*2+VLOOKUP($C74,职业被动!$B$6:$M$29,COLUMNS(职业被动!$B$6:G$29),0),2) -> 9.7 | I74: =ROUND(SUM(属性投放!I$36:I$45)+VLOOKUP($C74,一级属性!$E$41:$P$64,COLUMNS(一级属性!$E$41:K$64),0)*(1+0.25)+VLOOKUP($C74,宝石属性!$B$43:$M$66,COLUMNS(宝石属性!$B$43:H$66),0)*2+VLOOKUP($C74,职业被动!$B$6:$M$29,COLUMNS(职业被动!$B$6:H$29),0),2) -> 10.85 | J74: =ROUND(SUM(属性投放!J$36:J$45)+VLOOKUP($C74,一级属性!$E$41:$P$64,COLUMNS(一级属性!$E$41:L$64),0)*(1+0.25)+VLOOKUP($C74,宝石属性!$B$43:$M$66,COLUMNS(宝石属性!$B$43:I$66),0)*2+VLOOKUP($C74,职业被动!$B$6:$M$29,COLUMNS(职业被动!$B$6:I$29),0),2) -> 11.65 | K74: =ROUND(SUM(属性投放!K$36:K$45)+VLOOKUP($C74,一级属性!$E$41:$P$64,COLUMNS(一级属性!$E$41:M$64),0)*(1+0.25)+VLOOKUP($C74,宝石属性!$B$43:$M$66,COLUMNS(宝石属性!$B$43:J$66),0)*2+VLOOKUP($C74,职业被动!$B$6:$M$29,COLUMNS(职业被动!$B$6:J$29),0),2) -> 8.13 | L74: =ROUND(SUM(属性投放!L$36:L$45)+VLOOKUP($C74,一级属性!$E$41:$P$64,COLUMNS(一级属性!$E$41:N$64),0)*(1+0.25)+VLOOKUP($C74,宝石属性!$B$43:$M$66,COLUMNS(宝石属性!$B$43:K$66),0)*2+VLOOKUP($C74,职业被动!$B$6:$M$29,COLUMNS(职业被动!$B$6:K$29),0),2) -> 5.1 | ... N74: =ROUND(SUM(属性投放!N$36:N$45)+VLOOKUP($C74,一级属性!$E$41:$P$64,COLUMNS(一级属性!$E$41:P$64),0)*(1+0.25)+VLOOKUP($C74,宝石属性!$B$43:$M$66,COLUMNS(宝石属性!$B$43:M$66),0)*2+VLOOKUP($C74,职业被动!$B$6:$M$29,COLUMNS(职业被动!$B$6:M$29),0),2) -> 11.1
C75: 标准萨满 | D75: 14000 | E75: =ROUND(SUM(属性投放!E$36:E$45)+VLOOKUP($C75,一级属性!$E$41:$P$64,COLUMNS(一级属性!$E$41:G$64),0)*(1+0.25)+VLOOKUP($C75,宝石属性!$B$43:$M$66,COLUMNS(宝石属性!$B$43:D$66),0)*2+VLOOKUP($C75,职业被动!$B$6:$M$29,COLUMNS(职业被动!$B$6:D$29),0),2) -> 57.4 | F75: =ROUND(SUM(属性投放!F$36:F$45)+VLOOKUP($C75,一级属性!$E$41:$P$64,COLUMNS(一级属性!$E$41:H$64),0)*(1+0.25)+VLOOKUP($C75,宝石属性!$B$43:$M$66,COLUMNS(宝石属性!$B$43:E$66),0)*2+VLOOKUP($C75,职业被动!$B$6:$M$29,COLUMNS(职业被动!$B$6:E$29),0),2) -> 48.2 | G75: =ROUND(SUM(属性投放!G$36:G$45)+VLOOKUP($C75,一级属性!$E$41:$P$64,COLUMNS(一级属性!$E$41:I$64),0)*(1+0.25)+VLOOKUP($C75,宝石属性!$B$43:$M$66,COLUMNS(宝石属性!$B$43:F$66),0)*2+VLOOKUP($C75,职业被动!$B$6:$M$29,COLUMNS(职业被动!$B$6:F$29),0),2) -> 10.2 | H75: =ROUND(SUM(属性投放!H$36:H$45)+VLOOKUP($C75,一级属性!$E$41:$P$64,COLUMNS(一级属性!$E$41:J$64),0)*(1+0.25)+VLOOKUP($C75,宝石属性!$B$43:$M$66,COLUMNS(宝石属性!$B$43:G$66),0)*2+VLOOKUP($C75,职业被动!$B$6:$M$29,COLUMNS(职业被动!$B$6:G$29),0),2) -> 9.7 | I75: =ROUND(SUM(属性投放!I$36:I$45)+VLOOKUP($C75,一级属性!$E$41:$P$64,COLUMNS(一级属性!$E$41:K$64),0)*(1+0.25)+VLOOKUP($C75,宝石属性!$B$43:$M$66,COLUMNS(宝石属性!$B$43:H$66),0)*2+VLOOKUP($C75,职业被动!$B$6:$M$29,COLUMNS(职业被动!$B$6:H$29),0),2) -> 14.3 | J75: =ROUND(SUM(属性投放!J$36:J$45)+VLOOKUP($C75,一级属性!$E$41:$P$64,COLUMNS(一级属性!$E$41:L$64),0)*(1+0.25)+VLOOKUP($C75,宝石属性!$B$43:$M$66,COLUMNS(宝石属性!$B$43:I$66),0)*2+VLOOKUP($C75,职业被动!$B$6:$M$29,COLUMNS(职业被动!$B$6:I$29),0),2) -> 13.9 | K75: =ROUND(SUM(属性投放!K$36:K$45)+VLOOKUP($C75,一级属性!$E$41:$P$64,COLUMNS(一级属性!$E$41:M$64),0)*(1+0.25)+VLOOKUP($C75,宝石属性!$B$43:$M$66,COLUMNS(宝石属性!$B$43:J$66),0)*2+VLOOKUP($C75,职业被动!$B$6:$M$29,COLUMNS(职业被动!$B$6:J$29),0),2) -> 6.25 | L75: =ROUND(SUM(属性投放!L$36:L$45)+VLOOKUP($C75,一级属性!$E$41:$P$64,COLUMNS(一级属性!$E$41:N$64),0)*(1+0.25)+VLOOKUP($C75,宝石属性!$B$43:$M$66,COLUMNS(宝石属性!$B$43:K$66),0)*2+VLOOKUP($C75,职业被动!$B$6:$M$29,COLUMNS(职业被动!$B$6:K$29),0),2) -> 3.5 | ... N75: =ROUND(SUM(属性投放!N$36:N$45)+VLOOKUP($C75,一级属性!$E$41:$P$64,COLUMNS(一级属性!$E$41:P$64),0)*(1+0.25)+VLOOKUP($C75,宝石属性!$B$43:$M$66,COLUMNS(宝石属性!$B$43:M$66),0)*2+VLOOKUP($C75,职业被动!$B$6:$M$29,COLUMNS(职业被动!$B$6:M$29),0),2) -> 11.1
C76: 标准盗贼 | D76: 10400 | E76: =ROUND(SUM(属性投放!E$36:E$45)+VLOOKUP($C76,一级属性!$E$41:$P$64,COLUMNS(一级属性!$E$41:G$64),0)*(1+0.25)+VLOOKUP($C76,宝石属性!$B$43:$M$66,COLUMNS(宝石属性!$B$43:D$66),0)*2+VLOOKUP($C76,职业被动!$B$6:$M$29,COLUMNS(职业被动!$B$6:D$29),0),2) -> 57.4 | F76: =ROUND(SUM(属性投放!F$36:F$45)+VLOOKUP($C76,一级属性!$E$41:$P$64,COLUMNS(一级属性!$E$41:H$64),0)*(1+0.25)+VLOOKUP($C76,宝石属性!$B$43:$M$66,COLUMNS(宝石属性!$B$43:E$66),0)*2+VLOOKUP($C76,职业被动!$B$6:$M$29,COLUMNS(职业被动!$B$6:E$29),0),2) -> 23.2 | G76: =ROUND(SUM(属性投放!G$36:G$45)+VLOOKUP($C76,一级属性!$E$41:$P$64,COLUMNS(一级属性!$E$41:I$64),0)*(1+0.25)+VLOOKUP($C76,宝石属性!$B$43:$M$66,COLUMNS(宝石属性!$B$43:F$66),0)*2+VLOOKUP($C76,职业被动!$B$6:$M$29,COLUMNS(职业被动!$B$6:F$29),0),2) -> 19.3 | H76: =ROUND(SUM(属性投放!H$36:H$45)+VLOOKUP($C76,一级属性!$E$41:$P$64,COLUMNS(一级属性!$E$41:J$64),0)*(1+0.25)+VLOOKUP($C76,宝石属性!$B$43:$M$66,COLUMNS(宝石属性!$B$43:G$66),0)*2+VLOOKUP($C76,职业被动!$B$6:$M$29,COLUMNS(职业被动!$B$6:G$29),0),2) -> 10.7 | I76: =ROUND(SUM(属性投放!I$36:I$45)+VLOOKUP($C76,一级属性!$E$41:$P$64,COLUMNS(一级属性!$E$41:K$64),0)*(1+0.25)+VLOOKUP($C76,宝石属性!$B$43:$M$66,COLUMNS(宝石属性!$B$43:H$66),0)*2+VLOOKUP($C76,职业被动!$B$6:$M$29,COLUMNS(职业被动!$B$6:H$29),0),2) -> 6.1 | J76: =ROUND(SUM(属性投放!J$36:J$45)+VLOOKUP($C76,一级属性!$E$41:$P$64,COLUMNS(一级属性!$E$41:L$64),0)*(1+0.25)+VLOOKUP($C76,宝石属性!$B$43:$M$66,COLUMNS(宝石属性!$B$43:I$66),0)*2+VLOOKUP($C76,职业被动!$B$6:$M$29,COLUMNS(职业被动!$B$6:I$29),0),2) -> 10.9 | K76: =ROUND(SUM(属性投放!K$36:K$45)+VLOOKUP($C76,一级属性!$E$41:$P$64,COLUMNS(一级属性!$E$41:M$64),0)*(1+0.25)+VLOOKUP($C76,宝石属性!$B$43:$M$66,COLUMNS(宝石属性!$B$43:J$66),0)*2+VLOOKUP($C76,职业被动!$B$6:$M$29,COLUMNS(职业被动!$B$6:J$29),0),2) -> 7.25 | L76: =ROUND(SUM(属性投放!L$36:L$45)+VLOOKUP($C76,一级属性!$E$41:$P$64,COLUMNS(一级属性!$E$41:N$64),0)*(1+0.25)+VLOOKUP($C76,宝石属性!$B$43:$M$66,COLUMNS(宝石属性!$B$43:K$66),0)*2+VLOOKUP($C76,职业被动!$B$6:$M$29,COLUMNS(职业被动!$B$6:K$29),0),2) -> 3.5 | ... N76: =ROUND(SUM(属性投放!N$36:N$45)+VLOOKUP($C76,一级属性!$E$41:$P$64,COLUMNS(一级属性!$E$41:P$64),0)*(1+0.25)+VLOOKUP($C76,宝石属性!$B$43:$M$66,COLUMNS(宝石属性!$B$43:M$66),0)*2+VLOOKUP($C76,职业被动!$B$6:$M$29,COLUMNS(职业被动!$B$6:M$29),0),2) -> 11.1
C77: 标准术士 | D77: 13001 | E77: =ROUND(SUM(属性投放!E$36:E$45)+VLOOKUP($C77,一级属性!$E$41:$P$64,COLUMNS(一级属性!$E$41:G$64),0)*(1+0.25)+VLOOKUP($C77,宝石属性!$B$43:$M$66,COLUMNS(宝石属性!$B$43:D$66),0)*2+VLOOKUP($C77,职业被动!$B$6:$M$29,COLUMNS(职业被动!$B$6:D$29),0),2) -> 57.4 | F77: =ROUND(SUM(属性投放!F$36:F$45)+VLOOKUP($C77,一级属性!$E$41:$P$64,COLUMNS(一级属性!$E$41:H$64),0)*(1+0.25)+VLOOKUP($C77,宝石属性!$B$43:$M$66,COLUMNS(宝石属性!$B$43:E$66),0)*2+VLOOKUP($C77,职业被动!$B$6:$M$29,COLUMNS(职业被动!$B$6:E$29),0),2) -> 41.95 | G77: =ROUND(SUM(属性投放!G$36:G$45)+VLOOKUP($C77,一级属性!$E$41:$P$64,COLUMNS(一级属性!$E$41:I$64),0)*(1+0.25)+VLOOKUP($C77,宝石属性!$B$43:$M$66,COLUMNS(宝石属性!$B$43:F$66),0)*2+VLOOKUP($C77,职业被动!$B$6:$M$29,COLUMNS(职业被动!$B$6:F$29),0),2) -> 10.2 | H77: =ROUND(SUM(属性投放!H$36:H$45)+VLOOKUP($C77,一级属性!$E$41:$P$64,COLUMNS(一级属性!$E$41:J$64),0)*(1+0.25)+VLOOKUP($C77,宝石属性!$B$43:$M$66,COLUMNS(宝石属性!$B$43:G$66),0)*2+VLOOKUP($C77,职业被动!$B$6:$M$29,COLUMNS(职业被动!$B$6:G$29),0),2) -> 10.7 | I77: =ROUND(SUM(属性投放!I$36:I$45)+VLOOKUP($C77,一级属性!$E$41:$P$64,COLUMNS(一级属性!$E$41:K$64),0)*(1+0.25)+VLOOKUP($C77,宝石属性!$B$43:$M$66,COLUMNS(宝石属性!$B$43:H$66),0)*2+VLOOKUP($C77,职业被动!$B$6:$M$29,COLUMNS(职业被动!$B$6:H$29),0),2) -> 9.85 | J77: =ROUND(SUM(属性投放!J$36:J$45)+VLOOKUP($C77,一级属性!$E$41:$P$64,COLUMNS(一级属性!$E$41:L$64),0)*(1+0.25)+VLOOKUP($C77,宝石属性!$B$43:$M$66,COLUMNS(宝石属性!$B$43:I$66),0)*2+VLOOKUP($C77,职业被动!$B$6:$M$29,COLUMNS(职业被动!$B$6:I$29),0),2) -> 11.65 | K77: =ROUND(SUM(属性投放!K$36:K$45)+VLOOKUP($C77,一级属性!$E$41:$P$64,COLUMNS(一级属性!$E$41:M$64),0)*(1+0.25)+VLOOKUP($C77,宝石属性!$B$43:$M$66,COLUMNS(宝石属性!$B$43:J$66),0)*2+VLOOKUP($C77,职业被动!$B$6:$M$29,COLUMNS(职业被动!$B$6:J$29),0),2) -> 8.13 | L77: =ROUND(SUM(属性投放!L$36:L$45)+VLOOKUP($C77,一级属性!$E$41:$P$64,COLUMNS(一级属性!$E$41:N$64),0)*(1+0.25)+VLOOKUP($C77,宝石属性!$B$43:$M$66,COLUMNS(宝石属性!$B$43:K$66),0)*2+VLOOKUP($C77,职业被动!$B$6:$M$29,COLUMNS(职业被动!$B$6:K$29),0),2) -> 3.5 | ... N77: =ROUND(SUM(属性投放!N$36:N$45)+VLOOKUP($C77,一级属性!$E$41:$P$64,COLUMNS(一级属性!$E$41:P$64),0)*(1+0.25)+VLOOKUP($C77,宝石属性!$B$43:$M$66,COLUMNS(宝石属性!$B$43:M$66),0)*2+VLOOKUP($C77,职业被动!$B$6:$M$29,COLUMNS(职业被动!$B$6:M$29),0),2) -> 11.1
C80: 标准职业总成长比例
D81: 加点方式 | E81: 生命 | F81: 魔法 | G81: 物攻 | H81: 物防 | I81: 法攻 | J81: 法防 | K81: 速度 | L81: 治疗强度 | M81: 控制命中 | N81: 控制抗性
C82: 标准战士 | D82: 10400 | E82: =ROUND(E69/D$3,2) -> 1 | F82: =ROUND(F69/E$3,2) -> 0.48 | G82: =ROUND(G69/F$3,2) -> 1 | H82: =ROUND(H69/G$3,2) -> 1.1 | I82: =ROUND(I69/H$3,2) -> 0.43 | J82: =ROUND(J69/I$3,2) -> 1 | K82: =ROUND(K69/J$3,2) -> 1 | L82: =ROUND(L69/K$3,2) -> 0.69 | ... N82: =ROUND(N69/M$3,2) -> 1
C83: 标准圣骑 | D83: 13001 | E83: =ROUND(E70/D$3,2) -> 1.24 | F83: =ROUND(F70/E$3,2) -> 0.87 | G83: =ROUND(G70/F$3,2) -> 0.53 | H83: =ROUND(H70/G$3,2) -> 1 | I83: =ROUND(I70/H$3,2) -> 0.76 | J83: =ROUND(J70/I$3,2) -> 1.07 | K83: =ROUND(K70/J$3,2) -> 1.12 | L83: =ROUND(L70/K$3,2) -> 1 | ... N83: =ROUND(N70/M$3,2) -> 1
C84: 标准猎人 | D84: 10400 | E84: =ROUND(E71/D$3,2) -> 1.12 | F84: =ROUND(F71/E$3,2) -> 0.48 | G84: =ROUND(G71/F$3,2) -> 0.87 | H84: =ROUND(H71/G$3,2) -> 1.21 | I84: =ROUND(I71/H$3,2) -> 0.43 | J84: =ROUND(J71/I$3,2) -> 1 | K84: =ROUND(K71/J$3,2) -> 1 | L84: =ROUND(L71/K$3,2) -> 0.69 | ... N84: =ROUND(N71/M$3,2) -> 1
C85: 标准德鲁伊 | D85: 10310 | E85: =ROUND(E72/D$3,2) -> 1.12 | F85: =ROUND(F72/E$3,2) -> 0.87 | G85: =ROUND(G72/F$3,2) -> 0.53 | H85: =ROUND(H72/G$3,2) -> 1 | I85: =ROUND(I72/H$3,2) -> 0.69 | J85: =ROUND(J72/I$3,2) -> 1.07 | K85: =ROUND(K72/J$3,2) -> 1.12 | L85: =ROUND(L72/K$3,2) -> 0.69 | ... N85: =ROUND(N72/M$3,2) -> 1
C86: 标准法师 | D86: 14000 | E86: =ROUND(E73/D$3,2) -> 1 | F86: =ROUND(F73/E$3,2) -> 1 | G86: =ROUND(G73/F$3,2) -> 0.53 | H86: =ROUND(H73/G$3,2) -> 1 | I86: =ROUND(I73/H$3,2) -> 1 | J86: =ROUND(J73/I$3,2) -> 1.28 | K86: =ROUND(K73/J$3,2) -> 0.86 | L86: =ROUND(L73/K$3,2) -> 0.69 | ... N86: =ROUND(N73/M$3,2) -> 1
C87: 标准牧师 | D87: 13001 | E87: =ROUND(E74/D$3,2) -> 1.24 | F87: =ROUND(F74/E$3,2) -> 0.87 | G87: =ROUND(G74/F$3,2) -> 0.53 | H87: =ROUND(H74/G$3,2) -> 1 | I87: =ROUND(I74/H$3,2) -> 0.76 | J87: =ROUND(J74/I$3,2) -> 1.07 | K87: =ROUND(K74/J$3,2) -> 1.12 | L87: =ROUND(L74/K$3,2) -> 1 | ... N87: =ROUND(N74/M$3,2) -> 1
C88: 标准萨满 | D88: 14000 | E88: =ROUND(E75/D$3,2) -> 1 | F88: =ROUND(F75/E$3,2) -> 1 | G88: =ROUND(G75/F$3,2) -> 0.53 | H88: =ROUND(H75/G$3,2) -> 1 | I88: =ROUND(I75/H$3,2) -> 1 | J88: =ROUND(J75/I$3,2) -> 1.28 | K88: =ROUND(K75/J$3,2) -> 0.86 | L88: =ROUND(L75/K$3,2) -> 0.69 | ... N88: =ROUND(N75/M$3,2) -> 1
C89: 标准盗贼 | D89: 10400 | E89: =ROUND(E76/D$3,2) -> 1 | F89: =ROUND(F76/E$3,2) -> 0.48 | G89: =ROUND(G76/F$3,2) -> 1 | H89: =ROUND(H76/G$3,2) -> 1.1 | I89: =ROUND(I76/H$3,2) -> 0.43 | J89: =ROUND(J76/I$3,2) -> 1 | K89: =ROUND(K76/J$3,2) -> 1 | L89: =ROUND(L76/K$3,2) -> 0.69 | ... N89: =ROUND(N76/M$3,2) -> 1
C90: 标准术士 | D90: 13001 | E90: =ROUND(E77/D$3,2) -> 1 | F90: =ROUND(F77/E$3,2) -> 0.87 | G90: =ROUND(G77/F$3,2) -> 0.53 | H90: =ROUND(H77/G$3,2) -> 1.1 | I90: =ROUND(I77/H$3,2) -> 0.69 | J90: =ROUND(J77/I$3,2) -> 1.07 | K90: =ROUND(K77/J$3,2) -> 1.12 | L90: =ROUND(L77/K$3,2) -> 0.69 | ... N90: =ROUND(N77/M$3,2) -> 1
E93: 生命 | F93: 魔法 | G93: 物攻 | H93: 物防 | I93: 法攻 | J93: 法防 | K93: 速度 | L93: 治疗强度 | M93: 控制命中 | N93: 控制抗性
D94: 二级属性极限成长 | E94: =ROUND(SUM(E36:E38)+一级属性!G37+一级属性!G39*(5+一级属性!$H$17)/5+宝石属性!C18*2+职业被动!C3,2) -> 119.4 | F94: =ROUND(SUM(F36:F38)+一级属性!H37+一级属性!H39*(5+一级属性!$H$17)/5+宝石属性!D18*2+职业被动!D3,2) -> 54.45 | G94: =ROUND(SUM(G36:G38)+一级属性!I37+一级属性!I39*(5+一级属性!$H$17)/5+宝石属性!E18*2+职业被动!E3,2) -> 22.15 | H94: =ROUND(SUM(H36:H38)+一级属性!J37+一级属性!J39*(5+一级属性!$H$17)/5+宝石属性!F18*2+职业被动!F3,2) -> 26.85 | I94: =ROUND(SUM(I36:I38)+一级属性!K37+一级属性!K39*(5+一级属性!$H$17)/5+宝石属性!G18*2+职业被动!G3,2) -> 16.75 | J94: =ROUND(SUM(J36:J38)+一级属性!L37+一级属性!L39*(5+一级属性!$H$17)/5+宝石属性!H18*2+职业被动!H3,2) -> 16.25 | K94: =ROUND(SUM(K36:K38)+一级属性!M37+一级属性!M39*(5+一级属性!$H$17)/5+宝石属性!I18*2+职业被动!I3,2) -> 16.98 | L94: =ROUND(SUM(L36:L38)+一级属性!N37+一级属性!N39*(5+一级属性!$H$17)/5+宝石属性!J18*2+职业被动!J3,2) -> 6.7 | ... N94: =ROUND(SUM(N36:N38)+一级属性!P37+一级属性!P39*(5+一级属性!$H$17)/5+宝石属性!L18*2+职业被动!L3,2) -> 11.9
D95: 极限最低成长 | E95: =SUM(E$36:E$45) -> 39.4 | F95: =SUM(F$36:F$45) -> 23.2 | G95: =SUM(G$36:G$45) -> 10.2 | H95: =SUM(H$36:H$45) -> 7.3 | I95: =SUM(I$36:I$45) -> 6.1 | J95: =SUM(J$36:J$45) -> 5.8 | K95: =SUM(K$36:K$45) -> 3.9 | L95: =SUM(L$36:L$45) -> 3.5 | ... N95: =SUM(N$36:N$45) -> 0.3
D96: 最低/最高 | E96: =ROUND(E95/E94,3) -> 0.33 | F96: =ROUND(F95/F94,3) -> 0.426 | G96: =ROUND(G95/G94,3) -> 0.46 | H96: =ROUND(H95/H94,3) -> 0.272 | I96: =ROUND(I95/I94,3) -> 0.364 | J96: =ROUND(J95/J94,3) -> 0.357 | K96: =ROUND(K95/K94,3) -> 0.23 | L96: =ROUND(L95/L94,3) -> 0.522 | ... N96: =ROUND(N95/N94,3) -> 0.025
D97: （固定投放-自然加点）/极限 | E97: =ROUND(SUM(E$36:E$44)/E94,3) -> 0.263 | F97: =ROUND(SUM(F$36:F$44)/F94,3) -> 0.334 | G97: =ROUND(SUM(G$36:G$44)/G94,3) -> 0.415 | H97: =ROUND(SUM(H$36:H$44)/H94,3) -> 0.19 | I97: =ROUND(SUM(I$36:I$44)/I94,3) -> 0.304 | J97: =ROUND(SUM(J$36:J$44)/J94,3) -> 0.209 | K97: =ROUND(SUM(K$36:K$44)/K94,3) -> 0.106 | L97: =ROUND(SUM(L$36:L$44)/L94,3) -> 0.522 | M97: =SUM(M$36:M$44)/M94 -> 0.026086957 | N97: =SUM(N$36:N$44)/N94 -> 0.025210084
C99: 标准职业成长占极限职业成长比例
D100: 加点方式 | E100: 生命 | F100: 魔法 | G100: 物攻 | H100: 物防 | I100: 法攻 | J100: 法防 | K100: 速度 | L100: 治疗强度 | M100: 控制命中 | N100: 控制抗性
C101: 标准战士 | D101: 10400 | E101: =ROUND(E69/E$94,3) -> 0.481 | F101: =ROUND(F69/F$94,3) -> 0.426 | G101: =ROUND(G69/G$94,3) -> 0.871 | H101: =ROUND(H69/H$94,3) -> 0.399 | I101: =ROUND(I69/I$94,3) -> 0.364 | J101: =ROUND(J69/J$94,3) -> 0.671 | K101: =ROUND(K69/K$94,3) -> 0.427 | L101: =ROUND(L69/L$94,3) -> 0.522 | ... N101: =ROUND(N69/N$94,3) -> 0.933
C102: 标准圣骑 | D102: 13001 | E102: =ROUND(E70/E$94,3) -> 0.598 | F102: =ROUND(F70/F$94,3) -> 0.77 | G102: =ROUND(G70/G$94,3) -> 0.46 | H102: =ROUND(H70/H$94,3) -> 0.361 | I102: =ROUND(I70/I$94,3) -> 0.648 | J102: =ROUND(J70/J$94,3) -> 0.717 | K102: =ROUND(K70/K$94,3) -> 0.479 | L102: =ROUND(L70/L$94,3) -> 0.761 | ... N102: =ROUND(N70/N$94,3) -> 0.933
C103: 标准猎人 | D103: 10400 | E103: =ROUND(E71/E$94,3) -> 0.539 | F103: =ROUND(F71/F$94,3) -> 0.426 | G103: =ROUND(G71/G$94,3) -> 0.758 | H103: =ROUND(H71/H$94,3) -> 0.436 | I103: =ROUND(I71/I$94,3) -> 0.364 | J103: =ROUND(J71/J$94,3) -> 0.671 | K103: =ROUND(K71/K$94,3) -> 0.427 | L103: =ROUND(L71/L$94,3) -> 0.522 | ... N103: =ROUND(N71/N$94,3) -> 0.933
C104: 标准德鲁伊 | D104: 10310 | E104: =ROUND(E72/E$94,3) -> 0.539 | F104: =ROUND(F72/F$94,3) -> 0.77 | G104: =ROUND(G72/G$94,3) -> 0.46 | H104: =ROUND(H72/H$94,3) -> 0.361 | I104: =ROUND(I72/I$94,3) -> 0.588 | J104: =ROUND(J72/J$94,3) -> 0.717 | K104: =ROUND(K72/K$94,3) -> 0.479 | L104: =ROUND(L72/L$94,3) -> 0.522 | ... N104: =ROUND(N72/N$94,3) -> 0.933
C105: 标准法师 | D105: 14000 | E105: =ROUND(E73/E$94,3) -> 0.481 | F105: =ROUND(F73/F$94,3) -> 0.885 | G105: =ROUND(G73/G$94,3) -> 0.46 | H105: =ROUND(H73/H$94,3) -> 0.361 | I105: =ROUND(I73/I$94,3) -> 0.854 | J105: =ROUND(J73/J$94,3) -> 0.855 | K105: =ROUND(K73/K$94,3) -> 0.368 | L105: =ROUND(L73/L$94,3) -> 0.522 | ... N105: =ROUND(N73/N$94,3) -> 0.933
C106: 标准牧师 | D106: 13001 | E106: =ROUND(E74/E$94,3) -> 0.598 | F106: =ROUND(F74/F$94,3) -> 0.77 | G106: =ROUND(G74/G$94,3) -> 0.46 | H106: =ROUND(H74/H$94,3) -> 0.361 | I106: =ROUND(I74/I$94,3) -> 0.648 | J106: =ROUND(J74/J$94,3) -> 0.717 | K106: =ROUND(K74/K$94,3) -> 0.479 | L106: =ROUND(L74/L$94,3) -> 0.761 | ... N106: =ROUND(N74/N$94,3) -> 0.933
C107: 标准萨满 | D107: 14000 | E107: =ROUND(E75/E$94,3) -> 0.481 | F107: =ROUND(F75/F$94,3) -> 0.885 | G107: =ROUND(G75/G$94,3) -> 0.46 | H107: =ROUND(H75/H$94,3) -> 0.361 | I107: =ROUND(I75/I$94,3) -> 0.854 | J107: =ROUND(J75/J$94,3) -> 0.855 | K107: =ROUND(K75/K$94,3) -> 0.368 | L107: =ROUND(L75/L$94,3) -> 0.522 | ... N107: =ROUND(N75/N$94,3) -> 0.933
C108: 标准盗贼 | D108: 10400 | E108: =ROUND(E76/E$94,3) -> 0.481 | F108: =ROUND(F76/F$94,3) -> 0.426 | G108: =ROUND(G76/G$94,3) -> 0.871 | H108: =ROUND(H76/H$94,3) -> 0.399 | I108: =ROUND(I76/I$94,3) -> 0.364 | J108: =ROUND(J76/J$94,3) -> 0.671 | K108: =ROUND(K76/K$94,3) -> 0.427 | L108: =ROUND(L76/L$94,3) -> 0.522 | ... N108: =ROUND(N76/N$94,3) -> 0.933
C109: 标准术士 | D109: 13001 | E109: =ROUND(E77/E$94,3) -> 0.481 | F109: =ROUND(F77/F$94,3) -> 0.77 | G109: =ROUND(G77/G$94,3) -> 0.46 | H109: =ROUND(H77/H$94,3) -> 0.399 | I109: =ROUND(I77/I$94,3) -> 0.588 | J109: =ROUND(J77/J$94,3) -> 0.717 | K109: =ROUND(K77/K$94,3) -> 0.479 | L109: =ROUND(L77/L$94,3) -> 0.522 | ... N109: =ROUND(N77/N$94,3) -> 0.933

Sheet 一级属性
E2: 该模块标准属性 | G2: 生命 | H2: 魔法 | I2: 物攻 | J2: 物防 | K2: 法攻 | L2: 法防 | M2: 速度 | N2: 治疗强度 | O2: 控制命中 | P2: 控制抗性
F3: 一级点数标准投放（自然成长、加点、装备附加） | G3: =SUM(属性投放!E45:E47) -> 18 | H3: =SUM(属性投放!F45:F47) -> 30 | I3: =SUM(属性投放!G45:G47) -> 6 | J3: =SUM(属性投放!H45:H47) -> 2.2 | K3: =SUM(属性投放!I45:I47) -> 6 | L3: =SUM(属性投放!J45:J47) -> 5.9 | M3: =SUM(属性投放!K45:K47) -> 3.35 | N3: =SUM(属性投放!L45:L47) -> 0 | ... P3: =SUM(属性投放!N45:N47) -> 0
F4: 二级属性能力评分 | G4: =属性价值和能力评分!F6 -> 0.34 | H4: =属性价值和能力评分!G6 -> 0.4 | I4: =属性价值和能力评分!H6 -> 1 | J4: =属性价值和能力评分!I6 -> 2 | K4: =属性价值和能力评分!J6 -> 1.35 | L4: =属性价值和能力评分!K6 -> 1.7 | M4: =属性价值和能力评分!L6 -> 2.5 | N4: =属性价值和能力评分!M6 -> 4 | ... P4: =属性价值和能力评分!O6 -> 1.7
F6: 自然成长加点 | G6: 1 | H6: 1 | I6: 1 | J6: 1 | K6: 1
F7: 职业标准加点 | G7: 体质 | H7: 智力 | I7: 力量 | J7: 耐力 | K7: 敏捷
F8: 战士 | G8: 1 | H8: 0 | I8: 4 | J8: 0 | K8: 0
F9: 圣骑 | G9: 1 | H9: 3 | I9: 0 | J9: 0 | K9: 1
F10: 猎人 | G10: 1 | H10: 0 | I10: 4 | J10: 0 | K10: 0
F11: 德鲁伊 | G11: 1 | H11: 0 | I11: 3 | J11: 1 | K11: 0
F12: 法师 | G12: 1 | H12: 4 | I12: 0 | J12: 0 | K12: 0
F13: 牧师 | G13: 1 | H13: 3 | I13: 0 | J13: 0 | K13: 1
F14: 萨满 | G14: 1 | H14: 4 | I14: 0 | J14: 0 | K14: 0
F15: 盗贼 | G15: 1 | H15: 0 | I15: 4 | J15: 0 | K15: 0
F16: 术士 | G16: 1 | H16: 3 | I16: 0 | J16: 0 | K16: 1
F17: 装备附加点数 | G17: 延续手动比例装备1级点数 | H17: 1.25 | I17: 点
E20: 加点选择层面能力系数
G21: 生命 | H21: 魔法 | I21: 物攻 | J21: 物防 | K21: 法攻 | L21: 法防 | M21: 速度
F22: 体质 | G22: 1 | H22: 0 | I22: 0 | J22: 0 | K22: 0 | L22: 0.4 | M22: 0.13
F23: 智力 | G23: 0 | H23: 1 | I23: 0 | J23: 0 | K23: 1 | L23: 1 | M23: 0
F24: 力量 | G24: 0 | H24: 0 | I24: 1 | J24: 0 | K24: 0 | L24: 0.6 | M24: 0.13
F25: 耐力 | G25: 0 | H25: 0 | I25: 0 | J25: 1 | K25: 0 | L25: 0.4 | M25: 0.13
F26: 敏捷 | G26: 0 | H26: 0 | I26: 0 | J26: 0 | K26: 0 | L26: 0 | M26: 1
E29: 一级属性转换（用来投放二级属性）
G31: 生命 | H31: 魔法 | I31: 物攻 | J31: 物防 | K31: 法攻 | L31: 法防 | M31: 速度 | N31: 加点能力价值
E32: 10 | F32: 体质 | G32: =ROUND(G$3/((VLOOKUP(VLOOKUP(1,属性投放!D$56:$N$65,COLUMNS(属性投放!D$56:$N$65),0),$F$8:$K$16,2,0)*G$22+VLOOKUP(VLOOKUP(1,属性投放!D$56:$N$65,COLUMNS(属性投放!D$56:$N$65),0),$F$8:$K$16,3,0)*G$23+VLOOKUP(VLOOKUP(1,属性投放!D$56:$N$65,COLUMNS(属性投放!D$56:$N$65),0),$F$8:$K$16,4,0)*G$24+VLOOKUP(VLOOKUP(1,属性投放!D$56:$N$65,COLUMNS(属性投放!D$56:$N$65),0),$F$8:$K$16,5,0)*G$25+VLOOKUP(VLOOKUP(1,属性投放!D$56:$N$65,COLUMNS(属性投放!D$56:$N$65),0),$F$8:$K$16,6,0)*G$26)*(5+$H$17)/5+1*SUM(G$22:G$26))*G22,1) -> 8 | H32: =ROUND(H$3/((VLOOKUP(VLOOKUP(1,属性投放!E$56:$N$65,COLUMNS(属性投放!E$56:$N$65),0),$F$8:$K$16,2,0)*H$22+VLOOKUP(VLOOKUP(1,属性投放!E$56:$N$65,COLUMNS(属性投放!E$56:$N$65),0),$F$8:$K$16,3,0)*H$23+VLOOKUP(VLOOKUP(1,属性投放!E$56:$N$65,COLUMNS(属性投放!E$56:$N$65),0),$F$8:$K$16,4,0)*H$24+VLOOKUP(VLOOKUP(1,属性投放!E$56:$N$65,COLUMNS(属性投放!E$56:$N$65),0),$F$8:$K$16,5,0)*H$25+VLOOKUP(VLOOKUP(1,属性投放!E$56:$N$65,COLUMNS(属性投放!E$56:$N$65),0),$F$8:$K$16,6,0)*H$26)*(5+$H$17)/5+1*SUM(H$22:H$26))*H22,1) -> 0 | I32: =ROUND(I$3/((VLOOKUP(VLOOKUP(1,属性投放!F$56:$N$65,COLUMNS(属性投放!F$56:$N$65),0),$F$8:$K$16,2,0)*I$22+VLOOKUP(VLOOKUP(1,属性投放!F$56:$N$65,COLUMNS(属性投放!F$56:$N$65),0),$F$8:$K$16,3,0)*I$23+VLOOKUP(VLOOKUP(1,属性投放!F$56:$N$65,COLUMNS(属性投放!F$56:$N$65),0),$F$8:$K$16,4,0)*I$24+VLOOKUP(VLOOKUP(1,属性投放!F$56:$N$65,COLUMNS(属性投放!F$56:$N$65),0),$F$8:$K$16,5,0)*I$25+VLOOKUP(VLOOKUP(1,属性投放!F$56:$N$65,COLUMNS(属性投放!F$56:$N$65),0),$F$8:$K$16,6,0)*I$26)*(5+$H$17)/5+1*SUM(I$22:I$26))*I22,1) -> 0 | J32: =ROUND(J$3/((VLOOKUP(VLOOKUP(1,属性投放!G$56:$N$65,COLUMNS(属性投放!G$56:$N$65),0),$F$8:$K$16,2,0)*J$22+VLOOKUP(VLOOKUP(1,属性投放!G$56:$N$65,COLUMNS(属性投放!G$56:$N$65),0),$F$8:$K$16,3,0)*J$23+VLOOKUP(VLOOKUP(1,属性投放!G$56:$N$65,COLUMNS(属性投放!G$56:$N$65),0),$F$8:$K$16,4,0)*J$24+VLOOKUP(VLOOKUP(1,属性投放!G$56:$N$65,COLUMNS(属性投放!G$56:$N$65),0),$F$8:$K$16,5,0)*J$25+VLOOKUP(VLOOKUP(1,属性投放!G$56:$N$65,COLUMNS(属性投放!G$56:$N$65),0),$F$8:$K$16,6,0)*J$26)*(5+$H$17)/5+1*SUM(J$22:J$26))*J22,1) -> 0 | K32: =ROUND(K$3/((VLOOKUP(VLOOKUP(1,属性投放!H$56:$N$65,COLUMNS(属性投放!H$56:$N$65),0),$F$8:$K$16,2,0)*K$22+VLOOKUP(VLOOKUP(1,属性投放!H$56:$N$65,COLUMNS(属性投放!H$56:$N$65),0),$F$8:$K$16,3,0)*K$23+VLOOKUP(VLOOKUP(1,属性投放!H$56:$N$65,COLUMNS(属性投放!H$56:$N$65),0),$F$8:$K$16,4,0)*K$24+VLOOKUP(VLOOKUP(1,属性投放!H$56:$N$65,COLUMNS(属性投放!H$56:$N$65),0),$F$8:$K$16,5,0)*K$25+VLOOKUP(VLOOKUP(1,属性投放!H$56:$N$65,COLUMNS(属性投放!H$56:$N$65),0),$F$8:$K$16,6,0)*K$26)*(5+$H$17)/5+1*SUM(K$22:K$26))*K22,1) -> 0 | L32: =ROUND(L$3/((VLOOKUP(VLOOKUP(1,属性投放!I$56:$N$65,COLUMNS(属性投放!I$56:$N$65),0),$F$8:$K$16,2,0)*L$22+VLOOKUP(VLOOKUP(1,属性投放!I$56:$N$65,COLUMNS(属性投放!I$56:$N$65),0),$F$8:$K$16,3,0)*L$23+VLOOKUP(VLOOKUP(1,属性投放!I$56:$N$65,COLUMNS(属性投放!I$56:$N$65),0),$F$8:$K$16,4,0)*L$24+VLOOKUP(VLOOKUP(1,属性投放!I$56:$N$65,COLUMNS(属性投放!I$56:$N$65),0),$F$8:$K$16,5,0)*L$25+VLOOKUP(VLOOKUP(1,属性投放!I$56:$N$65,COLUMNS(属性投放!I$56:$N$65),0),$F$8:$K$16,6,0)*L$26)*(5+$H$17)/5+1*SUM(L$22:L$26))*L22,1) -> 0.4 | M32: =ROUND(M$3/((VLOOKUP(VLOOKUP(1,属性投放!J$56:$N$65,COLUMNS(属性投放!J$56:$N$65),0),$F$8:$K$16,2,0)*M$22+VLOOKUP(VLOOKUP(1,属性投放!J$56:$N$65,COLUMNS(属性投放!J$56:$N$65),0),$F$8:$K$16,3,0)*M$23+VLOOKUP(VLOOKUP(1,属性投放!J$56:$N$65,COLUMNS(属性投放!J$56:$N$65),0),$F$8:$K$16,4,0)*M$24+VLOOKUP(VLOOKUP(1,属性投放!J$56:$N$65,COLUMNS(属性投放!J$56:$N$65),0),$F$8:$K$16,5,0)*M$25+VLOOKUP(VLOOKUP(1,属性投放!J$56:$N$65,COLUMNS(属性投放!J$56:$N$65),0),$F$8:$K$16,6,0)*M$26)*(5+$H$17)/5+1*SUM(M$22:M$26))*M22,1) -> 0.2 | N32: =G32*G$4+H32*H$4+I32*I$4+J32*J$4+K32*K$4+L32*L$4+M32*M$4 -> 3.9
E33: 20 | F33: 智力 | G33: =ROUND(G$3/((VLOOKUP(VLOOKUP(1,属性投放!D$56:$N$65,COLUMNS(属性投放!D$56:$N$65),0),$F$8:$K$16,2,0)*G$22+VLOOKUP(VLOOKUP(1,属性投放!D$56:$N$65,COLUMNS(属性投放!D$56:$N$65),0),$F$8:$K$16,3,0)*G$23+VLOOKUP(VLOOKUP(1,属性投放!D$56:$N$65,COLUMNS(属性投放!D$56:$N$65),0),$F$8:$K$16,4,0)*G$24+VLOOKUP(VLOOKUP(1,属性投放!D$56:$N$65,COLUMNS(属性投放!D$56:$N$65),0),$F$8:$K$16,5,0)*G$25+VLOOKUP(VLOOKUP(1,属性投放!D$56:$N$65,COLUMNS(属性投放!D$56:$N$65),0),$F$8:$K$16,6,0)*G$26)*(5+$H$17)/5+1*SUM(G$22:G$26))*G23,1) -> 0 | H33: =ROUND(H$3/((VLOOKUP(VLOOKUP(1,属性投放!E$56:$N$65,COLUMNS(属性投放!E$56:$N$65),0),$F$8:$K$16,2,0)*H$22+VLOOKUP(VLOOKUP(1,属性投放!E$56:$N$65,COLUMNS(属性投放!E$56:$N$65),0),$F$8:$K$16,3,0)*H$23+VLOOKUP(VLOOKUP(1,属性投放!E$56:$N$65,COLUMNS(属性投放!E$56:$N$65),0),$F$8:$K$16,4,0)*H$24+VLOOKUP(VLOOKUP(1,属性投放!E$56:$N$65,COLUMNS(属性投放!E$56:$N$65),0),$F$8:$K$16,5,0)*H$25+VLOOKUP(VLOOKUP(1,属性投放!E$56:$N$65,COLUMNS(属性投放!E$56:$N$65),0),$F$8:$K$16,6,0)*H$26)*(5+$H$17)/5+1*SUM(H$22:H$26))*H23,1) -> 5 | I33: =ROUND(I$3/((VLOOKUP(VLOOKUP(1,属性投放!F$56:$N$65,COLUMNS(属性投放!F$56:$N$65),0),$F$8:$K$16,2,0)*I$22+VLOOKUP(VLOOKUP(1,属性投放!F$56:$N$65,COLUMNS(属性投放!F$56:$N$65),0),$F$8:$K$16,3,0)*I$23+VLOOKUP(VLOOKUP(1,属性投放!F$56:$N$65,COLUMNS(属性投放!F$56:$N$65),0),$F$8:$K$16,4,0)*I$24+VLOOKUP(VLOOKUP(1,属性投放!F$56:$N$65,COLUMNS(属性投放!F$56:$N$65),0),$F$8:$K$16,5,0)*I$25+VLOOKUP(VLOOKUP(1,属性投放!F$56:$N$65,COLUMNS(属性投放!F$56:$N$65),0),$F$8:$K$16,6,0)*I$26)*(5+$H$17)/5+1*SUM(I$22:I$26))*I23,1) -> 0 | J33: =ROUND(J$3/((VLOOKUP(VLOOKUP(1,属性投放!G$56:$N$65,COLUMNS(属性投放!G$56:$N$65),0),$F$8:$K$16,2,0)*J$22+VLOOKUP(VLOOKUP(1,属性投放!G$56:$N$65,COLUMNS(属性投放!G$56:$N$65),0),$F$8:$K$16,3,0)*J$23+VLOOKUP(VLOOKUP(1,属性投放!G$56:$N$65,COLUMNS(属性投放!G$56:$N$65),0),$F$8:$K$16,4,0)*J$24+VLOOKUP(VLOOKUP(1,属性投放!G$56:$N$65,COLUMNS(属性投放!G$56:$N$65),0),$F$8:$K$16,5,0)*J$25+VLOOKUP(VLOOKUP(1,属性投放!G$56:$N$65,COLUMNS(属性投放!G$56:$N$65),0),$F$8:$K$16,6,0)*J$26)*(5+$H$17)/5+1*SUM(J$22:J$26))*J23,1) -> 0 | K33: =ROUND(K$3/((VLOOKUP(VLOOKUP(1,属性投放!H$56:$N$65,COLUMNS(属性投放!H$56:$N$65),0),$F$8:$K$16,2,0)*K$22+VLOOKUP(VLOOKUP(1,属性投放!H$56:$N$65,COLUMNS(属性投放!H$56:$N$65),0),$F$8:$K$16,3,0)*K$23+VLOOKUP(VLOOKUP(1,属性投放!H$56:$N$65,COLUMNS(属性投放!H$56:$N$65),0),$F$8:$K$16,4,0)*K$24+VLOOKUP(VLOOKUP(1,属性投放!H$56:$N$65,COLUMNS(属性投放!H$56:$N$65),0),$F$8:$K$16,5,0)*K$25+VLOOKUP(VLOOKUP(1,属性投放!H$56:$N$65,COLUMNS(属性投放!H$56:$N$65),0),$F$8:$K$16,6,0)*K$26)*(5+$H$17)/5+1*SUM(K$22:K$26))*K23,1) -> 1 | L33: =ROUND(L$3/((VLOOKUP(VLOOKUP(1,属性投放!I$56:$N$65,COLUMNS(属性投放!I$56:$N$65),0),$F$8:$K$16,2,0)*L$22+VLOOKUP(VLOOKUP(1,属性投放!I$56:$N$65,COLUMNS(属性投放!I$56:$N$65),0),$F$8:$K$16,3,0)*L$23+VLOOKUP(VLOOKUP(1,属性投放!I$56:$N$65,COLUMNS(属性投放!I$56:$N$65),0),$F$8:$K$16,4,0)*L$24+VLOOKUP(VLOOKUP(1,属性投放!I$56:$N$65,COLUMNS(属性投放!I$56:$N$65),0),$F$8:$K$16,5,0)*L$25+VLOOKUP(VLOOKUP(1,属性投放!I$56:$N$65,COLUMNS(属性投放!I$56:$N$65),0),$F$8:$K$16,6,0)*L$26)*(5+$H$17)/5+1*SUM(L$22:L$26))*L23,1) -> 1 | M33: =ROUND(M$3/((VLOOKUP(VLOOKUP(1,属性投放!J$56:$N$65,COLUMNS(属性投放!J$56:$N$65),0),$F$8:$K$16,2,0)*M$22+VLOOKUP(VLOOKUP(1,属性投放!J$56:$N$65,COLUMNS(属性投放!J$56:$N$65),0),$F$8:$K$16,3,0)*M$23+VLOOKUP(VLOOKUP(1,属性投放!J$56:$N$65,COLUMNS(属性投放!J$56:$N$65),0),$F$8:$K$16,4,0)*M$24+VLOOKUP(VLOOKUP(1,属性投放!J$56:$N$65,COLUMNS(属性投放!J$56:$N$65),0),$F$8:$K$16,5,0)*M$25+VLOOKUP(VLOOKUP(1,属性投放!J$56:$N$65,COLUMNS(属性投放!J$56:$N$65),0),$F$8:$K$16,6,0)*M$26)*(5+$H$17)/5+1*SUM(M$22:M$26))*M23,1) -> 0 | N33: =G33*G$4+H33*H$4+I33*I$4+J33*J$4+K33*K$4+L33*L$4+M33*M$4 -> 5.05
E34: 30 | F34: 力量 | G34: =ROUND(G$3/((VLOOKUP(VLOOKUP(1,属性投放!D$56:$N$65,COLUMNS(属性投放!D$56:$N$65),0),$F$8:$K$16,2,0)*G$22+VLOOKUP(VLOOKUP(1,属性投放!D$56:$N$65,COLUMNS(属性投放!D$56:$N$65),0),$F$8:$K$16,3,0)*G$23+VLOOKUP(VLOOKUP(1,属性投放!D$56:$N$65,COLUMNS(属性投放!D$56:$N$65),0),$F$8:$K$16,4,0)*G$24+VLOOKUP(VLOOKUP(1,属性投放!D$56:$N$65,COLUMNS(属性投放!D$56:$N$65),0),$F$8:$K$16,5,0)*G$25+VLOOKUP(VLOOKUP(1,属性投放!D$56:$N$65,COLUMNS(属性投放!D$56:$N$65),0),$F$8:$K$16,6,0)*G$26)*(5+$H$17)/5+1*SUM(G$22:G$26))*G24,1) -> 0 | H34: =ROUND(H$3/((VLOOKUP(VLOOKUP(1,属性投放!E$56:$N$65,COLUMNS(属性投放!E$56:$N$65),0),$F$8:$K$16,2,0)*H$22+VLOOKUP(VLOOKUP(1,属性投放!E$56:$N$65,COLUMNS(属性投放!E$56:$N$65),0),$F$8:$K$16,3,0)*H$23+VLOOKUP(VLOOKUP(1,属性投放!E$56:$N$65,COLUMNS(属性投放!E$56:$N$65),0),$F$8:$K$16,4,0)*H$24+VLOOKUP(VLOOKUP(1,属性投放!E$56:$N$65,COLUMNS(属性投放!E$56:$N$65),0),$F$8:$K$16,5,0)*H$25+VLOOKUP(VLOOKUP(1,属性投放!E$56:$N$65,COLUMNS(属性投放!E$56:$N$65),0),$F$8:$K$16,6,0)*H$26)*(5+$H$17)/5+1*SUM(H$22:H$26))*H24,1) -> 0 | I34: =ROUND(I$3/((VLOOKUP(VLOOKUP(1,属性投放!F$56:$N$65,COLUMNS(属性投放!F$56:$N$65),0),$F$8:$K$16,2,0)*I$22+VLOOKUP(VLOOKUP(1,属性投放!F$56:$N$65,COLUMNS(属性投放!F$56:$N$65),0),$F$8:$K$16,3,0)*I$23+VLOOKUP(VLOOKUP(1,属性投放!F$56:$N$65,COLUMNS(属性投放!F$56:$N$65),0),$F$8:$K$16,4,0)*I$24+VLOOKUP(VLOOKUP(1,属性投放!F$56:$N$65,COLUMNS(属性投放!F$56:$N$65),0),$F$8:$K$16,5,0)*I$25+VLOOKUP(VLOOKUP(1,属性投放!F$56:$N$65,COLUMNS(属性投放!F$56:$N$65),0),$F$8:$K$16,6,0)*I$26)*(5+$H$17)/5+1*SUM(I$22:I$26))*I24,1) -> 1 | J34: =ROUND(J$3/((VLOOKUP(VLOOKUP(1,属性投放!G$56:$N$65,COLUMNS(属性投放!G$56:$N$65),0),$F$8:$K$16,2,0)*J$22+VLOOKUP(VLOOKUP(1,属性投放!G$56:$N$65,COLUMNS(属性投放!G$56:$N$65),0),$F$8:$K$16,3,0)*J$23+VLOOKUP(VLOOKUP(1,属性投放!G$56:$N$65,COLUMNS(属性投放!G$56:$N$65),0),$F$8:$K$16,4,0)*J$24+VLOOKUP(VLOOKUP(1,属性投放!G$56:$N$65,COLUMNS(属性投放!G$56:$N$65),0),$F$8:$K$16,5,0)*J$25+VLOOKUP(VLOOKUP(1,属性投放!G$56:$N$65,COLUMNS(属性投放!G$56:$N$65),0),$F$8:$K$16,6,0)*J$26)*(5+$H$17)/5+1*SUM(J$22:J$26))*J24,1) -> 0 | K34: =ROUND(K$3/((VLOOKUP(VLOOKUP(1,属性投放!H$56:$N$65,COLUMNS(属性投放!H$56:$N$65),0),$F$8:$K$16,2,0)*K$22+VLOOKUP(VLOOKUP(1,属性投放!H$56:$N$65,COLUMNS(属性投放!H$56:$N$65),0),$F$8:$K$16,3,0)*K$23+VLOOKUP(VLOOKUP(1,属性投放!H$56:$N$65,COLUMNS(属性投放!H$56:$N$65),0),$F$8:$K$16,4,0)*K$24+VLOOKUP(VLOOKUP(1,属性投放!H$56:$N$65,COLUMNS(属性投放!H$56:$N$65),0),$F$8:$K$16,5,0)*K$25+VLOOKUP(VLOOKUP(1,属性投放!H$56:$N$65,COLUMNS(属性投放!H$56:$N$65),0),$F$8:$K$16,6,0)*K$26)*(5+$H$17)/5+1*SUM(K$22:K$26))*K24,1) -> 0 | L34: =ROUND(L$3/((VLOOKUP(VLOOKUP(1,属性投放!I$56:$N$65,COLUMNS(属性投放!I$56:$N$65),0),$F$8:$K$16,2,0)*L$22+VLOOKUP(VLOOKUP(1,属性投放!I$56:$N$65,COLUMNS(属性投放!I$56:$N$65),0),$F$8:$K$16,3,0)*L$23+VLOOKUP(VLOOKUP(1,属性投放!I$56:$N$65,COLUMNS(属性投放!I$56:$N$65),0),$F$8:$K$16,4,0)*L$24+VLOOKUP(VLOOKUP(1,属性投放!I$56:$N$65,COLUMNS(属性投放!I$56:$N$65),0),$F$8:$K$16,5,0)*L$25+VLOOKUP(VLOOKUP(1,属性投放!I$56:$N$65,COLUMNS(属性投放!I$56:$N$65),0),$F$8:$K$16,6,0)*L$26)*(5+$H$17)/5+1*SUM(L$22:L$26))*L24,1) -> 0.6 | M34: =ROUND(M$3/((VLOOKUP(VLOOKUP(1,属性投放!J$56:$N$65,COLUMNS(属性投放!J$56:$N$65),0),$F$8:$K$16,2,0)*M$22+VLOOKUP(VLOOKUP(1,属性投放!J$56:$N$65,COLUMNS(属性投放!J$56:$N$65),0),$F$8:$K$16,3,0)*M$23+VLOOKUP(VLOOKUP(1,属性投放!J$56:$N$65,COLUMNS(属性投放!J$56:$N$65),0),$F$8:$K$16,4,0)*M$24+VLOOKUP(VLOOKUP(1,属性投放!J$56:$N$65,COLUMNS(属性投放!J$56:$N$65),0),$F$8:$K$16,5,0)*M$25+VLOOKUP(VLOOKUP(1,属性投放!J$56:$N$65,COLUMNS(属性投放!J$56:$N$65),0),$F$8:$K$16,6,0)*M$26)*(5+$H$17)/5+1*SUM(M$22:M$26))*M24,1) -> 0.2 | N34: =G34*G$4+H34*H$4+I34*I$4+J34*J$4+K34*K$4+L34*L$4+M34*M$4 -> 2.52
E35: 40 | F35: 耐力 | G35: =ROUND(G$3/((VLOOKUP(VLOOKUP(1,属性投放!D$56:$N$65,COLUMNS(属性投放!D$56:$N$65),0),$F$8:$K$16,2,0)*G$22+VLOOKUP(VLOOKUP(1,属性投放!D$56:$N$65,COLUMNS(属性投放!D$56:$N$65),0),$F$8:$K$16,3,0)*G$23+VLOOKUP(VLOOKUP(1,属性投放!D$56:$N$65,COLUMNS(属性投放!D$56:$N$65),0),$F$8:$K$16,4,0)*G$24+VLOOKUP(VLOOKUP(1,属性投放!D$56:$N$65,COLUMNS(属性投放!D$56:$N$65),0),$F$8:$K$16,5,0)*G$25+VLOOKUP(VLOOKUP(1,属性投放!D$56:$N$65,COLUMNS(属性投放!D$56:$N$65),0),$F$8:$K$16,6,0)*G$26)*(5+$H$17)/5+1*SUM(G$22:G$26))*G25,1) -> 0 | H35: =ROUND(H$3/((VLOOKUP(VLOOKUP(1,属性投放!E$56:$N$65,COLUMNS(属性投放!E$56:$N$65),0),$F$8:$K$16,2,0)*H$22+VLOOKUP(VLOOKUP(1,属性投放!E$56:$N$65,COLUMNS(属性投放!E$56:$N$65),0),$F$8:$K$16,3,0)*H$23+VLOOKUP(VLOOKUP(1,属性投放!E$56:$N$65,COLUMNS(属性投放!E$56:$N$65),0),$F$8:$K$16,4,0)*H$24+VLOOKUP(VLOOKUP(1,属性投放!E$56:$N$65,COLUMNS(属性投放!E$56:$N$65),0),$F$8:$K$16,5,0)*H$25+VLOOKUP(VLOOKUP(1,属性投放!E$56:$N$65,COLUMNS(属性投放!E$56:$N$65),0),$F$8:$K$16,6,0)*H$26)*(5+$H$17)/5+1*SUM(H$22:H$26))*H25,1) -> 0 | I35: =ROUND(I$3/((VLOOKUP(VLOOKUP(1,属性投放!F$56:$N$65,COLUMNS(属性投放!F$56:$N$65),0),$F$8:$K$16,2,0)*I$22+VLOOKUP(VLOOKUP(1,属性投放!F$56:$N$65,COLUMNS(属性投放!F$56:$N$65),0),$F$8:$K$16,3,0)*I$23+VLOOKUP(VLOOKUP(1,属性投放!F$56:$N$65,COLUMNS(属性投放!F$56:$N$65),0),$F$8:$K$16,4,0)*I$24+VLOOKUP(VLOOKUP(1,属性投放!F$56:$N$65,COLUMNS(属性投放!F$56:$N$65),0),$F$8:$K$16,5,0)*I$25+VLOOKUP(VLOOKUP(1,属性投放!F$56:$N$65,COLUMNS(属性投放!F$56:$N$65),0),$F$8:$K$16,6,0)*I$26)*(5+$H$17)/5+1*SUM(I$22:I$26))*I25,1) -> 0 | J35: =ROUND(J$3/((VLOOKUP(VLOOKUP(1,属性投放!G$56:$N$65,COLUMNS(属性投放!G$56:$N$65),0),$F$8:$K$16,2,0)*J$22+VLOOKUP(VLOOKUP(1,属性投放!G$56:$N$65,COLUMNS(属性投放!G$56:$N$65),0),$F$8:$K$16,3,0)*J$23+VLOOKUP(VLOOKUP(1,属性投放!G$56:$N$65,COLUMNS(属性投放!G$56:$N$65),0),$F$8:$K$16,4,0)*J$24+VLOOKUP(VLOOKUP(1,属性投放!G$56:$N$65,COLUMNS(属性投放!G$56:$N$65),0),$F$8:$K$16,5,0)*J$25+VLOOKUP(VLOOKUP(1,属性投放!G$56:$N$65,COLUMNS(属性投放!G$56:$N$65),0),$F$8:$K$16,6,0)*J$26)*(5+$H$17)/5+1*SUM(J$22:J$26))*J25,1) -> 2.2 | K35: =ROUND(K$3/((VLOOKUP(VLOOKUP(1,属性投放!H$56:$N$65,COLUMNS(属性投放!H$56:$N$65),0),$F$8:$K$16,2,0)*K$22+VLOOKUP(VLOOKUP(1,属性投放!H$56:$N$65,COLUMNS(属性投放!H$56:$N$65),0),$F$8:$K$16,3,0)*K$23+VLOOKUP(VLOOKUP(1,属性投放!H$56:$N$65,COLUMNS(属性投放!H$56:$N$65),0),$F$8:$K$16,4,0)*K$24+VLOOKUP(VLOOKUP(1,属性投放!H$56:$N$65,COLUMNS(属性投放!H$56:$N$65),0),$F$8:$K$16,5,0)*K$25+VLOOKUP(VLOOKUP(1,属性投放!H$56:$N$65,COLUMNS(属性投放!H$56:$N$65),0),$F$8:$K$16,6,0)*K$26)*(5+$H$17)/5+1*SUM(K$22:K$26))*K25,1) -> 0 | L35: =ROUND(L$3/((VLOOKUP(VLOOKUP(1,属性投放!I$56:$N$65,COLUMNS(属性投放!I$56:$N$65),0),$F$8:$K$16,2,0)*L$22+VLOOKUP(VLOOKUP(1,属性投放!I$56:$N$65,COLUMNS(属性投放!I$56:$N$65),0),$F$8:$K$16,3,0)*L$23+VLOOKUP(VLOOKUP(1,属性投放!I$56:$N$65,COLUMNS(属性投放!I$56:$N$65),0),$F$8:$K$16,4,0)*L$24+VLOOKUP(VLOOKUP(1,属性投放!I$56:$N$65,COLUMNS(属性投放!I$56:$N$65),0),$F$8:$K$16,5,0)*L$25+VLOOKUP(VLOOKUP(1,属性投放!I$56:$N$65,COLUMNS(属性投放!I$56:$N$65),0),$F$8:$K$16,6,0)*L$26)*(5+$H$17)/5+1*SUM(L$22:L$26))*L25,1) -> 0.4 | M35: =ROUND(M$3/((VLOOKUP(VLOOKUP(1,属性投放!J$56:$N$65,COLUMNS(属性投放!J$56:$N$65),0),$F$8:$K$16,2,0)*M$22+VLOOKUP(VLOOKUP(1,属性投放!J$56:$N$65,COLUMNS(属性投放!J$56:$N$65),0),$F$8:$K$16,3,0)*M$23+VLOOKUP(VLOOKUP(1,属性投放!J$56:$N$65,COLUMNS(属性投放!J$56:$N$65),0),$F$8:$K$16,4,0)*M$24+VLOOKUP(VLOOKUP(1,属性投放!J$56:$N$65,COLUMNS(属性投放!J$56:$N$65),0),$F$8:$K$16,5,0)*M$25+VLOOKUP(VLOOKUP(1,属性投放!J$56:$N$65,COLUMNS(属性投放!J$56:$N$65),0),$F$8:$K$16,6,0)*M$26)*(5+$H$17)/5+1*SUM(M$22:M$26))*M25,1) -> 0.2 | N35: =G35*G$4+H35*H$4+I35*I$4+J35*J$4+K35*K$4+L35*L$4+M35*M$4 -> 5.58
E36: 50 | F36: 敏捷 | G36: =ROUND(G$3/((VLOOKUP(VLOOKUP(1,属性投放!D$56:$N$65,COLUMNS(属性投放!D$56:$N$65),0),$F$8:$K$16,2,0)*G$22+VLOOKUP(VLOOKUP(1,属性投放!D$56:$N$65,COLUMNS(属性投放!D$56:$N$65),0),$F$8:$K$16,3,0)*G$23+VLOOKUP(VLOOKUP(1,属性投放!D$56:$N$65,COLUMNS(属性投放!D$56:$N$65),0),$F$8:$K$16,4,0)*G$24+VLOOKUP(VLOOKUP(1,属性投放!D$56:$N$65,COLUMNS(属性投放!D$56:$N$65),0),$F$8:$K$16,5,0)*G$25+VLOOKUP(VLOOKUP(1,属性投放!D$56:$N$65,COLUMNS(属性投放!D$56:$N$65),0),$F$8:$K$16,6,0)*G$26)*(5+$H$17)/5+1*SUM(G$22:G$26))*G26,1) -> 0 | H36: =ROUND(H$3/((VLOOKUP(VLOOKUP(1,属性投放!E$56:$N$65,COLUMNS(属性投放!E$56:$N$65),0),$F$8:$K$16,2,0)*H$22+VLOOKUP(VLOOKUP(1,属性投放!E$56:$N$65,COLUMNS(属性投放!E$56:$N$65),0),$F$8:$K$16,3,0)*H$23+VLOOKUP(VLOOKUP(1,属性投放!E$56:$N$65,COLUMNS(属性投放!E$56:$N$65),0),$F$8:$K$16,4,0)*H$24+VLOOKUP(VLOOKUP(1,属性投放!E$56:$N$65,COLUMNS(属性投放!E$56:$N$65),0),$F$8:$K$16,5,0)*H$25+VLOOKUP(VLOOKUP(1,属性投放!E$56:$N$65,COLUMNS(属性投放!E$56:$N$65),0),$F$8:$K$16,6,0)*H$26)*(5+$H$17)/5+1*SUM(H$22:H$26))*H26,1) -> 0 | I36: =ROUND(I$3/((VLOOKUP(VLOOKUP(1,属性投放!F$56:$N$65,COLUMNS(属性投放!F$56:$N$65),0),$F$8:$K$16,2,0)*I$22+VLOOKUP(VLOOKUP(1,属性投放!F$56:$N$65,COLUMNS(属性投放!F$56:$N$65),0),$F$8:$K$16,3,0)*I$23+VLOOKUP(VLOOKUP(1,属性投放!F$56:$N$65,COLUMNS(属性投放!F$56:$N$65),0),$F$8:$K$16,4,0)*I$24+VLOOKUP(VLOOKUP(1,属性投放!F$56:$N$65,COLUMNS(属性投放!F$56:$N$65),0),$F$8:$K$16,5,0)*I$25+VLOOKUP(VLOOKUP(1,属性投放!F$56:$N$65,COLUMNS(属性投放!F$56:$N$65),0),$F$8:$K$16,6,0)*I$26)*(5+$H$17)/5+1*SUM(I$22:I$26))*I26,1) -> 0 | J36: =ROUND(J$3/((VLOOKUP(VLOOKUP(1,属性投放!G$56:$N$65,COLUMNS(属性投放!G$56:$N$65),0),$F$8:$K$16,2,0)*J$22+VLOOKUP(VLOOKUP(1,属性投放!G$56:$N$65,COLUMNS(属性投放!G$56:$N$65),0),$F$8:$K$16,3,0)*J$23+VLOOKUP(VLOOKUP(1,属性投放!G$56:$N$65,COLUMNS(属性投放!G$56:$N$65),0),$F$8:$K$16,4,0)*J$24+VLOOKUP(VLOOKUP(1,属性投放!G$56:$N$65,COLUMNS(属性投放!G$56:$N$65),0),$F$8:$K$16,5,0)*J$25+VLOOKUP(VLOOKUP(1,属性投放!G$56:$N$65,COLUMNS(属性投放!G$56:$N$65),0),$F$8:$K$16,6,0)*J$26)*(5+$H$17)/5+1*SUM(J$22:J$26))*J26,1) -> 0 | K36: =ROUND(K$3/((VLOOKUP(VLOOKUP(1,属性投放!H$56:$N$65,COLUMNS(属性投放!H$56:$N$65),0),$F$8:$K$16,2,0)*K$22+VLOOKUP(VLOOKUP(1,属性投放!H$56:$N$65,COLUMNS(属性投放!H$56:$N$65),0),$F$8:$K$16,3,0)*K$23+VLOOKUP(VLOOKUP(1,属性投放!H$56:$N$65,COLUMNS(属性投放!H$56:$N$65),0),$F$8:$K$16,4,0)*K$24+VLOOKUP(VLOOKUP(1,属性投放!H$56:$N$65,COLUMNS(属性投放!H$56:$N$65),0),$F$8:$K$16,5,0)*K$25+VLOOKUP(VLOOKUP(1,属性投放!H$56:$N$65,COLUMNS(属性投放!H$56:$N$65),0),$F$8:$K$16,6,0)*K$26)*(5+$H$17)/5+1*SUM(K$22:K$26))*K26,1) -> 0 | L36: =ROUND(L$3/((VLOOKUP(VLOOKUP(1,属性投放!I$56:$N$65,COLUMNS(属性投放!I$56:$N$65),0),$F$8:$K$16,2,0)*L$22+VLOOKUP(VLOOKUP(1,属性投放!I$56:$N$65,COLUMNS(属性投放!I$56:$N$65),0),$F$8:$K$16,3,0)*L$23+VLOOKUP(VLOOKUP(1,属性投放!I$56:$N$65,COLUMNS(属性投放!I$56:$N$65),0),$F$8:$K$16,4,0)*L$24+VLOOKUP(VLOOKUP(1,属性投放!I$56:$N$65,COLUMNS(属性投放!I$56:$N$65),0),$F$8:$K$16,5,0)*L$25+VLOOKUP(VLOOKUP(1,属性投放!I$56:$N$65,COLUMNS(属性投放!I$56:$N$65),0),$F$8:$K$16,6,0)*L$26)*(5+$H$17)/5+1*SUM(L$22:L$26))*L26,1) -> 0 | M36: =ROUND(M$3/((VLOOKUP(VLOOKUP(1,属性投放!J$56:$N$65,COLUMNS(属性投放!J$56:$N$65),0),$F$8:$K$16,2,0)*M$22+VLOOKUP(VLOOKUP(1,属性投放!J$56:$N$65,COLUMNS(属性投放!J$56:$N$65),0),$F$8:$K$16,3,0)*M$23+VLOOKUP(VLOOKUP(1,属性投放!J$56:$N$65,COLUMNS(属性投放!J$56:$N$65),0),$F$8:$K$16,4,0)*M$24+VLOOKUP(VLOOKUP(1,属性投放!J$56:$N$65,COLUMNS(属性投放!J$56:$N$65),0),$F$8:$K$16,5,0)*M$25+VLOOKUP(VLOOKUP(1,属性投放!J$56:$N$65,COLUMNS(属性投放!J$56:$N$65),0),$F$8:$K$16,6,0)*M$26)*(5+$H$17)/5+1*SUM(M$22:M$26))*M26,1) -> 1.5 | N36: =G36*G$4+H36*H$4+I36*I$4+J36*J$4+K36*K$4+L36*L$4+M36*M$4 -> 3.75
F37: 每级自然成长 | G37: =SUM(G32:G36) -> 8 | H37: =SUM(H32:H36) -> 5 | I37: =SUM(I32:I36) -> 1 | J37: =SUM(J32:J36) -> 2.2 | K37: =SUM(K32:K36) -> 1 | L37: =SUM(L32:L36) -> 2.4 | M37: =SUM(M32:M36) -> 2.1
F38: 加1点最大投放量 | G38: =MAX(G32:G36) -> 8 | H38: =MAX(H32:H36) -> 5 | I38: =MAX(I32:I36) -> 1 | J38: =MAX(J32:J36) -> 2.2 | K38: =MAX(K32:K36) -> 1 | L38: =MAX(L32:L36) -> 1 | M38: =MAX(M32:M36) -> 1.5
F39: 手动加点各属性极限 | G39: =G38*5 -> 40 | H39: =H38*5 -> 25 | I39: =I38*5 -> 5 | J39: =J38*5 -> 11 | K39: =K38*5 -> 5 | L39: =L38*5 -> 5 | M39: =M38*5 -> 7.5
E40: 选择加点属性
F41: 加点方式 | G41: 生命 | H41: 魔法 | I41: 物攻 | J41: 物防 | K41: 法攻 | L41: 法防 | M41: 速度 | N41: 治疗强度 | O41: 控制命中 | P41: 控制抗性
E42: 物攻推荐 | F42: 10400 | G42: =G$32*MID($F42,1,1)+G$33*MID($F42,2,1)+G$34*MID($F42,3,1)+G$35*MID($F42,4,1)+G$36*MID($F42,5,1) -> 8 | H42: =H$32*MID($F42,1,1)+H$33*MID($F42,2,1)+H$34*MID($F42,3,1)+H$35*MID($F42,4,1)+H$36*MID($F42,5,1) -> 0 | I42: =I$32*MID($F42,1,1)+I$33*MID($F42,2,1)+I$34*MID($F42,3,1)+I$35*MID($F42,4,1)+I$36*MID($F42,5,1) -> 4 | J42: =J$32*MID($F42,1,1)+J$33*MID($F42,2,1)+J$34*MID($F42,3,1)+J$35*MID($F42,4,1)+J$36*MID($F42,5,1) -> 0 | K42: =K$32*MID($F42,1,1)+K$33*MID($F42,2,1)+K$34*MID($F42,3,1)+K$35*MID($F42,4,1)+K$36*MID($F42,5,1) -> 0 | L42: =L$32*MID($F42,1,1)+L$33*MID($F42,2,1)+L$34*MID($F42,3,1)+L$35*MID($F42,4,1)+L$36*MID($F42,5,1) -> 2.8 | M42: =M$32*MID($F42,1,1)+M$33*MID($F42,2,1)+M$34*MID($F42,3,1)+M$35*MID($F42,4,1)+M$36*MID($F42,5,1) -> 1 | N42: 0 | O42: 0 | P42: 0
E43: 法攻推荐 | F43: 14000 | G43: =G$32*MID($F43,1,1)+G$33*MID($F43,2,1)+G$34*MID($F43,3,1)+G$35*MID($F43,4,1)+G$36*MID($F43,5,1) -> 8 | H43: =H$32*MID($F43,1,1)+H$33*MID($F43,2,1)+H$34*MID($F43,3,1)+H$35*MID($F43,4,1)+H$36*MID($F43,5,1) -> 20 | I43: =I$32*MID($F43,1,1)+I$33*MID($F43,2,1)+I$34*MID($F43,3,1)+I$35*MID($F43,4,1)+I$36*MID($F43,5,1) -> 0 | J43: =J$32*MID($F43,1,1)+J$33*MID($F43,2,1)+J$34*MID($F43,3,1)+J$35*MID($F43,4,1)+J$36*MID($F43,5,1) -> 0 | K43: =K$32*MID($F43,1,1)+K$33*MID($F43,2,1)+K$34*MID($F43,3,1)+K$35*MID($F43,4,1)+K$36*MID($F43,5,1) -> 4 | L43: =L$32*MID($F43,1,1)+L$33*MID($F43,2,1)+L$34*MID($F43,3,1)+L$35*MID($F43,4,1)+L$36*MID($F43,5,1) -> 4.4 | M43: =M$32*MID($F43,1,1)+M$33*MID($F43,2,1)+M$34*MID($F43,3,1)+M$35*MID($F43,4,1)+M$36*MID($F43,5,1) -> 0.2 | N43: 0 | O43: 0 | P43: 0
E44: 物控推荐 | F44: 10301 | G44: =G$32*MID($F44,1,1)+G$33*MID($F44,2,1)+G$34*MID($F44,3,1)+G$35*MID($F44,4,1)+G$36*MID($F44,5,1) -> 8 | H44: =H$32*MID($F44,1,1)+H$33*MID($F44,2,1)+H$34*MID($F44,3,1)+H$35*MID($F44,4,1)+H$36*MID($F44,5,1) -> 0 | I44: =I$32*MID($F44,1,1)+I$33*MID($F44,2,1)+I$34*MID($F44,3,1)+I$35*MID($F44,4,1)+I$36*MID($F44,5,1) -> 3 | J44: =J$32*MID($F44,1,1)+J$33*MID($F44,2,1)+J$34*MID($F44,3,1)+J$35*MID($F44,4,1)+J$36*MID($F44,5,1) -> 0 | K44: =K$32*MID($F44,1,1)+K$33*MID($F44,2,1)+K$34*MID($F44,3,1)+K$35*MID($F44,4,1)+K$36*MID($F44,5,1) -> 0 | L44: =L$32*MID($F44,1,1)+L$33*MID($F44,2,1)+L$34*MID($F44,3,1)+L$35*MID($F44,4,1)+L$36*MID($F44,5,1) -> 2.2 | M44: =M$32*MID($F44,1,1)+M$33*MID($F44,2,1)+M$34*MID($F44,3,1)+M$35*MID($F44,4,1)+M$36*MID($F44,5,1) -> 2.3 | N44: 0 | O44: 0 | P44: 0
E45: 法控推荐 | F45: 13001 | G45: =G$32*MID($F45,1,1)+G$33*MID($F45,2,1)+G$34*MID($F45,3,1)+G$35*MID($F45,4,1)+G$36*MID($F45,5,1) -> 8 | H45: =H$32*MID($F45,1,1)+H$33*MID($F45,2,1)+H$34*MID($F45,3,1)+H$35*MID($F45,4,1)+H$36*MID($F45,5,1) -> 15 | I45: =I$32*MID($F45,1,1)+I$33*MID($F45,2,1)+I$34*MID($F45,3,1)+I$35*MID($F45,4,1)+I$36*MID($F45,5,1) -> 0 | J45: =J$32*MID($F45,1,1)+J$33*MID($F45,2,1)+J$34*MID($F45,3,1)+J$35*MID($F45,4,1)+J$36*MID($F45,5,1) -> 0 | K45: =K$32*MID($F45,1,1)+K$33*MID($F45,2,1)+K$34*MID($F45,3,1)+K$35*MID($F45,4,1)+K$36*MID($F45,5,1) -> 3 | L45: =L$32*MID($F45,1,1)+L$33*MID($F45,2,1)+L$34*MID($F45,3,1)+L$35*MID($F45,4,1)+L$36*MID($F45,5,1) -> 3.4 | M45: =M$32*MID($F45,1,1)+M$33*MID($F45,2,1)+M$34*MID($F45,3,1)+M$35*MID($F45,4,1)+M$36*MID($F45,5,1) -> 1.7 | N45: 0 | O45: 0 | P45: 0
E46: 物辅推荐 | F46: 10310 | G46: =G$32*MID($F46,1,1)+G$33*MID($F46,2,1)+G$34*MID($F46,3,1)+G$35*MID($F46,4,1)+G$36*MID($F46,5,1) -> 8 | H46: =H$32*MID($F46,1,1)+H$33*MID($F46,2,1)+H$34*MID($F46,3,1)+H$35*MID($F46,4,1)+H$36*MID($F46,5,1) -> 0 | I46: =I$32*MID($F46,1,1)+I$33*MID($F46,2,1)+I$34*MID($F46,3,1)+I$35*MID($F46,4,1)+I$36*MID($F46,5,1) -> 3 | J46: =J$32*MID($F46,1,1)+J$33*MID($F46,2,1)+J$34*MID($F46,3,1)+J$35*MID($F46,4,1)+J$36*MID($F46,5,1) -> 2.2 | K46: =K$32*MID($F46,1,1)+K$33*MID($F46,2,1)+K$34*MID($F46,3,1)+K$35*MID($F46,4,1)+K$36*MID($F46,5,1) -> 0 | L46: =L$32*MID($F46,1,1)+L$33*MID($F46,2,1)+L$34*MID($F46,3,1)+L$35*MID($F46,4,1)+L$36*MID($F46,5,1) -> 2.6 | M46: =M$32*MID($F46,1,1)+M$33*MID($F46,2,1)+M$34*MID($F46,3,1)+M$35*MID($F46,4,1)+M$36*MID($F46,5,1) -> 1 | N46: 0 | O46: 0 | P46: 0
E47: 法辅推荐 | F47: 13001 | G47: =G$32*MID($F47,1,1)+G$33*MID($F47,2,1)+G$34*MID($F47,3,1)+G$35*MID($F47,4,1)+G$36*MID($F47,5,1) -> 8 | H47: =H$32*MID($F47,1,1)+H$33*MID($F47,2,1)+H$34*MID($F47,3,1)+H$35*MID($F47,4,1)+H$36*MID($F47,5,1) -> 15 | I47: =I$32*MID($F47,1,1)+I$33*MID($F47,2,1)+I$34*MID($F47,3,1)+I$35*MID($F47,4,1)+I$36*MID($F47,5,1) -> 0 | J47: =J$32*MID($F47,1,1)+J$33*MID($F47,2,1)+J$34*MID($F47,3,1)+J$35*MID($F47,4,1)+J$36*MID($F47,5,1) -> 0 | K47: =K$32*MID($F47,1,1)+K$33*MID($F47,2,1)+K$34*MID($F47,3,1)+K$35*MID($F47,4,1)+K$36*MID($F47,5,1) -> 3 | L47: =L$32*MID($F47,1,1)+L$33*MID($F47,2,1)+L$34*MID($F47,3,1)+L$35*MID($F47,4,1)+L$36*MID($F47,5,1) -> 3.4 | M47: =M$32*MID($F47,1,1)+M$33*MID($F47,2,1)+M$34*MID($F47,3,1)+M$35*MID($F47,4,1)+M$36*MID($F47,5,1) -> 1.7 | N47: 0 | O47: 0 | P47: 0
E48: 极端全体 | F48: 50000 | G48: =G$32*MID($F48,1,1)+G$33*MID($F48,2,1)+G$34*MID($F48,3,1)+G$35*MID($F48,4,1)+G$36*MID($F48,5,1) -> 40 | H48: =H$32*MID($F48,1,1)+H$33*MID($F48,2,1)+H$34*MID($F48,3,1)+H$35*MID($F48,4,1)+H$36*MID($F48,5,1) -> 0 | I48: =I$32*MID($F48,1,1)+I$33*MID($F48,2,1)+I$34*MID($F48,3,1)+I$35*MID($F48,4,1)+I$36*MID($F48,5,1) -> 0 | J48: =J$32*MID($F48,1,1)+J$33*MID($F48,2,1)+J$34*MID($F48,3,1)+J$35*MID($F48,4,1)+J$36*MID($F48,5,1) -> 0 | K48: =K$32*MID($F48,1,1)+K$33*MID($F48,2,1)+K$34*MID($F48,3,1)+K$35*MID($F48,4,1)+K$36*MID($F48,5,1) -> 0 | L48: =L$32*MID($F48,1,1)+L$33*MID($F48,2,1)+L$34*MID($F48,3,1)+L$35*MID($F48,4,1)+L$36*MID($F48,5,1) -> 2 | M48: =M$32*MID($F48,1,1)+M$33*MID($F48,2,1)+M$34*MID($F48,3,1)+M$35*MID($F48,4,1)+M$36*MID($F48,5,1) -> 1 | N48: 0 | O48: 0 | P48: 0
E49: 极端全力 | F49: 00500 | G49: =G$32*MID($F49,1,1)+G$33*MID($F49,2,1)+G$34*MID($F49,3,1)+G$35*MID($F49,4,1)+G$36*MID($F49,5,1) -> 0 | H49: =H$32*MID($F49,1,1)+H$33*MID($F49,2,1)+H$34*MID($F49,3,1)+H$35*MID($F49,4,1)+H$36*MID($F49,5,1) -> 0 | I49: =I$32*MID($F49,1,1)+I$33*MID($F49,2,1)+I$34*MID($F49,3,1)+I$35*MID($F49,4,1)+I$36*MID($F49,5,1) -> 5 | J49: =J$32*MID($F49,1,1)+J$33*MID($F49,2,1)+J$34*MID($F49,3,1)+J$35*MID($F49,4,1)+J$36*MID($F49,5,1) -> 0 | K49: =K$32*MID($F49,1,1)+K$33*MID($F49,2,1)+K$34*MID($F49,3,1)+K$35*MID($F49,4,1)+K$36*MID($F49,5,1) -> 0 | L49: =L$32*MID($F49,1,1)+L$33*MID($F49,2,1)+L$34*MID($F49,3,1)+L$35*MID($F49,4,1)+L$36*MID($F49,5,1) -> 3 | M49: =M$32*MID($F49,1,1)+M$33*MID($F49,2,1)+M$34*MID($F49,3,1)+M$35*MID($F49,4,1)+M$36*MID($F49,5,1) -> 1 | N49: 0 | O49: 0 | P49: 0
E50: 极端全智 | F50: 05000 | G50: =G$32*MID($F50,1,1)+G$33*MID($F50,2,1)+G$34*MID($F50,3,1)+G$35*MID($F50,4,1)+G$36*MID($F50,5,1) -> 0 | H50: =H$32*MID($F50,1,1)+H$33*MID($F50,2,1)+H$34*MID($F50,3,1)+H$35*MID($F50,4,1)+H$36*MID($F50,5,1) -> 25 | I50: =I$32*MID($F50,1,1)+I$33*MID($F50,2,1)+I$34*MID($F50,3,1)+I$35*MID($F50,4,1)+I$36*MID($F50,5,1) -> 0 | J50: =J$32*MID($F50,1,1)+J$33*MID($F50,2,1)+J$34*MID($F50,3,1)+J$35*MID($F50,4,1)+J$36*MID($F50,5,1) -> 0 | K50: =K$32*MID($F50,1,1)+K$33*MID($F50,2,1)+K$34*MID($F50,3,1)+K$35*MID($F50,4,1)+K$36*MID($F50,5,1) -> 5 | L50: =L$32*MID($F50,1,1)+L$33*MID($F50,2,1)+L$34*MID($F50,3,1)+L$35*MID($F50,4,1)+L$36*MID($F50,5,1) -> 5 | M50: =M$32*MID($F50,1,1)+M$33*MID($F50,2,1)+M$34*MID($F50,3,1)+M$35*MID($F50,4,1)+M$36*MID($F50,5,1) -> 0 | N50: 0 | O50: 0 | P50: 0
E51: 极端全耐 | F51: 00050 | G51: =G$32*MID($F51,1,1)+G$33*MID($F51,2,1)+G$34*MID($F51,3,1)+G$35*MID($F51,4,1)+G$36*MID($F51,5,1) -> 0 | H51: =H$32*MID($F51,1,1)+H$33*MID($F51,2,1)+H$34*MID($F51,3,1)+H$35*MID($F51,4,1)+H$36*MID($F51,5,1) -> 0 | I51: =I$32*MID($F51,1,1)+I$33*MID($F51,2,1)+I$34*MID($F51,3,1)+I$35*MID($F51,4,1)+I$36*MID($F51,5,1) -> 0 | J51: =J$32*MID($F51,1,1)+J$33*MID($F51,2,1)+J$34*MID($F51,3,1)+J$35*MID($F51,4,1)+J$36*MID($F51,5,1) -> 11 | K51: =K$32*MID($F51,1,1)+K$33*MID($F51,2,1)+K$34*MID($F51,3,1)+K$35*MID($F51,4,1)+K$36*MID($F51,5,1) -> 0 | L51: =L$32*MID($F51,1,1)+L$33*MID($F51,2,1)+L$34*MID($F51,3,1)+L$35*MID($F51,4,1)+L$36*MID($F51,5,1) -> 2 | M51: =M$32*MID($F51,1,1)+M$33*MID($F51,2,1)+M$34*MID($F51,3,1)+M$35*MID($F51,4,1)+M$36*MID($F51,5,1) -> 1 | N51: 0 | O51: 0 | P51: 0
E52: 2力3耐 | F52: 00230 | G52: =G$32*MID($F52,1,1)+G$33*MID($F52,2,1)+G$34*MID($F52,3,1)+G$35*MID($F52,4,1)+G$36*MID($F52,5,1) -> 0 | H52: =H$32*MID($F52,1,1)+H$33*MID($F52,2,1)+H$34*MID($F52,3,1)+H$35*MID($F52,4,1)+H$36*MID($F52,5,1) -> 0 | I52: =I$32*MID($F52,1,1)+I$33*MID($F52,2,1)+I$34*MID($F52,3,1)+I$35*MID($F52,4,1)+I$36*MID($F52,5,1) -> 2 | J52: =J$32*MID($F52,1,1)+J$33*MID($F52,2,1)+J$34*MID($F52,3,1)+J$35*MID($F52,4,1)+J$36*MID($F52,5,1) -> 6.6 | K52: =K$32*MID($F52,1,1)+K$33*MID($F52,2,1)+K$34*MID($F52,3,1)+K$35*MID($F52,4,1)+K$36*MID($F52,5,1) -> 0 | L52: =L$32*MID($F52,1,1)+L$33*MID($F52,2,1)+L$34*MID($F52,3,1)+L$35*MID($F52,4,1)+L$36*MID($F52,5,1) -> 2.4 | M52: =M$32*MID($F52,1,1)+M$33*MID($F52,2,1)+M$34*MID($F52,3,1)+M$35*MID($F52,4,1)+M$36*MID($F52,5,1) -> 1 | N52: 0 | O52: 0 | P52: 0
E53: 2智3耐 | F53: 02030 | G53: =G$32*MID($F53,1,1)+G$33*MID($F53,2,1)+G$34*MID($F53,3,1)+G$35*MID($F53,4,1)+G$36*MID($F53,5,1) -> 0 | H53: =H$32*MID($F53,1,1)+H$33*MID($F53,2,1)+H$34*MID($F53,3,1)+H$35*MID($F53,4,1)+H$36*MID($F53,5,1) -> 10 | I53: =I$32*MID($F53,1,1)+I$33*MID($F53,2,1)+I$34*MID($F53,3,1)+I$35*MID($F53,4,1)+I$36*MID($F53,5,1) -> 0 | J53: =J$32*MID($F53,1,1)+J$33*MID($F53,2,1)+J$34*MID($F53,3,1)+J$35*MID($F53,4,1)+J$36*MID($F53,5,1) -> 6.6 | K53: =K$32*MID($F53,1,1)+K$33*MID($F53,2,1)+K$34*MID($F53,3,1)+K$35*MID($F53,4,1)+K$36*MID($F53,5,1) -> 2 | L53: =L$32*MID($F53,1,1)+L$33*MID($F53,2,1)+L$34*MID($F53,3,1)+L$35*MID($F53,4,1)+L$36*MID($F53,5,1) -> 3.2 | M53: =M$32*MID($F53,1,1)+M$33*MID($F53,2,1)+M$34*MID($F53,3,1)+M$35*MID($F53,4,1)+M$36*MID($F53,5,1) -> 0.6 | N53: 0 | O53: 0 | P53: 0
F55: 加点方式 | G55: 生命 | H55: 魔法 | I55: 物攻 | J55: 物防 | K55: 法攻 | L55: 法防 | M55: 速度 | N55: 治疗强度 | O55: 控制命中 | P55: 控制抗性
E56: 标准战士 | F56: 10400 | G56: =G$32*MID($F56,1,1)+G$33*MID($F56,2,1)+G$34*MID($F56,3,1)+G$35*MID($F56,4,1)+G$36*MID($F56,5,1) -> 8 | H56: =H$32*MID($F56,1,1)+H$33*MID($F56,2,1)+H$34*MID($F56,3,1)+H$35*MID($F56,4,1)+H$36*MID($F56,5,1) -> 0 | I56: =I$32*MID($F56,1,1)+I$33*MID($F56,2,1)+I$34*MID($F56,3,1)+I$35*MID($F56,4,1)+I$36*MID($F56,5,1) -> 4 | J56: =J$32*MID($F56,1,1)+J$33*MID($F56,2,1)+J$34*MID($F56,3,1)+J$35*MID($F56,4,1)+J$36*MID($F56,5,1) -> 0 | K56: =K$32*MID($F56,1,1)+K$33*MID($F56,2,1)+K$34*MID($F56,3,1)+K$35*MID($F56,4,1)+K$36*MID($F56,5,1) -> 0 | L56: =L$32*MID($F56,1,1)+L$33*MID($F56,2,1)+L$34*MID($F56,3,1)+L$35*MID($F56,4,1)+L$36*MID($F56,5,1) -> 2.8 | M56: =M$32*MID($F56,1,1)+M$33*MID($F56,2,1)+M$34*MID($F56,3,1)+M$35*MID($F56,4,1)+M$36*MID($F56,5,1) -> 1 | N56: 0 | O56: 0 | P56: 0
E57: 标准圣骑 | F57: 13001 | G57: =G$32*MID($F57,1,1)+G$33*MID($F57,2,1)+G$34*MID($F57,3,1)+G$35*MID($F57,4,1)+G$36*MID($F57,5,1) -> 8 | H57: =H$32*MID($F57,1,1)+H$33*MID($F57,2,1)+H$34*MID($F57,3,1)+H$35*MID($F57,4,1)+H$36*MID($F57,5,1) -> 15 | I57: =I$32*MID($F57,1,1)+I$33*MID($F57,2,1)+I$34*MID($F57,3,1)+I$35*MID($F57,4,1)+I$36*MID($F57,5,1) -> 0 | J57: =J$32*MID($F57,1,1)+J$33*MID($F57,2,1)+J$34*MID($F57,3,1)+J$35*MID($F57,4,1)+J$36*MID($F57,5,1) -> 0 | K57: =K$32*MID($F57,1,1)+K$33*MID($F57,2,1)+K$34*MID($F57,3,1)+K$35*MID($F57,4,1)+K$36*MID($F57,5,1) -> 3 | L57: =L$32*MID($F57,1,1)+L$33*MID($F57,2,1)+L$34*MID($F57,3,1)+L$35*MID($F57,4,1)+L$36*MID($F57,5,1) -> 3.4 | M57: =M$32*MID($F57,1,1)+M$33*MID($F57,2,1)+M$34*MID($F57,3,1)+M$35*MID($F57,4,1)+M$36*MID($F57,5,1) -> 1.7 | N57: 0 | O57: 0 | P57: 0
E58: 标准猎人 | F58: 10400 | G58: =G$32*MID($F58,1,1)+G$33*MID($F58,2,1)+G$34*MID($F58,3,1)+G$35*MID($F58,4,1)+G$36*MID($F58,5,1) -> 8 | H58: =H$32*MID($F58,1,1)+H$33*MID($F58,2,1)+H$34*MID($F58,3,1)+H$35*MID($F58,4,1)+H$36*MID($F58,5,1) -> 0 | I58: =I$32*MID($F58,1,1)+I$33*MID($F58,2,1)+I$34*MID($F58,3,1)+I$35*MID($F58,4,1)+I$36*MID($F58,5,1) -> 4 | J58: =J$32*MID($F58,1,1)+J$33*MID($F58,2,1)+J$34*MID($F58,3,1)+J$35*MID($F58,4,1)+J$36*MID($F58,5,1) -> 0 | K58: =K$32*MID($F58,1,1)+K$33*MID($F58,2,1)+K$34*MID($F58,3,1)+K$35*MID($F58,4,1)+K$36*MID($F58,5,1) -> 0 | L58: =L$32*MID($F58,1,1)+L$33*MID($F58,2,1)+L$34*MID($F58,3,1)+L$35*MID($F58,4,1)+L$36*MID($F58,5,1) -> 2.8 | M58: =M$32*MID($F58,1,1)+M$33*MID($F58,2,1)+M$34*MID($F58,3,1)+M$35*MID($F58,4,1)+M$36*MID($F58,5,1) -> 1 | N58: 0 | O58: 0 | P58: 0
E59: 标准德鲁伊 | F59: 13001 | G59: =G$32*MID($F59,1,1)+G$33*MID($F59,2,1)+G$34*MID($F59,3,1)+G$35*MID($F59,4,1)+G$36*MID($F59,5,1) -> 8 | H59: =H$32*MID($F59,1,1)+H$33*MID($F59,2,1)+H$34*MID($F59,3,1)+H$35*MID($F59,4,1)+H$36*MID($F59,5,1) -> 15 | I59: =I$32*MID($F59,1,1)+I$33*MID($F59,2,1)+I$34*MID($F59,3,1)+I$35*MID($F59,4,1)+I$36*MID($F59,5,1) -> 0 | J59: =J$32*MID($F59,1,1)+J$33*MID($F59,2,1)+J$34*MID($F59,3,1)+J$35*MID($F59,4,1)+J$36*MID($F59,5,1) -> 0 | K59: =K$32*MID($F59,1,1)+K$33*MID($F59,2,1)+K$34*MID($F59,3,1)+K$35*MID($F59,4,1)+K$36*MID($F59,5,1) -> 3 | L59: =L$32*MID($F59,1,1)+L$33*MID($F59,2,1)+L$34*MID($F59,3,1)+L$35*MID($F59,4,1)+L$36*MID($F59,5,1) -> 3.4 | M59: =M$32*MID($F59,1,1)+M$33*MID($F59,2,1)+M$34*MID($F59,3,1)+M$35*MID($F59,4,1)+M$36*MID($F59,5,1) -> 1.7 | N59: 0 | O59: 0 | P59: 0
E60: 标准法师 | F60: 14000 | G60: =G$32*MID($F60,1,1)+G$33*MID($F60,2,1)+G$34*MID($F60,3,1)+G$35*MID($F60,4,1)+G$36*MID($F60,5,1) -> 8 | H60: =H$32*MID($F60,1,1)+H$33*MID($F60,2,1)+H$34*MID($F60,3,1)+H$35*MID($F60,4,1)+H$36*MID($F60,5,1) -> 20 | I60: =I$32*MID($F60,1,1)+I$33*MID($F60,2,1)+I$34*MID($F60,3,1)+I$35*MID($F60,4,1)+I$36*MID($F60,5,1) -> 0 | J60: =J$32*MID($F60,1,1)+J$33*MID($F60,2,1)+J$34*MID($F60,3,1)+J$35*MID($F60,4,1)+J$36*MID($F60,5,1) -> 0 | K60: =K$32*MID($F60,1,1)+K$33*MID($F60,2,1)+K$34*MID($F60,3,1)+K$35*MID($F60,4,1)+K$36*MID($F60,5,1) -> 4 | L60: =L$32*MID($F60,1,1)+L$33*MID($F60,2,1)+L$34*MID($F60,3,1)+L$35*MID($F60,4,1)+L$36*MID($F60,5,1) -> 4.4 | M60: =M$32*MID($F60,1,1)+M$33*MID($F60,2,1)+M$34*MID($F60,3,1)+M$35*MID($F60,4,1)+M$36*MID($F60,5,1) -> 0.2 | N60: 0 | O60: 0 | P60: 0
E61: 标准牧师 | F61: 13001 | G61: =G$32*MID($F61,1,1)+G$33*MID($F61,2,1)+G$34*MID($F61,3,1)+G$35*MID($F61,4,1)+G$36*MID($F61,5,1) -> 8 | H61: =H$32*MID($F61,1,1)+H$33*MID($F61,2,1)+H$34*MID($F61,3,1)+H$35*MID($F61,4,1)+H$36*MID($F61,5,1) -> 15 | I61: =I$32*MID($F61,1,1)+I$33*MID($F61,2,1)+I$34*MID($F61,3,1)+I$35*MID($F61,4,1)+I$36*MID($F61,5,1) -> 0 | J61: =J$32*MID($F61,1,1)+J$33*MID($F61,2,1)+J$34*MID($F61,3,1)+J$35*MID($F61,4,1)+J$36*MID($F61,5,1) -> 0 | K61: =K$32*MID($F61,1,1)+K$33*MID($F61,2,1)+K$34*MID($F61,3,1)+K$35*MID($F61,4,1)+K$36*MID($F61,5,1) -> 3 | L61: =L$32*MID($F61,1,1)+L$33*MID($F61,2,1)+L$34*MID($F61,3,1)+L$35*MID($F61,4,1)+L$36*MID($F61,5,1) -> 3.4 | M61: =M$32*MID($F61,1,1)+M$33*MID($F61,2,1)+M$34*MID($F61,3,1)+M$35*MID($F61,4,1)+M$36*MID($F61,5,1) -> 1.7 | N61: 0 | O61: 0 | P61: 0
E62: 标准萨满 | F62: 14000 | G62: =G$32*MID($F62,1,1)+G$33*MID($F62,2,1)+G$34*MID($F62,3,1)+G$35*MID($F62,4,1)+G$36*MID($F62,5,1) -> 8 | H62: =H$32*MID($F62,1,1)+H$33*MID($F62,2,1)+H$34*MID($F62,3,1)+H$35*MID($F62,4,1)+H$36*MID($F62,5,1) -> 20 | I62: =I$32*MID($F62,1,1)+I$33*MID($F62,2,1)+I$34*MID($F62,3,1)+I$35*MID($F62,4,1)+I$36*MID($F62,5,1) -> 0 | J62: =J$32*MID($F62,1,1)+J$33*MID($F62,2,1)+J$34*MID($F62,3,1)+J$35*MID($F62,4,1)+J$36*MID($F62,5,1) -> 0 | K62: =K$32*MID($F62,1,1)+K$33*MID($F62,2,1)+K$34*MID($F62,3,1)+K$35*MID($F62,4,1)+K$36*MID($F62,5,1) -> 4 | L62: =L$32*MID($F62,1,1)+L$33*MID($F62,2,1)+L$34*MID($F62,3,1)+L$35*MID($F62,4,1)+L$36*MID($F62,5,1) -> 4.4 | M62: =M$32*MID($F62,1,1)+M$33*MID($F62,2,1)+M$34*MID($F62,3,1)+M$35*MID($F62,4,1)+M$36*MID($F62,5,1) -> 0.2 | N62: 0 | O62: 0 | P62: 0
E63: 标准盗贼 | F63: 10400 | G63: =G$32*MID($F63,1,1)+G$33*MID($F63,2,1)+G$34*MID($F63,3,1)+G$35*MID($F63,4,1)+G$36*MID($F63,5,1) -> 8 | H63: =H$32*MID($F63,1,1)+H$33*MID($F63,2,1)+H$34*MID($F63,3,1)+H$35*MID($F63,4,1)+H$36*MID($F63,5,1) -> 0 | I63: =I$32*MID($F63,1,1)+I$33*MID($F63,2,1)+I$34*MID($F63,3,1)+I$35*MID($F63,4,1)+I$36*MID($F63,5,1) -> 4 | J63: =J$32*MID($F63,1,1)+J$33*MID($F63,2,1)+J$34*MID($F63,3,1)+J$35*MID($F63,4,1)+J$36*MID($F63,5,1) -> 0 | K63: =K$32*MID($F63,1,1)+K$33*MID($F63,2,1)+K$34*MID($F63,3,1)+K$35*MID($F63,4,1)+K$36*MID($F63,5,1) -> 0 | L63: =L$32*MID($F63,1,1)+L$33*MID($F63,2,1)+L$34*MID($F63,3,1)+L$35*MID($F63,4,1)+L$36*MID($F63,5,1) -> 2.8 | M63: =M$32*MID($F63,1,1)+M$33*MID($F63,2,1)+M$34*MID($F63,3,1)+M$35*MID($F63,4,1)+M$36*MID($F63,5,1) -> 1 | N63: 0 | O63: 0 | P63: 0
E64: 标准术士 | F64: 13001 | G64: =G$32*MID($F64,1,1)+G$33*MID($F64,2,1)+G$34*MID($F64,3,1)+G$35*MID($F64,4,1)+G$36*MID($F64,5,1) -> 8 | H64: =H$32*MID($F64,1,1)+H$33*MID($F64,2,1)+H$34*MID($F64,3,1)+H$35*MID($F64,4,1)+H$36*MID($F64,5,1) -> 15 | I64: =I$32*MID($F64,1,1)+I$33*MID($F64,2,1)+I$34*MID($F64,3,1)+I$35*MID($F64,4,1)+I$36*MID($F64,5,1) -> 0 | J64: =J$32*MID($F64,1,1)+J$33*MID($F64,2,1)+J$34*MID($F64,3,1)+J$35*MID($F64,4,1)+J$36*MID($F64,5,1) -> 0 | K64: =K$32*MID($F64,1,1)+K$33*MID($F64,2,1)+K$34*MID($F64,3,1)+K$35*MID($F64,4,1)+K$36*MID($F64,5,1) -> 3 | L64: =L$32*MID($F64,1,1)+L$33*MID($F64,2,1)+L$34*MID($F64,3,1)+L$35*MID($F64,4,1)+L$36*MID($F64,5,1) -> 3.4 | M64: =M$32*MID($F64,1,1)+M$33*MID($F64,2,1)+M$34*MID($F64,3,1)+M$35*MID($F64,4,1)+M$36*MID($F64,5,1) -> 1.7 | N64: 0 | O64: 0 | P64: 0
E67: 一级属性成长合计（包括装备附加） | F67: 加点方式 | G67: 生命 | H67: 魔法 | I67: 物攻 | J67: 物防 | K67: 法攻 | L67: 法防 | M67: 速度 | N67: 治疗强度 | O67: 控制命中 | P67: 控制抗性
E68: 物攻推荐 | F68: 10400 | G68: =G42*(5+$H$17)/5+G$37 -> 18 | H68: =H42*(5+$H$17)/5+H$37 -> 5 | I68: =I42*(5+$H$17)/5+I$37 -> 6 | J68: =J42*(5+$H$17)/5+J$37 -> 2.2 | K68: =K42*(5+$H$17)/5+K$37 -> 1 | L68: =L42*(5+$H$17)/5+L$37 -> 5.9 | M68: =M42*(5+$H$17)/5+M$37 -> 3.35 | N68: 0 | O68: 0 | P68: 0
E69: 法攻推荐 | F69: 14000 | G69: =G43*(5+$H$17)/5+G$37 -> 18 | H69: =H43*(5+$H$17)/5+H$37 -> 30 | I69: =I43*(5+$H$17)/5+I$37 -> 1 | J69: =J43*(5+$H$17)/5+J$37 -> 2.2 | K69: =K43*(5+$H$17)/5+K$37 -> 6 | L69: =L43*(5+$H$17)/5+L$37 -> 7.9 | M69: =M43*(5+$H$17)/5+M$37 -> 2.35 | N69: 0 | O69: 0 | P69: 0
E70: 物控推荐 | F70: 10301 | G70: =G44*(5+$H$17)/5+G$37 -> 18 | H70: =H44*(5+$H$17)/5+H$37 -> 5 | I70: =I44*(5+$H$17)/5+I$37 -> 4.75 | J70: =J44*(5+$H$17)/5+J$37 -> 2.2 | K70: =K44*(5+$H$17)/5+K$37 -> 1 | L70: =L44*(5+$H$17)/5+L$37 -> 5.15 | M70: =M44*(5+$H$17)/5+M$37 -> 4.975 | N70: 0 | O70: 0 | P70: 0
E71: 法控推荐 | F71: 13001 | G71: =G45*(5+$H$17)/5+G$37 -> 18 | H71: =H45*(5+$H$17)/5+H$37 -> 23.75 | I71: =I45*(5+$H$17)/5+I$37 -> 1 | J71: =J45*(5+$H$17)/5+J$37 -> 2.2 | K71: =K45*(5+$H$17)/5+K$37 -> 4.75 | L71: =L45*(5+$H$17)/5+L$37 -> 6.65 | M71: =M45*(5+$H$17)/5+M$37 -> 4.225 | N71: 0 | O71: 0 | P71: 0
E72: 物辅推荐 | F72: 10310 | G72: =G46*(5+$H$17)/5+G$37 -> 18 | H72: =H46*(5+$H$17)/5+H$37 -> 5 | I72: =I46*(5+$H$17)/5+I$37 -> 4.75 | J72: =J46*(5+$H$17)/5+J$37 -> 4.95 | K72: =K46*(5+$H$17)/5+K$37 -> 1 | L72: =L46*(5+$H$17)/5+L$37 -> 5.65 | M72: =M46*(5+$H$17)/5+M$37 -> 3.35 | N72: 0 | O72: 0 | P72: 0
E73: 法辅推荐 | F73: 13001 | G73: =G47*(5+$H$17)/5+G$37 -> 18 | H73: =H47*(5+$H$17)/5+H$37 -> 23.75 | I73: =I47*(5+$H$17)/5+I$37 -> 1 | J73: =J47*(5+$H$17)/5+J$37 -> 2.2 | K73: =K47*(5+$H$17)/5+K$37 -> 4.75 | L73: =L47*(5+$H$17)/5+L$37 -> 6.65 | M73: =M47*(5+$H$17)/5+M$37 -> 4.225 | N73: 0 | O73: 0 | P73: 0
E74: 极端全体 | F74: 50000 | G74: =G48*(5+$H$17)/5+G$37 -> 58 | H74: =H48*(5+$H$17)/5+H$37 -> 5 | I74: =I48*(5+$H$17)/5+I$37 -> 1 | J74: =J48*(5+$H$17)/5+J$37 -> 2.2 | K74: =K48*(5+$H$17)/5+K$37 -> 1 | L74: =L48*(5+$H$17)/5+L$37 -> 4.9 | M74: =M48*(5+$H$17)/5+M$37 -> 3.35 | N74: 0 | O74: 0 | P74: 0
E75: 极端全力 | F75: 00500 | G75: =G49*(5+$H$17)/5+G$37 -> 8 | H75: =H49*(5+$H$17)/5+H$37 -> 5 | I75: =I49*(5+$H$17)/5+I$37 -> 7.25 | J75: =J49*(5+$H$17)/5+J$37 -> 2.2 | K75: =K49*(5+$H$17)/5+K$37 -> 1 | L75: =L49*(5+$H$17)/5+L$37 -> 6.15 | M75: =M49*(5+$H$17)/5+M$37 -> 3.35 | N75: 0 | O75: 0 | P75: 0
E76: 极端全智 | F76: 05000 | G76: =G50*(5+$H$17)/5+G$37 -> 8 | H76: =H50*(5+$H$17)/5+H$37 -> 36.25 | I76: =I50*(5+$H$17)/5+I$37 -> 1 | J76: =J50*(5+$H$17)/5+J$37 -> 2.2 | K76: =K50*(5+$H$17)/5+K$37 -> 7.25 | L76: =L50*(5+$H$17)/5+L$37 -> 8.65 | M76: =M50*(5+$H$17)/5+M$37 -> 2.1 | N76: 0 | O76: 0 | P76: 0
E77: 极端全耐 | F77: 00050 | G77: =G51*(5+$H$17)/5+G$37 -> 8 | H77: =H51*(5+$H$17)/5+H$37 -> 5 | I77: =I51*(5+$H$17)/5+I$37 -> 1 | J77: =J51*(5+$H$17)/5+J$37 -> 15.95 | K77: =K51*(5+$H$17)/5+K$37 -> 1 | L77: =L51*(5+$H$17)/5+L$37 -> 4.9 | M77: =M51*(5+$H$17)/5+M$37 -> 3.35 | N77: 0 | O77: 0 | P77: 0
E78: 2力3耐 | F78: 00230 | G78: =G52*(5+$H$17)/5+G$37 -> 8 | H78: =H52*(5+$H$17)/5+H$37 -> 5 | I78: =I52*(5+$H$17)/5+I$37 -> 3.5 | J78: =J52*(5+$H$17)/5+J$37 -> 10.45 | K78: =K52*(5+$H$17)/5+K$37 -> 1 | L78: =L52*(5+$H$17)/5+L$37 -> 5.4 | M78: =M52*(5+$H$17)/5+M$37 -> 3.35 | N78: 0 | O78: 0 | P78: 0
E79: 2智3耐 | F79: 02030 | G79: =G53*(5+$H$17)/5+G$37 -> 8 | H79: =H53*(5+$H$17)/5+H$37 -> 17.5 | I79: =I53*(5+$H$17)/5+I$37 -> 1 | J79: =J53*(5+$H$17)/5+J$37 -> 10.45 | K79: =K53*(5+$H$17)/5+K$37 -> 3.5 | L79: =L53*(5+$H$17)/5+L$37 -> 6.4 | M79: =M53*(5+$H$17)/5+M$37 -> 2.85 | N79: 0 | O79: 0 | P79: 0
F81: 加点方式 | G81: 生命 | H81: 魔法 | I81: 物攻 | J81: 物防 | K81: 法攻 | L81: 法防 | M81: 速度 | N81: 治疗强度 | O81: 控制命中 | P81: 控制抗性
E82: 标准战士 | F82: 10400 | G82: =G56*(5+$H$17)/5+G$37 -> 18 | H82: =H56*(5+$H$17)/5+H$37 -> 5 | I82: =I56*(5+$H$17)/5+I$37 -> 6 | J82: =J56*(5+$H$17)/5+J$37 -> 2.2 | K82: =K56*(5+$H$17)/5+K$37 -> 1 | L82: =L56*(5+$H$17)/5+L$37 -> 5.9 | M82: =M56*(5+$H$17)/5+M$37 -> 3.35 | N82: =N56*(5+$H$17)/5+N$37 -> 0 | ... P82: =P56*(5+$H$17)/5+P$37 -> 0
E83: 标准圣骑 | F83: 13001 | G83: =G57*(5+$H$17)/5+G$37 -> 18 | H83: =H57*(5+$H$17)/5+H$37 -> 23.75 | I83: =I57*(5+$H$17)/5+I$37 -> 1 | J83: =J57*(5+$H$17)/5+J$37 -> 2.2 | K83: =K57*(5+$H$17)/5+K$37 -> 4.75 | L83: =L57*(5+$H$17)/5+L$37 -> 6.65 | M83: =M57*(5+$H$17)/5+M$37 -> 4.225 | N83: =N57*(5+$H$17)/5+N$37 -> 0 | ... P83: =P57*(5+$H$17)/5+P$37 -> 0
E84: 标准猎人 | F84: 10400 | G84: =G58*(5+$H$17)/5+G$37 -> 18 | H84: =H58*(5+$H$17)/5+H$37 -> 5 | I84: =I58*(5+$H$17)/5+I$37 -> 6 | J84: =J58*(5+$H$17)/5+J$37 -> 2.2 | K84: =K58*(5+$H$17)/5+K$37 -> 1 | L84: =L58*(5+$H$17)/5+L$37 -> 5.9 | M84: =M58*(5+$H$17)/5+M$37 -> 3.35 | N84: =N58*(5+$H$17)/5+N$37 -> 0 | ... P84: =P58*(5+$H$17)/5+P$37 -> 0
E85: 标准德鲁伊 | F85: 13001 | G85: =G59*(5+$H$17)/5+G$37 -> 18 | H85: =H59*(5+$H$17)/5+H$37 -> 23.75 | I85: =I59*(5+$H$17)/5+I$37 -> 1 | J85: =J59*(5+$H$17)/5+J$37 -> 2.2 | K85: =K59*(5+$H$17)/5+K$37 -> 4.75 | L85: =L59*(5+$H$17)/5+L$37 -> 6.65 | M85: =M59*(5+$H$17)/5+M$37 -> 4.225 | N85: =N59*(5+$H$17)/5+N$37 -> 0 | ... P85: =P59*(5+$H$17)/5+P$37 -> 0
E86: 标准法师 | F86: 14000 | G86: =G60*(5+$H$17)/5+G$37 -> 18 | H86: =H60*(5+$H$17)/5+H$37 -> 30 | I86: =I60*(5+$H$17)/5+I$37 -> 1 | J86: =J60*(5+$H$17)/5+J$37 -> 2.2 | K86: =K60*(5+$H$17)/5+K$37 -> 6 | L86: =L60*(5+$H$17)/5+L$37 -> 7.9 | M86: =M60*(5+$H$17)/5+M$37 -> 2.35 | N86: =N60*(5+$H$17)/5+N$37 -> 0 | ... P86: =P60*(5+$H$17)/5+P$37 -> 0
E87: 标准牧师 | F87: 13001 | G87: =G61*(5+$H$17)/5+G$37 -> 18 | H87: =H61*(5+$H$17)/5+H$37 -> 23.75 | I87: =I61*(5+$H$17)/5+I$37 -> 1 | J87: =J61*(5+$H$17)/5+J$37 -> 2.2 | K87: =K61*(5+$H$17)/5+K$37 -> 4.75 | L87: =L61*(5+$H$17)/5+L$37 -> 6.65 | M87: =M61*(5+$H$17)/5+M$37 -> 4.225 | N87: =N61*(5+$H$17)/5+N$37 -> 0 | ... P87: =P61*(5+$H$17)/5+P$37 -> 0
E88: 标准萨满 | F88: 14000 | G88: =G62*(5+$H$17)/5+G$37 -> 18 | H88: =H62*(5+$H$17)/5+H$37 -> 30 | I88: =I62*(5+$H$17)/5+I$37 -> 1 | J88: =J62*(5+$H$17)/5+J$37 -> 2.2 | K88: =K62*(5+$H$17)/5+K$37 -> 6 | L88: =L62*(5+$H$17)/5+L$37 -> 7.9 | M88: =M62*(5+$H$17)/5+M$37 -> 2.35 | N88: =N62*(5+$H$17)/5+N$37 -> 0 | ... P88: =P62*(5+$H$17)/5+P$37 -> 0
E89: 标准盗贼 | F89: 10400 | G89: =G63*(5+$H$17)/5+G$37 -> 18 | H89: =H63*(5+$H$17)/5+H$37 -> 5 | I89: =I63*(5+$H$17)/5+I$37 -> 6 | J89: =J63*(5+$H$17)/5+J$37 -> 2.2 | K89: =K63*(5+$H$17)/5+K$37 -> 1 | L89: =L63*(5+$H$17)/5+L$37 -> 5.9 | M89: =M63*(5+$H$17)/5+M$37 -> 3.35 | N89: =N63*(5+$H$17)/5+N$37 -> 0 | ... P89: =P63*(5+$H$17)/5+P$37 -> 0
E90: 标准术士 | F90: 13001 | G90: =G64*(5+$H$17)/5+G$37 -> 18 | H90: =H64*(5+$H$17)/5+H$37 -> 23.75 | I90: =I64*(5+$H$17)/5+I$37 -> 1 | J90: =J64*(5+$H$17)/5+J$37 -> 2.2 | K90: =K64*(5+$H$17)/5+K$37 -> 4.75 | L90: =L64*(5+$H$17)/5+L$37 -> 6.65 | M90: =M64*(5+$H$17)/5+M$37 -> 4.225 | N90: =N64*(5+$H$17)/5+N$37 -> 0 | ... P90: =P64*(5+$H$17)/5+P$37 -> 0
E92: 一级属性成长比例 | F92: 加点方式 | G92: 生命 | H92: 魔法 | I92: 物攻 | J92: 物防 | K92: 法攻 | L92: 法防 | M92: 速度 | N92: 治疗强度 | O92: 控制命中 | P92: 控制抗性
E93: 物攻推荐 | F93: 10400 | G93: =ROUND(VLOOKUP($F93,$F$68:$M$79,COLUMNS($F$67:G$79),0)/G$3,2) -> 1 | H93: =ROUND(VLOOKUP($F93,$F$68:$M$79,COLUMNS($F$67:H$79),0)/H$3,2) -> 0.17 | I93: =ROUND(VLOOKUP($F93,$F$68:$M$79,COLUMNS($F$67:I$79),0)/I$3,2) -> 1 | J93: =ROUND(VLOOKUP($F93,$F$68:$M$79,COLUMNS($F$67:J$79),0)/J$3,2) -> 1 | K93: =ROUND(VLOOKUP($F93,$F$68:$M$79,COLUMNS($F$67:K$79),0)/K$3,2) -> 0.17 | L93: =ROUND(VLOOKUP($F93,$F$68:$M$79,COLUMNS($F$67:L$79),0)/L$3,2) -> 1 | M93: =ROUND(VLOOKUP($F93,$F$68:$M$79,COLUMNS($F$67:M$79),0)/M$3,2) -> 1 | N93: 0 | O93: 0 | P93: 0
E94: 法攻推荐 | F94: 14000 | G94: =ROUND(VLOOKUP($F94,$F$68:$M$79,COLUMNS($F$67:G$79),0)/G$3,2) -> 1 | H94: =ROUND(VLOOKUP($F94,$F$68:$M$79,COLUMNS($F$67:H$79),0)/H$3,2) -> 1 | I94: =ROUND(VLOOKUP($F94,$F$68:$M$79,COLUMNS($F$67:I$79),0)/I$3,2) -> 0.17 | J94: =ROUND(VLOOKUP($F94,$F$68:$M$79,COLUMNS($F$67:J$79),0)/J$3,2) -> 1 | K94: =ROUND(VLOOKUP($F94,$F$68:$M$79,COLUMNS($F$67:K$79),0)/K$3,2) -> 1 | L94: =ROUND(VLOOKUP($F94,$F$68:$M$79,COLUMNS($F$67:L$79),0)/L$3,2) -> 1.34 | M94: =ROUND(VLOOKUP($F94,$F$68:$M$79,COLUMNS($F$67:M$79),0)/M$3,2) -> 0.7 | N94: 0 | O94: 0 | P94: 0
E95: 物控推荐 | F95: 10301 | G95: =ROUND(VLOOKUP($F95,$F$68:$M$79,COLUMNS($F$67:G$79),0)/G$3,2) -> 1 | H95: =ROUND(VLOOKUP($F95,$F$68:$M$79,COLUMNS($F$67:H$79),0)/H$3,2) -> 0.17 | I95: =ROUND(VLOOKUP($F95,$F$68:$M$79,COLUMNS($F$67:I$79),0)/I$3,2) -> 0.79 | J95: =ROUND(VLOOKUP($F95,$F$68:$M$79,COLUMNS($F$67:J$79),0)/J$3,2) -> 1 | K95: =ROUND(VLOOKUP($F95,$F$68:$M$79,COLUMNS($F$67:K$79),0)/K$3,2) -> 0.17 | L95: =ROUND(VLOOKUP($F95,$F$68:$M$79,COLUMNS($F$67:L$79),0)/L$3,2) -> 0.87 | M95: =ROUND(VLOOKUP($F95,$F$68:$M$79,COLUMNS($F$67:M$79),0)/M$3,2) -> 1.49 | N95: 0 | O95: 0 | P95: 0
E96: 法控推荐 | F96: 13001 | G96: =ROUND(VLOOKUP($F96,$F$68:$M$79,COLUMNS($F$67:G$79),0)/G$3,2) -> 1 | H96: =ROUND(VLOOKUP($F96,$F$68:$M$79,COLUMNS($F$67:H$79),0)/H$3,2) -> 0.79 | I96: =ROUND(VLOOKUP($F96,$F$68:$M$79,COLUMNS($F$67:I$79),0)/I$3,2) -> 0.17 | J96: =ROUND(VLOOKUP($F96,$F$68:$M$79,COLUMNS($F$67:J$79),0)/J$3,2) -> 1 | K96: =ROUND(VLOOKUP($F96,$F$68:$M$79,COLUMNS($F$67:K$79),0)/K$3,2) -> 0.79 | L96: =ROUND(VLOOKUP($F96,$F$68:$M$79,COLUMNS($F$67:L$79),0)/L$3,2) -> 1.13 | M96: =ROUND(VLOOKUP($F96,$F$68:$M$79,COLUMNS($F$67:M$79),0)/M$3,2) -> 1.26 | N96: 0 | O96: 0 | P96: 0
E97: 物辅推荐 | F97: 10310 | G97: =ROUND(VLOOKUP($F97,$F$68:$M$79,COLUMNS($F$67:G$79),0)/G$3,2) -> 1 | H97: =ROUND(VLOOKUP($F97,$F$68:$M$79,COLUMNS($F$67:H$79),0)/H$3,2) -> 0.17 | I97: =ROUND(VLOOKUP($F97,$F$68:$M$79,COLUMNS($F$67:I$79),0)/I$3,2) -> 0.79 | J97: =ROUND(VLOOKUP($F97,$F$68:$M$79,COLUMNS($F$67:J$79),0)/J$3,2) -> 2.25 | K97: =ROUND(VLOOKUP($F97,$F$68:$M$79,COLUMNS($F$67:K$79),0)/K$3,2) -> 0.17 | L97: =ROUND(VLOOKUP($F97,$F$68:$M$79,COLUMNS($F$67:L$79),0)/L$3,2) -> 0.96 | M97: =ROUND(VLOOKUP($F97,$F$68:$M$79,COLUMNS($F$67:M$79),0)/M$3,2) -> 1 | N97: 0 | O97: 0 | P97: 0
E98: 法辅推荐 | F98: 13001 | G98: =ROUND(VLOOKUP($F98,$F$68:$M$79,COLUMNS($F$67:G$79),0)/G$3,2) -> 1 | H98: =ROUND(VLOOKUP($F98,$F$68:$M$79,COLUMNS($F$67:H$79),0)/H$3,2) -> 0.79 | I98: =ROUND(VLOOKUP($F98,$F$68:$M$79,COLUMNS($F$67:I$79),0)/I$3,2) -> 0.17 | J98: =ROUND(VLOOKUP($F98,$F$68:$M$79,COLUMNS($F$67:J$79),0)/J$3,2) -> 1 | K98: =ROUND(VLOOKUP($F98,$F$68:$M$79,COLUMNS($F$67:K$79),0)/K$3,2) -> 0.79 | L98: =ROUND(VLOOKUP($F98,$F$68:$M$79,COLUMNS($F$67:L$79),0)/L$3,2) -> 1.13 | M98: =ROUND(VLOOKUP($F98,$F$68:$M$79,COLUMNS($F$67:M$79),0)/M$3,2) -> 1.26 | N98: 0 | O98: 0 | P98: 0
E99: 极端全体 | F99: 50000 | G99: =ROUND(VLOOKUP($F99,$F$68:$M$79,COLUMNS($F$67:G$79),0)/G$3,2) -> 3.22 | H99: =ROUND(VLOOKUP($F99,$F$68:$M$79,COLUMNS($F$67:H$79),0)/H$3,2) -> 0.17 | I99: =ROUND(VLOOKUP($F99,$F$68:$M$79,COLUMNS($F$67:I$79),0)/I$3,2) -> 0.17 | J99: =ROUND(VLOOKUP($F99,$F$68:$M$79,COLUMNS($F$67:J$79),0)/J$3,2) -> 1 | K99: =ROUND(VLOOKUP($F99,$F$68:$M$79,COLUMNS($F$67:K$79),0)/K$3,2) -> 0.17 | L99: =ROUND(VLOOKUP($F99,$F$68:$M$79,COLUMNS($F$67:L$79),0)/L$3,2) -> 0.83 | M99: =ROUND(VLOOKUP($F99,$F$68:$M$79,COLUMNS($F$67:M$79),0)/M$3,2) -> 1 | N99: 0 | O99: 0 | P99: 0
E100: 极端全力 | F100: 00500 | G100: =ROUND(VLOOKUP($F100,$F$68:$M$79,COLUMNS($F$67:G$79),0)/G$3,2) -> 0.44 | H100: =ROUND(VLOOKUP($F100,$F$68:$M$79,COLUMNS($F$67:H$79),0)/H$3,2) -> 0.17 | I100: =ROUND(VLOOKUP($F100,$F$68:$M$79,COLUMNS($F$67:I$79),0)/I$3,2) -> 1.21 | J100: =ROUND(VLOOKUP($F100,$F$68:$M$79,COLUMNS($F$67:J$79),0)/J$3,2) -> 1 | K100: =ROUND(VLOOKUP($F100,$F$68:$M$79,COLUMNS($F$67:K$79),0)/K$3,2) -> 0.17 | L100: =ROUND(VLOOKUP($F100,$F$68:$M$79,COLUMNS($F$67:L$79),0)/L$3,2) -> 1.04 | M100: =ROUND(VLOOKUP($F100,$F$68:$M$79,COLUMNS($F$67:M$79),0)/M$3,2) -> 1 | N100: 0 | O100: 0 | P100: 0
E101: 极端全智 | F101: 05000 | G101: =ROUND(VLOOKUP($F101,$F$68:$M$79,COLUMNS($F$67:G$79),0)/G$3,2) -> 0.44 | H101: =ROUND(VLOOKUP($F101,$F$68:$M$79,COLUMNS($F$67:H$79),0)/H$3,2) -> 1.21 | I101: =ROUND(VLOOKUP($F101,$F$68:$M$79,COLUMNS($F$67:I$79),0)/I$3,2) -> 0.17 | J101: =ROUND(VLOOKUP($F101,$F$68:$M$79,COLUMNS($F$67:J$79),0)/J$3,2) -> 1 | K101: =ROUND(VLOOKUP($F101,$F$68:$M$79,COLUMNS($F$67:K$79),0)/K$3,2) -> 1.21 | L101: =ROUND(VLOOKUP($F101,$F$68:$M$79,COLUMNS($F$67:L$79),0)/L$3,2) -> 1.47 | M101: =ROUND(VLOOKUP($F101,$F$68:$M$79,COLUMNS($F$67:M$79),0)/M$3,2) -> 0.63 | N101: 0 | O101: 0 | P101: 0
E102: 极端全耐 | F102: 00050 | G102: =ROUND(VLOOKUP($F102,$F$68:$M$79,COLUMNS($F$67:G$79),0)/G$3,2) -> 0.44 | H102: =ROUND(VLOOKUP($F102,$F$68:$M$79,COLUMNS($F$67:H$79),0)/H$3,2) -> 0.17 | I102: =ROUND(VLOOKUP($F102,$F$68:$M$79,COLUMNS($F$67:I$79),0)/I$3,2) -> 0.17 | J102: =ROUND(VLOOKUP($F102,$F$68:$M$79,COLUMNS($F$67:J$79),0)/J$3,2) -> 7.25 | K102: =ROUND(VLOOKUP($F102,$F$68:$M$79,COLUMNS($F$67:K$79),0)/K$3,2) -> 0.17 | L102: =ROUND(VLOOKUP($F102,$F$68:$M$79,COLUMNS($F$67:L$79),0)/L$3,2) -> 0.83 | M102: =ROUND(VLOOKUP($F102,$F$68:$M$79,COLUMNS($F$67:M$79),0)/M$3,2) -> 1 | N102: 0 | O102: 0 | P102: 0
E103: 2力3耐 | F103: 00230 | G103: =ROUND(VLOOKUP($F103,$F$68:$M$79,COLUMNS($F$67:G$79),0)/G$3,2) -> 0.44 | H103: =ROUND(VLOOKUP($F103,$F$68:$M$79,COLUMNS($F$67:H$79),0)/H$3,2) -> 0.17 | I103: =ROUND(VLOOKUP($F103,$F$68:$M$79,COLUMNS($F$67:I$79),0)/I$3,2) -> 0.58 | J103: =ROUND(VLOOKUP($F103,$F$68:$M$79,COLUMNS($F$67:J$79),0)/J$3,2) -> 4.75 | K103: =ROUND(VLOOKUP($F103,$F$68:$M$79,COLUMNS($F$67:K$79),0)/K$3,2) -> 0.17 | L103: =ROUND(VLOOKUP($F103,$F$68:$M$79,COLUMNS($F$67:L$79),0)/L$3,2) -> 0.92 | M103: =ROUND(VLOOKUP($F103,$F$68:$M$79,COLUMNS($F$67:M$79),0)/M$3,2) -> 1 | N103: 0 | O103: 0 | P103: 0
E104: 2智3耐 | F104: 02030 | G104: =ROUND(VLOOKUP($F104,$F$68:$M$79,COLUMNS($F$67:G$79),0)/G$3,2) -> 0.44 | H104: =ROUND(VLOOKUP($F104,$F$68:$M$79,COLUMNS($F$67:H$79),0)/H$3,2) -> 0.58 | I104: =ROUND(VLOOKUP($F104,$F$68:$M$79,COLUMNS($F$67:I$79),0)/I$3,2) -> 0.17 | J104: =ROUND(VLOOKUP($F104,$F$68:$M$79,COLUMNS($F$67:J$79),0)/J$3,2) -> 4.75 | K104: =ROUND(VLOOKUP($F104,$F$68:$M$79,COLUMNS($F$67:K$79),0)/K$3,2) -> 0.58 | L104: =ROUND(VLOOKUP($F104,$F$68:$M$79,COLUMNS($F$67:L$79),0)/L$3,2) -> 1.08 | M104: =ROUND(VLOOKUP($F104,$F$68:$M$79,COLUMNS($F$67:M$79),0)/M$3,2) -> 0.85 | N104: 0 | O104: 0 | P104: 0
F106: 加点方式 | G106: 生命 | H106: 魔法 | I106: 物攻 | J106: 物防 | K106: 法攻 | L106: 法防 | M106: 速度 | N106: 治疗强度 | O106: 控制命中 | P106: 控制抗性
E107: 标准战士 | F107: 10400 | G107: =ROUND(VLOOKUP($F107,$F$68:$M$79,COLUMNS($F$67:G$79),0)/G$3,2) -> 1 | H107: =ROUND(VLOOKUP($F107,$F$68:$M$79,COLUMNS($F$67:H$79),0)/H$3,2) -> 0.17 | I107: =ROUND(VLOOKUP($F107,$F$68:$M$79,COLUMNS($F$67:I$79),0)/I$3,2) -> 1 | J107: =ROUND(VLOOKUP($F107,$F$68:$M$79,COLUMNS($F$67:J$79),0)/J$3,2) -> 1 | K107: =ROUND(VLOOKUP($F107,$F$68:$M$79,COLUMNS($F$67:K$79),0)/K$3,2) -> 0.17 | L107: =ROUND(VLOOKUP($F107,$F$68:$M$79,COLUMNS($F$67:L$79),0)/L$3,2) -> 1 | M107: =ROUND(VLOOKUP($F107,$F$68:$M$79,COLUMNS($F$67:M$79),0)/M$3,2) -> 1 | N107: 0 | O107: 0 | P107: 0
E108: 标准圣骑 | F108: 13001 | G108: =ROUND(VLOOKUP($F108,$F$68:$M$79,COLUMNS($F$67:G$79),0)/G$3,2) -> 1 | H108: =ROUND(VLOOKUP($F108,$F$68:$M$79,COLUMNS($F$67:H$79),0)/H$3,2) -> 0.79 | I108: =ROUND(VLOOKUP($F108,$F$68:$M$79,COLUMNS($F$67:I$79),0)/I$3,2) -> 0.17 | J108: =ROUND(VLOOKUP($F108,$F$68:$M$79,COLUMNS($F$67:J$79),0)/J$3,2) -> 1 | K108: =ROUND(VLOOKUP($F108,$F$68:$M$79,COLUMNS($F$67:K$79),0)/K$3,2) -> 0.79 | L108: =ROUND(VLOOKUP($F108,$F$68:$M$79,COLUMNS($F$67:L$79),0)/L$3,2) -> 1.13 | M108: =ROUND(VLOOKUP($F108,$F$68:$M$79,COLUMNS($F$67:M$79),0)/M$3,2) -> 1.26 | N108: 0 | O108: 0 | P108: 0
E109: 标准猎人 | F109: 10400 | G109: =ROUND(VLOOKUP($F109,$F$68:$M$79,COLUMNS($F$67:G$79),0)/G$3,2) -> 1 | H109: =ROUND(VLOOKUP($F109,$F$68:$M$79,COLUMNS($F$67:H$79),0)/H$3,2) -> 0.17 | I109: =ROUND(VLOOKUP($F109,$F$68:$M$79,COLUMNS($F$67:I$79),0)/I$3,2) -> 1 | J109: =ROUND(VLOOKUP($F109,$F$68:$M$79,COLUMNS($F$67:J$79),0)/J$3,2) -> 1 | K109: =ROUND(VLOOKUP($F109,$F$68:$M$79,COLUMNS($F$67:K$79),0)/K$3,2) -> 0.17 | L109: =ROUND(VLOOKUP($F109,$F$68:$M$79,COLUMNS($F$67:L$79),0)/L$3,2) -> 1 | M109: =ROUND(VLOOKUP($F109,$F$68:$M$79,COLUMNS($F$67:M$79),0)/M$3,2) -> 1 | N109: 0 | O109: 0 | P109: 0
E110: 标准德鲁伊 | F110: 13001 | G110: =ROUND(VLOOKUP($F110,$F$68:$M$79,COLUMNS($F$67:G$79),0)/G$3,2) -> 1 | H110: =ROUND(VLOOKUP($F110,$F$68:$M$79,COLUMNS($F$67:H$79),0)/H$3,2) -> 0.79 | I110: =ROUND(VLOOKUP($F110,$F$68:$M$79,COLUMNS($F$67:I$79),0)/I$3,2) -> 0.17 | J110: =ROUND(VLOOKUP($F110,$F$68:$M$79,COLUMNS($F$67:J$79),0)/J$3,2) -> 1 | K110: =ROUND(VLOOKUP($F110,$F$68:$M$79,COLUMNS($F$67:K$79),0)/K$3,2) -> 0.79 | L110: =ROUND(VLOOKUP($F110,$F$68:$M$79,COLUMNS($F$67:L$79),0)/L$3,2) -> 1.13 | M110: =ROUND(VLOOKUP($F110,$F$68:$M$79,COLUMNS($F$67:M$79),0)/M$3,2) -> 1.26 | N110: 0 | O110: 0 | P110: 0
E111: 标准法师 | F111: 14000 | G111: =ROUND(VLOOKUP($F111,$F$68:$M$79,COLUMNS($F$67:G$79),0)/G$3,2) -> 1 | H111: =ROUND(VLOOKUP($F111,$F$68:$M$79,COLUMNS($F$67:H$79),0)/H$3,2) -> 1 | I111: =ROUND(VLOOKUP($F111,$F$68:$M$79,COLUMNS($F$67:I$79),0)/I$3,2) -> 0.17 | J111: =ROUND(VLOOKUP($F111,$F$68:$M$79,COLUMNS($F$67:J$79),0)/J$3,2) -> 1 | K111: =ROUND(VLOOKUP($F111,$F$68:$M$79,COLUMNS($F$67:K$79),0)/K$3,2) -> 1 | L111: =ROUND(VLOOKUP($F111,$F$68:$M$79,COLUMNS($F$67:L$79),0)/L$3,2) -> 1.34 | M111: =ROUND(VLOOKUP($F111,$F$68:$M$79,COLUMNS($F$67:M$79),0)/M$3,2) -> 0.7 | N111: 0 | O111: 0 | P111: 0
E112: 标准牧师 | F112: 13001 | G112: =ROUND(VLOOKUP($F112,$F$68:$M$79,COLUMNS($F$67:G$79),0)/G$3,2) -> 1 | H112: =ROUND(VLOOKUP($F112,$F$68:$M$79,COLUMNS($F$67:H$79),0)/H$3,2) -> 0.79 | I112: =ROUND(VLOOKUP($F112,$F$68:$M$79,COLUMNS($F$67:I$79),0)/I$3,2) -> 0.17 | J112: =ROUND(VLOOKUP($F112,$F$68:$M$79,COLUMNS($F$67:J$79),0)/J$3,2) -> 1 | K112: =ROUND(VLOOKUP($F112,$F$68:$M$79,COLUMNS($F$67:K$79),0)/K$3,2) -> 0.79 | L112: =ROUND(VLOOKUP($F112,$F$68:$M$79,COLUMNS($F$67:L$79),0)/L$3,2) -> 1.13 | M112: =ROUND(VLOOKUP($F112,$F$68:$M$79,COLUMNS($F$67:M$79),0)/M$3,2) -> 1.26 | N112: 0 | O112: 0 | P112: 0
E113: 标准萨满 | F113: 14000 | G113: =ROUND(VLOOKUP($F113,$F$68:$M$79,COLUMNS($F$67:G$79),0)/G$3,2) -> 1 | H113: =ROUND(VLOOKUP($F113,$F$68:$M$79,COLUMNS($F$67:H$79),0)/H$3,2) -> 1 | I113: =ROUND(VLOOKUP($F113,$F$68:$M$79,COLUMNS($F$67:I$79),0)/I$3,2) -> 0.17 | J113: =ROUND(VLOOKUP($F113,$F$68:$M$79,COLUMNS($F$67:J$79),0)/J$3,2) -> 1 | K113: =ROUND(VLOOKUP($F113,$F$68:$M$79,COLUMNS($F$67:K$79),0)/K$3,2) -> 1 | L113: =ROUND(VLOOKUP($F113,$F$68:$M$79,COLUMNS($F$67:L$79),0)/L$3,2) -> 1.34 | M113: =ROUND(VLOOKUP($F113,$F$68:$M$79,COLUMNS($F$67:M$79),0)/M$3,2) -> 0.7 | N113: 0 | O113: 0 | P113: 0
...

Sheet 装备属性
D3: 生命 | E3: 魔法 | F3: 物攻 | G3: 物防 | H3: 法攻 | I3: 法防 | J3: 速度 | K3: 治疗强度 | L3: 控制命中 | M3: 控制抗性
C4: 装备标准属性成长 | D4: =属性投放!E36 -> 16.4 | E4: =属性投放!F36 -> 8.2 | F4: =属性投放!G36 -> 8.2 | G4: =属性投放!H36 -> 4.1 | H4: =属性投放!I36 -> 4.1 | I4: =属性投放!J36 -> 2.4 | J4: =属性投放!K36 -> 1.3 | K4: =属性投放!L36 -> 3 | ... M4: =属性投放!N36 -> 0
C5: 二级属性能力价值 | D5: =属性价值和能力评分!F6 -> 0.34 | E5: =属性价值和能力评分!G6 -> 0.4 | F5: =属性价值和能力评分!H6 -> 1 | G5: =属性价值和能力评分!I6 -> 2 | H5: =属性价值和能力评分!J6 -> 1.35 | I5: =属性价值和能力评分!K6 -> 1.7 | J5: =属性价值和能力评分!L6 -> 2.5 | K5: =属性价值和能力评分!M6 -> 4 | ... M5: =属性价值和能力评分!O6 -> 1.7
C6: 投放属性能力价值 | D6: =ROUND(D5*D4,2) -> 5.58 | E6: =ROUND(E5*E4,2) -> 3.28 | F6: =ROUND(F5*F4,2) -> 8.2 | G6: =ROUND(G5*G4,2) -> 8.2 | H6: =ROUND(H5*H4,2) -> 5.54 | I6: =ROUND(I5*I4,2) -> 4.08 | J6: =ROUND(J5*J4,2) -> 3.25 | K6: =ROUND(K5*K4,2) -> 12 | ... M6: =ROUND(M5*M4,2) -> 0
C8: 部件id | D8: 装备部件 | K8: 属性比重 | L8: 生命 | M8: 魔法 | N8: 物攻 | O8: 物防 | P8: 法攻 | Q8: 法防 | R8: 速度 | S8: 治疗强度 | T8: 控制命中 | U8: 控制抗性 | V8: 装备部件价值评分系数 | W8: 白属性最大能力评分
C9: 1 | D9: 武器 | E9: 剑 | F9: 锤 | G9: 弓箭 | H9: 爪 | I9: 魔棒 | J9: 法杖 | N9: 1 | P9: 0.45 | S9: 1 | V9: 2.45 | W9: =ROUND((D$6*L9+E$6*M9+F$6*N9+G$6*O9+H$6*P9+I$6*Q9+J$6*R9+K$6*S9+L$6*T9+M$6*U9)/V9,2) -> 9.26
C10: 2 | D10: 衣甲 | E10: 男衣 | F10: 女衣 | L10: 0.4 | O10: 0.5 | V10: 1 | W10: =ROUND((D$6*L10+E$6*M10+F$6*N10+G$6*O10+H$6*P10+I$6*Q10+J$6*R10+K$6*S10+L$6*T10+M$6*U10)/V10,2) -> 6.33
C11: 3 | D11: 头盔 | E11: 男头盔 | F11: 女头饰 | M11: 1 | O11: 0.3 | V11: 1 | W11: =ROUND((D$6*L11+E$6*M11+F$6*N11+G$6*O11+H$6*P11+I$6*Q11+J$6*R11+K$6*S11+L$6*T11+M$6*U11)/V11,2) -> 5.74
C12: 4 | D12: 项链 | E12: 项链 | P12: 0.55 | Q12: 0.5 | V12: 1 | W12: =ROUND((D$6*L12+E$6*M12+F$6*N12+G$6*O12+H$6*P12+I$6*Q12+J$6*R12+K$6*S12+L$6*T12+M$6*U12)/V12,2) -> 5.09
C13: 5 | D13: 腰带 | E13: 腰带 | L13: 0.6 | O13: 0.2 | V13: 1 | W13: =ROUND((D$6*L13+E$6*M13+F$6*N13+G$6*O13+H$6*P13+I$6*Q13+J$6*R13+K$6*S13+L$6*T13+M$6*U13)/V13,2) -> 4.99
C14: 6 | D14: 鞋子 | E14: 鞋子 | Q14: 0.5 | R14: 1 | V14: 1 | W14: =ROUND((D$6*L14+E$6*M14+F$6*N14+G$6*O14+H$6*P14+I$6*Q14+J$6*R14+K$6*S14+L$6*T14+M$6*U14)/V14,2) -> 5.29
V15: 附加一级属性区间 | W15: 附加一级属性几率 | X15: 特效 | Y15: 特技 | Z15: 普通打造几率 | AA15: 强化打造几率
K16: 普通最低系数 | L16: 0.7 | M16: 0.7 | N16: 0.7 | O16: 0.7 | P16: 0.7 | Q16: 0.7 | R16: 0.5 | S16: 0.5 | V16: 0.3 | W16: 0.5 | X16: 0.25 | Y16: 0.15 | Z16: 1 | AA16: 0
K17: 普通最高系数 | L17: 0.9 | M17: 0.9 | N17: 0.9 | O17: 0.9 | P17: 0.9 | Q17: 0.9 | R17: 0.9 | S17: 0.9 | V17: 1
K18: 强化最低系数 | L18: 0.78 | M18: 0.78 | N18: 0.78 | O18: 0.78 | P18: 0.78 | Q18: 0.78 | R18: 0.55 | S18: 0.55 | V18: 0.3 | W18: 0.5 | X18: 0.25 | Y18: 0.15 | Z18: 0 | AA18: 1
K19: 强化最高系数 | L19: 1 | M19: 1 | N19: 1 | O19: 1 | P19: 1 | Q19: 1 | R19: 1 | S19: 1 | V19: 1
E20: 20 | F20: 30 | G20: 40 | H20: 50 | I20: 60 | J20: 70
D21: 白装最低 | E21: =$L21*E$20 -> 14 | F21: =$L21*F$20 -> 21 | G21: =$L21*G$20 -> 28 | H21: =$L21*H$20 -> 35 | I21: =$L21*I$20 -> 42 | J21: =$L21*J$20 -> 49 | K21: 白装最低 | L21: 0.7 | M21: =L21 -> 0.7 | N21: =M21 -> 0.7 | O21: =N21 -> 0.7 | P21: =O21 -> 0.7 | Q21: =P21 -> 0.7 | R21: 0.5 | S21: =R21 -> 0.5 | W21: 0 | X21: 0 | Y21: 0 | Z21: 0 | AA21: 0
D22: 白装最高 | E22: =$L22*E$20 -> 14 | F22: =$L22*F$20 -> 21 | G22: =$L22*G$20 -> 28 | H22: =$L22*H$20 -> 35 | I22: =$L22*I$20 -> 42 | J22: =$L22*J$20 -> 49 | K22: 白装最高 | L22: 0.7 | M22: =L22 -> 0.7 | N22: =M22 -> 0.7 | O22: =N22 -> 0.7 | P22: =O22 -> 0.7 | Q22: =P22 -> 0.7 | R22: 0.5 | S22: =R22 -> 0.5
D23: 绿装最低 | E23: =$L23*E$20 -> 14 | F23: =$L23*F$20 -> 21 | G23: =$L23*G$20 -> 28 | H23: =$L23*H$20 -> 35 | I23: =$L23*I$20 -> 42 | J23: =$L23*J$20 -> 49 | K23: 绿装最低 | L23: 0.7 | M23: =L23 -> 0.7 | N23: =M23 -> 0.7 | O23: =N23 -> 0.7 | P23: =O23 -> 0.7 | Q23: =P23 -> 0.7 | R23: 0.5 | S23: =R23 -> 0.5 | V23: 0.3 | W23: 0.333 | X23: 0 | Y23: 0 | Z23: 0.55 | AA23: 0
D24: 绿装最高 | E24: =$L24*E$20 -> 15.2 | F24: =$L24*F$20 -> 22.8 | G24: =$L24*G$20 -> 30.4 | H24: =$L24*H$20 -> 38 | I24: =$L24*I$20 -> 45.6 | J24: =$L24*J$20 -> 53.2 | K24: 绿装最高 | L24: 0.76 | M24: =L24 -> 0.76 | N24: =M24 -> 0.76 | O24: =N24 -> 0.76 | P24: =O24 -> 0.76 | Q24: =P24 -> 0.76 | R24: 0.6 | S24: =R24 -> 0.6 | V24: 0.4
D25: 蓝装最低 | E25: =$L25*E$20 -> 15.2 | F25: =$L25*F$20 -> 22.8 | G25: =$L25*G$20 -> 30.4 | H25: =$L25*H$20 -> 38 | I25: =$L25*I$20 -> 45.6 | J25: =$L25*J$20 -> 53.2 | K25: 蓝装最低 | L25: 0.76 | M25: =L25 -> 0.76 | N25: =M25 -> 0.76 | O25: =N25 -> 0.76 | P25: =O25 -> 0.76 | Q25: =P25 -> 0.76 | R25: 0.6 | S25: =R25 -> 0.6 | V25: 0.4 | W25: 0.666 | X25: 0 | Y25: 0 | Z25: 0.4 | AA25: 0.75
D26: 蓝装最高 | E26: =$L26*E$20 -> 16.4 | F26: =$L26*F$20 -> 24.6 | G26: =$L26*G$20 -> 32.8 | H26: =$L26*H$20 -> 41 | I26: =$L26*I$20 -> 49.2 | J26: =$L26*J$20 -> 57.4 | K26: 蓝装最高 | L26: 0.82 | M26: =L26 -> 0.82 | N26: =M26 -> 0.82 | O26: =N26 -> 0.82 | P26: =O26 -> 0.82 | Q26: =P26 -> 0.82 | R26: 0.7 | S26: =R26 -> 0.7 | V26: 0.7
D27: 紫装最低 | E27: =$L27*E$20 -> 16.4 | F27: =$L27*F$20 -> 24.6 | G27: =$L27*G$20 -> 32.8 | H27: =$L27*H$20 -> 41 | I27: =$L27*I$20 -> 49.2 | J27: =$L27*J$20 -> 57.4 | K27: 紫装最低 | L27: 0.82 | M27: =L27 -> 0.82 | N27: =M27 -> 0.82 | O27: =N27 -> 0.82 | P27: =O27 -> 0.82 | Q27: =P27 -> 0.82 | R27: 0.7 | S27: =R27 -> 0.7 | V27: 0.5 | W27: 1 | X27: 0.15 | Y27: 0.1 | Z27: 0.05 | AA27: 0.25
D28: 紫装最高 | E28: =$L28*E$20 -> 20 | F28: =$L28*F$20 -> 30 | G28: =$L28*G$20 -> 40 | H28: =$L28*H$20 -> 50 | I28: =$L28*I$20 -> 60 | J28: =$L28*J$20 -> 70 | K28: 紫装最高 | L28: 1 | M28: =L28 -> 1 | N28: =M28 -> 1 | O28: =N28 -> 1 | P28: =O28 -> 1 | Q28: =P28 -> 1 | R28: 1 | S28: =R28 -> 1 | V28: 1
D29: 橙装最低 | E29: =$L29*E$20 -> 20.4 | F29: =$L29*F$20 -> 30.6 | G29: =$L29*G$20 -> 40.8 | H29: =$L29*H$20 -> 51 | I29: =$L29*I$20 -> 61.2 | J29: =$L29*J$20 -> 71.4 | K29: 橙装最低 | L29: 1.02 | M29: =L29 -> 1.02 | N29: =M29 -> 1.02 | O29: =N29 -> 1.02 | P29: =O29 -> 1.02 | Q29: =P29 -> 1.02 | R29: 1.02 | S29: =R29 -> 1.02 | V29: 0.7 | W29: 1 | X29: 1 | Y29: 1 | Z29: 0 | AA29: 0
D30: 橙装最高 | E30: =$L30*E$20 -> 20.4 | F30: =$L30*F$20 -> 30.6 | G30: =$L30*G$20 -> 40.8 | H30: =$L30*H$20 -> 51 | I30: =$L30*I$20 -> 61.2 | J30: =$L30*J$20 -> 71.4 | K30: 橙装最高 | L30: 1.02 | M30: 1.02 | N30: 1.02 | O30: 1.02 | P30: 1.02 | Q30: 1.02 | R30: 1.02 | S30: 1.02 | V30: 1
F33: 非强化白属性 | P33: 强化白属性
B34: 装备id | C34: 部件id | D34: 装备外形 | E34: 装备等级 | F34: 生命 | G34: 魔法 | H34: 物攻 | I34: 物防 | J34: 法攻 | K34: 法防 | L34: 速度 | M34: 治疗强度 | N34: 控制命中 | O34: 控制抗性 | P34: 生命 | Q34: 魔法 | R34: 物攻 | S34: 物防 | T34: 法攻 | U34: 法防 | V34: 速度 | W34: 治疗强度 | X34: 控制命中 | Y34: 控制抗性 | Z34: 白属性最大评分 | AA34: 珍品评分 | AB34: 附加一级属性最大评分 | AC34: 特效评分 | AD34: 特技评分
B35: 1 | C35: 1 | D35: 1 | E35: 1 | F35: =IF(VLOOKUP($C35,$C$9:$U$14,COLUMNS($C$9:L$14),0)="","",ROUND(D$4*$E35*VLOOKUP($C35,$C$9:$U$14,COLUMNS($C$9:L$14),0)*L$16,0)&"～"&ROUND(D$4*$E35*VLOOKUP($C35,$C$9:$U$14,COLUMNS($C$9:L$14),0)*L$17,0)) | G35: =IF(VLOOKUP($C35,$C$9:$U$14,COLUMNS($C$9:M$14),0)="","",ROUND(E$4*$E35*VLOOKUP($C35,$C$9:$U$14,COLUMNS($C$9:M$14),0)*M$16,0)&"～"&ROUND(E$4*$E35*VLOOKUP($C35,$C$9:$U$14,COLUMNS($C$9:M$14),0)*M$17,0)) | H35: =IF(VLOOKUP($C35,$C$9:$U$14,COLUMNS($C$9:N$14),0)="","",ROUND(F$4*$E35*VLOOKUP($C35,$C$9:$U$14,COLUMNS($C$9:N$14),0)*N$16,0)&"～"&ROUND(F$4*$E35*VLOOKUP($C35,$C$9:$U$14,COLUMNS($C$9:N$14),0)*N$17,0)) -> 6～7 | I35: =IF(VLOOKUP($C35,$C$9:$U$14,COLUMNS($C$9:O$14),0)="","",ROUND(G$4*$E35*VLOOKUP($C35,$C$9:$U$14,COLUMNS($C$9:O$14),0)*O$16,0)&"～"&ROUND(G$4*$E35*VLOOKUP($C35,$C$9:$U$14,COLUMNS($C$9:O$14),0)*O$17,0)) | J35: =IF(VLOOKUP($C35,$C$9:$U$14,COLUMNS($C$9:P$14),0)="","",ROUND(H$4*$E35*VLOOKUP($C35,$C$9:$U$14,COLUMNS($C$9:P$14),0)*P$16,0)&"～"&ROUND(H$4*$E35*VLOOKUP($C35,$C$9:$U$14,COLUMNS($C$9:P$14),0)*P$17,0)) -> 1～2 | K35: =IF(VLOOKUP($C35,$C$9:$U$14,COLUMNS($C$9:Q$14),0)="","",ROUND(I$4*$E35*VLOOKUP($C35,$C$9:$U$14,COLUMNS($C$9:Q$14),0)*Q$16,0)&"～"&ROUND(I$4*$E35*VLOOKUP($C35,$C$9:$U$14,COLUMNS($C$9:Q$14),0)*Q$17,0)) | L35: =IF(VLOOKUP($C35,$C$9:$U$14,COLUMNS($C$9:R$14),0)="","",ROUND(J$4*$E35*VLOOKUP($C35,$C$9:$U$14,COLUMNS($C$9:R$14),0)*R$16,0)&"～"&ROUND(J$4*$E35*VLOOKUP($C35,$C$9:$U$14,COLUMNS($C$9:R$14),0)*R$17,0)) | M35: =IF(VLOOKUP($C35,$C$9:$U$14,COLUMNS($C$9:S$14),0)="","",ROUND(K$4*$E35*VLOOKUP($C35,$C$9:$U$14,COLUMNS($C$9:S$14),0)*S$16,0)&"～"&ROUND(K$4*$E35*VLOOKUP($C35,$C$9:$U$14,COLUMNS($C$9:S$14),0)*S$17,0)) -> 2～3 | ... O35: =IF(VLOOKUP($C35,$C$9:$U$14,COLUMNS($C$9:U$14),0)="","",ROUND(M$4*$E35*VLOOKUP($C35,$C$9:$U$14,COLUMNS($C$9:U$14),0)*U$16,0)&"～"&ROUND(M$4*$E35*VLOOKUP($C35,$C$9:$U$14,COLUMNS($C$9:U$14),0)*U$17,0)) | P35: =IF(VLOOKUP($C35,$C$9:$U$14,COLUMNS($C$9:L$14),0)="","",ROUND(D$4*$E35*VLOOKUP($C35,$C$9:$U$14,COLUMNS($C$9:L$14),0)*L$18,0)&"～"&ROUND(D$4*$E35*VLOOKUP($C35,$C$9:$U$14,COLUMNS($C$9:L$14),0)*L$19,0)) | Q35: =IF(VLOOKUP($C35,$C$9:$U$14,COLUMNS($C$9:M$14),0)="","",ROUND(E$4*$E35*VLOOKUP($C35,$C$9:$U$14,COLUMNS($C$9:M$14),0)*M$18,0)&"～"&ROUND(E$4*$E35*VLOOKUP($C35,$C$9:$U$14,COLUMNS($C$9:M$14),0)*M$19,0)) | R35: =IF(VLOOKUP($C35,$C$9:$U$14,COLUMNS($C$9:N$14),0)="","",ROUND(F$4*$E35*VLOOKUP($C35,$C$9:$U$14,COLUMNS($C$9:N$14),0)*N$18,0)&"～"&ROUND(F$4*$E35*VLOOKUP($C35,$C$9:$U$14,COLUMNS($C$9:N$14),0)*N$19,0)) -> 6～8 | S35: =IF(VLOOKUP($C35,$C$9:$U$14,COLUMNS($C$9:O$14),0)="","",ROUND(G$4*$E35*VLOOKUP($C35,$C$9:$U$14,COLUMNS($C$9:O$14),0)*O$18,0)&"～"&ROUND(G$4*$E35*VLOOKUP($C35,$C$9:$U$14,COLUMNS($C$9:O$14),0)*O$19,0)) | T35: =IF(VLOOKUP($C35,$C$9:$U$14,COLUMNS($C$9:P$14),0)="","",ROUND(H$4*$E35*VLOOKUP($C35,$C$9:$U$14,COLUMNS($C$9:P$14),0)*P$18,0)&"～"&ROUND(H$4*$E35*VLOOKUP($C35,$C$9:$U$14,COLUMNS($C$9:P$14),0)*P$19,0)) -> 1～2 | U35: =IF(VLOOKUP($C35,$C$9:$U$14,COLUMNS($C$9:Q$14),0)="","",ROUND(I$4*$E35*VLOOKUP($C35,$C$9:$U$14,COLUMNS($C$9:Q$14),0)*Q$18,0)&"～"&ROUND(I$4*$E35*VLOOKUP($C35,$C$9:$U$14,COLUMNS($C$9:Q$14),0)*Q$19,0)) | V35: =IF(VLOOKUP($C35,$C$9:$U$14,COLUMNS($C$9:R$14),0)="","",ROUND(J$4*$E35*VLOOKUP($C35,$C$9:$U$14,COLUMNS($C$9:R$14),0)*R$18,0)&"～"&ROUND(J$4*$E35*VLOOKUP($C35,$C$9:$U$14,COLUMNS($C$9:R$14),0)*R$19,0)) | W35: =IF(VLOOKUP($C35,$C$9:$U$14,COLUMNS($C$9:S$14),0)="","",ROUND(K$4*$E35*VLOOKUP($C35,$C$9:$U$14,COLUMNS($C$9:S$14),0)*S$18,0)&"～"&ROUND(K$4*$E35*VLOOKUP($C35,$C$9:$U$14,COLUMNS($C$9:S$14),0)*S$19,0)) -> 2～3 | X35: =IF(VLOOKUP($C35,$C$9:$U$14,COLUMNS($C$9:T$14),0)="","",ROUND(L$4*$E35*VLOOKUP($C35,$C$9:$U$14,COLUMNS($C$9:T$14),0)*T$18,0)&"～"&ROUND(L$4*$E35*VLOOKUP($C35,$C$9:$U$14,COLUMNS($C$9:T$14),0)*T$19,0)) | Z35: =ROUND(VLOOKUP($C35,$C$9:$W$14,21,0)*E35,0) -> 9 | AA35: =ROUND(Z35*0.9,0) -> 8 | AB35: =IF(C35>2,0,ROUND(属性价值和能力评分!$F$38*一级属性!$H$17*装备属性!E35,0)) -> 5 | AC35: =ROUND($W$9*0.15*E35,0) -> 1 | AD35: =ROUND($W$9*0.3*E35,0) -> 3
B36: 2 | C36: 1 | D36: 2 | E36: 1 | F36: =IF(VLOOKUP($C36,$C$9:$U$14,COLUMNS($C$9:L$14),0)="","",ROUND(D$4*$E36*VLOOKUP($C36,$C$9:$U$14,COLUMNS($C$9:L$14),0)*L$16,0)&"～"&ROUND(D$4*$E36*VLOOKUP($C36,$C$9:$U$14,COLUMNS($C$9:L$14),0)*L$17,0)) | G36: =IF(VLOOKUP($C36,$C$9:$U$14,COLUMNS($C$9:M$14),0)="","",ROUND(E$4*$E36*VLOOKUP($C36,$C$9:$U$14,COLUMNS($C$9:M$14),0)*M$16,0)&"～"&ROUND(E$4*$E36*VLOOKUP($C36,$C$9:$U$14,COLUMNS($C$9:M$14),0)*M$17,0)) | H36: =IF(VLOOKUP($C36,$C$9:$U$14,COLUMNS($C$9:N$14),0)="","",ROUND(F$4*$E36*VLOOKUP($C36,$C$9:$U$14,COLUMNS($C$9:N$14),0)*N$16,0)&"～"&ROUND(F$4*$E36*VLOOKUP($C36,$C$9:$U$14,COLUMNS($C$9:N$14),0)*N$17,0)) -> 6～7 | I36: =IF(VLOOKUP($C36,$C$9:$U$14,COLUMNS($C$9:O$14),0)="","",ROUND(G$4*$E36*VLOOKUP($C36,$C$9:$U$14,COLUMNS($C$9:O$14),0)*O$16,0)&"～"&ROUND(G$4*$E36*VLOOKUP($C36,$C$9:$U$14,COLUMNS($C$9:O$14),0)*O$17,0)) | J36: =IF(VLOOKUP($C36,$C$9:$U$14,COLUMNS($C$9:P$14),0)="","",ROUND(H$4*$E36*VLOOKUP($C36,$C$9:$U$14,COLUMNS($C$9:P$14),0)*P$16,0)&"～"&ROUND(H$4*$E36*VLOOKUP($C36,$C$9:$U$14,COLUMNS($C$9:P$14),0)*P$17,0)) -> 1～2 | K36: =IF(VLOOKUP($C36,$C$9:$U$14,COLUMNS($C$9:Q$14),0)="","",ROUND(I$4*$E36*VLOOKUP($C36,$C$9:$U$14,COLUMNS($C$9:Q$14),0)*Q$16,0)&"～"&ROUND(I$4*$E36*VLOOKUP($C36,$C$9:$U$14,COLUMNS($C$9:Q$14),0)*Q$17,0)) | L36: =IF(VLOOKUP($C36,$C$9:$U$14,COLUMNS($C$9:R$14),0)="","",ROUND(J$4*$E36*VLOOKUP($C36,$C$9:$U$14,COLUMNS($C$9:R$14),0)*R$16,0)&"～"&ROUND(J$4*$E36*VLOOKUP($C36,$C$9:$U$14,COLUMNS($C$9:R$14),0)*R$17,0)) | M36: =IF(VLOOKUP($C36,$C$9:$U$14,COLUMNS($C$9:S$14),0)="","",ROUND(K$4*$E36*VLOOKUP($C36,$C$9:$U$14,COLUMNS($C$9:S$14),0)*S$16,0)&"～"&ROUND(K$4*$E36*VLOOKUP($C36,$C$9:$U$14,COLUMNS($C$9:S$14),0)*S$17,0)) -> 2～3 | ... O36: =IF(VLOOKUP($C36,$C$9:$U$14,COLUMNS($C$9:U$14),0)="","",ROUND(M$4*$E36*VLOOKUP($C36,$C$9:$U$14,COLUMNS($C$9:U$14),0)*U$16,0)&"～"&ROUND(M$4*$E36*VLOOKUP($C36,$C$9:$U$14,COLUMNS($C$9:U$14),0)*U$17,0)) | P36: =IF(VLOOKUP($C36,$C$9:$U$14,COLUMNS($C$9:L$14),0)="","",ROUND(D$4*$E36*VLOOKUP($C36,$C$9:$U$14,COLUMNS($C$9:L$14),0)*L$18,0)&"～"&ROUND(D$4*$E36*VLOOKUP($C36,$C$9:$U$14,COLUMNS($C$9:L$14),0)*L$19,0)) | Q36: =IF(VLOOKUP($C36,$C$9:$U$14,COLUMNS($C$9:M$14),0)="","",ROUND(E$4*$E36*VLOOKUP($C36,$C$9:$U$14,COLUMNS($C$9:M$14),0)*M$18,0)&"～"&ROUND(E$4*$E36*VLOOKUP($C36,$C$9:$U$14,COLUMNS($C$9:M$14),0)*M$19,0)) | R36: =IF(VLOOKUP($C36,$C$9:$U$14,COLUMNS($C$9:N$14),0)="","",ROUND(F$4*$E36*VLOOKUP($C36,$C$9:$U$14,COLUMNS($C$9:N$14),0)*N$18,0)&"～"&ROUND(F$4*$E36*VLOOKUP($C36,$C$9:$U$14,COLUMNS($C$9:N$14),0)*N$19,0)) -> 6～8 | S36: =IF(VLOOKUP($C36,$C$9:$U$14,COLUMNS($C$9:O$14),0)="","",ROUND(G$4*$E36*VLOOKUP($C36,$C$9:$U$14,COLUMNS($C$9:O$14),0)*O$18,0)&"～"&ROUND(G$4*$E36*VLOOKUP($C36,$C$9:$U$14,COLUMNS($C$9:O$14),0)*O$19,0)) | T36: =IF(VLOOKUP($C36,$C$9:$U$14,COLUMNS($C$9:P$14),0)="","",ROUND(H$4*$E36*VLOOKUP($C36,$C$9:$U$14,COLUMNS($C$9:P$14),0)*P$18,0)&"～"&ROUND(H$4*$E36*VLOOKUP($C36,$C$9:$U$14,COLUMNS($C$9:P$14),0)*P$19,0)) -> 1～2 | U36: =IF(VLOOKUP($C36,$C$9:$U$14,COLUMNS($C$9:Q$14),0)="","",ROUND(I$4*$E36*VLOOKUP($C36,$C$9:$U$14,COLUMNS($C$9:Q$14),0)*Q$18,0)&"～"&ROUND(I$4*$E36*VLOOKUP($C36,$C$9:$U$14,COLUMNS($C$9:Q$14),0)*Q$19,0)) | V36: =IF(VLOOKUP($C36,$C$9:$U$14,COLUMNS($C$9:R$14),0)="","",ROUND(J$4*$E36*VLOOKUP($C36,$C$9:$U$14,COLUMNS($C$9:R$14),0)*R$18,0)&"～"&ROUND(J$4*$E36*VLOOKUP($C36,$C$9:$U$14,COLUMNS($C$9:R$14),0)*R$19,0)) | W36: =IF(VLOOKUP($C36,$C$9:$U$14,COLUMNS($C$9:S$14),0)="","",ROUND(K$4*$E36*VLOOKUP($C36,$C$9:$U$14,COLUMNS($C$9:S$14),0)*S$18,0)&"～"&ROUND(K$4*$E36*VLOOKUP($C36,$C$9:$U$14,COLUMNS($C$9:S$14),0)*S$19,0)) -> 2～3 | X36: =IF(VLOOKUP($C36,$C$9:$U$14,COLUMNS($C$9:T$14),0)="","",ROUND(L$4*$E36*VLOOKUP($C36,$C$9:$U$14,COLUMNS($C$9:T$14),0)*T$18,0)&"～"&ROUND(L$4*$E36*VLOOKUP($C36,$C$9:$U$14,COLUMNS($C$9:T$14),0)*T$19,0)) | Z36: =ROUND(VLOOKUP($C36,$C$9:$W$14,21,0)*E36,0) -> 9 | AA36: =ROUND(Z36*0.9,0) -> 8 | AB36: =IF(C36>2,0,ROUND(属性价值和能力评分!$F$38*一级属性!$H$17*装备属性!E36,0)) -> 5 | AC36: =ROUND($W$9*0.15*E36,0) -> 1 | AD36: =ROUND($W$9*0.3*E36,0) -> 3
B37: 3 | C37: 1 | D37: 3 | E37: 1 | F37: =IF(VLOOKUP($C37,$C$9:$U$14,COLUMNS($C$9:L$14),0)="","",ROUND(D$4*$E37*VLOOKUP($C37,$C$9:$U$14,COLUMNS($C$9:L$14),0)*L$16,0)&"～"&ROUND(D$4*$E37*VLOOKUP($C37,$C$9:$U$14,COLUMNS($C$9:L$14),0)*L$17,0)) | G37: =IF(VLOOKUP($C37,$C$9:$U$14,COLUMNS($C$9:M$14),0)="","",ROUND(E$4*$E37*VLOOKUP($C37,$C$9:$U$14,COLUMNS($C$9:M$14),0)*M$16,0)&"～"&ROUND(E$4*$E37*VLOOKUP($C37,$C$9:$U$14,COLUMNS($C$9:M$14),0)*M$17,0)) | H37: =IF(VLOOKUP($C37,$C$9:$U$14,COLUMNS($C$9:N$14),0)="","",ROUND(F$4*$E37*VLOOKUP($C37,$C$9:$U$14,COLUMNS($C$9:N$14),0)*N$16,0)&"～"&ROUND(F$4*$E37*VLOOKUP($C37,$C$9:$U$14,COLUMNS($C$9:N$14),0)*N$17,0)) -> 6～7 | I37: =IF(VLOOKUP($C37,$C$9:$U$14,COLUMNS($C$9:O$14),0)="","",ROUND(G$4*$E37*VLOOKUP($C37,$C$9:$U$14,COLUMNS($C$9:O$14),0)*O$16,0)&"～"&ROUND(G$4*$E37*VLOOKUP($C37,$C$9:$U$14,COLUMNS($C$9:O$14),0)*O$17,0)) | J37: =IF(VLOOKUP($C37,$C$9:$U$14,COLUMNS($C$9:P$14),0)="","",ROUND(H$4*$E37*VLOOKUP($C37,$C$9:$U$14,COLUMNS($C$9:P$14),0)*P$16,0)&"～"&ROUND(H$4*$E37*VLOOKUP($C37,$C$9:$U$14,COLUMNS($C$9:P$14),0)*P$17,0)) -> 1～2 | K37: =IF(VLOOKUP($C37,$C$9:$U$14,COLUMNS($C$9:Q$14),0)="","",ROUND(I$4*$E37*VLOOKUP($C37,$C$9:$U$14,COLUMNS($C$9:Q$14),0)*Q$16,0)&"～"&ROUND(I$4*$E37*VLOOKUP($C37,$C$9:$U$14,COLUMNS($C$9:Q$14),0)*Q$17,0)) | L37: =IF(VLOOKUP($C37,$C$9:$U$14,COLUMNS($C$9:R$14),0)="","",ROUND(J$4*$E37*VLOOKUP($C37,$C$9:$U$14,COLUMNS($C$9:R$14),0)*R$16,0)&"～"&ROUND(J$4*$E37*VLOOKUP($C37,$C$9:$U$14,COLUMNS($C$9:R$14),0)*R$17,0)) | M37: =IF(VLOOKUP($C37,$C$9:$U$14,COLUMNS($C$9:S$14),0)="","",ROUND(K$4*$E37*VLOOKUP($C37,$C$9:$U$14,COLUMNS($C$9:S$14),0)*S$16,0)&"～"&ROUND(K$4*$E37*VLOOKUP($C37,$C$9:$U$14,COLUMNS($C$9:S$14),0)*S$17,0)) -> 2～3 | ... O37: =IF(VLOOKUP($C37,$C$9:$U$14,COLUMNS($C$9:U$14),0)="","",ROUND(M$4*$E37*VLOOKUP($C37,$C$9:$U$14,COLUMNS($C$9:U$14),0)*U$16,0)&"～"&ROUND(M$4*$E37*VLOOKUP($C37,$C$9:$U$14,COLUMNS($C$9:U$14),0)*U$17,0)) | P37: =IF(VLOOKUP($C37,$C$9:$U$14,COLUMNS($C$9:L$14),0)="","",ROUND(D$4*$E37*VLOOKUP($C37,$C$9:$U$14,COLUMNS($C$9:L$14),0)*L$18,0)&"～"&ROUND(D$4*$E37*VLOOKUP($C37,$C$9:$U$14,COLUMNS($C$9:L$14),0)*L$19,0)) | Q37: =IF(VLOOKUP($C37,$C$9:$U$14,COLUMNS($C$9:M$14),0)="","",ROUND(E$4*$E37*VLOOKUP($C37,$C$9:$U$14,COLUMNS($C$9:M$14),0)*M$18,0)&"～"&ROUND(E$4*$E37*VLOOKUP($C37,$C$9:$U$14,COLUMNS($C$9:M$14),0)*M$19,0)) | R37: =IF(VLOOKUP($C37,$C$9:$U$14,COLUMNS($C$9:N$14),0)="","",ROUND(F$4*$E37*VLOOKUP($C37,$C$9:$U$14,COLUMNS($C$9:N$14),0)*N$18,0)&"～"&ROUND(F$4*$E37*VLOOKUP($C37,$C$9:$U$14,COLUMNS($C$9:N$14),0)*N$19,0)) -> 6～8 | S37: =IF(VLOOKUP($C37,$C$9:$U$14,COLUMNS($C$9:O$14),0)="","",ROUND(G$4*$E37*VLOOKUP($C37,$C$9:$U$14,COLUMNS($C$9:O$14),0)*O$18,0)&"～"&ROUND(G$4*$E37*VLOOKUP($C37,$C$9:$U$14,COLUMNS($C$9:O$14),0)*O$19,0)) | T37: =IF(VLOOKUP($C37,$C$9:$U$14,COLUMNS($C$9:P$14),0)="","",ROUND(H$4*$E37*VLOOKUP($C37,$C$9:$U$14,COLUMNS($C$9:P$14),0)*P$18,0)&"～"&ROUND(H$4*$E37*VLOOKUP($C37,$C$9:$U$14,COLUMNS($C$9:P$14),0)*P$19,0)) -> 1～2 | U37: =IF(VLOOKUP($C37,$C$9:$U$14,COLUMNS($C$9:Q$14),0)="","",ROUND(I$4*$E37*VLOOKUP($C37,$C$9:$U$14,COLUMNS($C$9:Q$14),0)*Q$18,0)&"～"&ROUND(I$4*$E37*VLOOKUP($C37,$C$9:$U$14,COLUMNS($C$9:Q$14),0)*Q$19,0)) | V37: =IF(VLOOKUP($C37,$C$9:$U$14,COLUMNS($C$9:R$14),0)="","",ROUND(J$4*$E37*VLOOKUP($C37,$C$9:$U$14,COLUMNS($C$9:R$14),0)*R$18,0)&"～"&ROUND(J$4*$E37*VLOOKUP($C37,$C$9:$U$14,COLUMNS($C$9:R$14),0)*R$19,0)) | W37: =IF(VLOOKUP($C37,$C$9:$U$14,COLUMNS($C$9:S$14),0)="","",ROUND(K$4*$E37*VLOOKUP($C37,$C$9:$U$14,COLUMNS($C$9:S$14),0)*S$18,0)&"～"&ROUND(K$4*$E37*VLOOKUP($C37,$C$9:$U$14,COLUMNS($C$9:S$14),0)*S$19,0)) -> 2～3 | X37: =IF(VLOOKUP($C37,$C$9:$U$14,COLUMNS($C$9:T$14),0)="","",ROUND(L$4*$E37*VLOOKUP($C37,$C$9:$U$14,COLUMNS($C$9:T$14),0)*T$18,0)&"～"&ROUND(L$4*$E37*VLOOKUP($C37,$C$9:$U$14,COLUMNS($C$9:T$14),0)*T$19,0)) | Z37: =ROUND(VLOOKUP($C37,$C$9:$W$14,21,0)*E37,0) -> 9 | AA37: =ROUND(Z37*0.9,0) -> 8 | AB37: =IF(C37>2,0,ROUND(属性价值和能力评分!$F$38*一级属性!$H$17*装备属性!E37,0)) -> 5 | AC37: =ROUND($W$9*0.15*E37,0) -> 1 | AD37: =ROUND($W$9*0.3*E37,0) -> 3
B38: 4 | C38: 1 | D38: 4 | E38: 1 | F38: =IF(VLOOKUP($C38,$C$9:$U$14,COLUMNS($C$9:L$14),0)="","",ROUND(D$4*$E38*VLOOKUP($C38,$C$9:$U$14,COLUMNS($C$9:L$14),0)*L$16,0)&"～"&ROUND(D$4*$E38*VLOOKUP($C38,$C$9:$U$14,COLUMNS($C$9:L$14),0)*L$17,0)) | G38: =IF(VLOOKUP($C38,$C$9:$U$14,COLUMNS($C$9:M$14),0)="","",ROUND(E$4*$E38*VLOOKUP($C38,$C$9:$U$14,COLUMNS($C$9:M$14),0)*M$16,0)&"～"&ROUND(E$4*$E38*VLOOKUP($C38,$C$9:$U$14,COLUMNS($C$9:M$14),0)*M$17,0)) | H38: =IF(VLOOKUP($C38,$C$9:$U$14,COLUMNS($C$9:N$14),0)="","",ROUND(F$4*$E38*VLOOKUP($C38,$C$9:$U$14,COLUMNS($C$9:N$14),0)*N$16,0)&"～"&ROUND(F$4*$E38*VLOOKUP($C38,$C$9:$U$14,COLUMNS($C$9:N$14),0)*N$17,0)) -> 6～7 | I38: =IF(VLOOKUP($C38,$C$9:$U$14,COLUMNS($C$9:O$14),0)="","",ROUND(G$4*$E38*VLOOKUP($C38,$C$9:$U$14,COLUMNS($C$9:O$14),0)*O$16,0)&"～"&ROUND(G$4*$E38*VLOOKUP($C38,$C$9:$U$14,COLUMNS($C$9:O$14),0)*O$17,0)) | J38: =IF(VLOOKUP($C38,$C$9:$U$14,COLUMNS($C$9:P$14),0)="","",ROUND(H$4*$E38*VLOOKUP($C38,$C$9:$U$14,COLUMNS($C$9:P$14),0)*P$16,0)&"～"&ROUND(H$4*$E38*VLOOKUP($C38,$C$9:$U$14,COLUMNS($C$9:P$14),0)*P$17,0)) -> 1～2 | K38: =IF(VLOOKUP($C38,$C$9:$U$14,COLUMNS($C$9:Q$14),0)="","",ROUND(I$4*$E38*VLOOKUP($C38,$C$9:$U$14,COLUMNS($C$9:Q$14),0)*Q$16,0)&"～"&ROUND(I$4*$E38*VLOOKUP($C38,$C$9:$U$14,COLUMNS($C$9:Q$14),0)*Q$17,0)) | L38: =IF(VLOOKUP($C38,$C$9:$U$14,COLUMNS($C$9:R$14),0)="","",ROUND(J$4*$E38*VLOOKUP($C38,$C$9:$U$14,COLUMNS($C$9:R$14),0)*R$16,0)&"～"&ROUND(J$4*$E38*VLOOKUP($C38,$C$9:$U$14,COLUMNS($C$9:R$14),0)*R$17,0)) | M38: =IF(VLOOKUP($C38,$C$9:$U$14,COLUMNS($C$9:S$14),0)="","",ROUND(K$4*$E38*VLOOKUP($C38,$C$9:$U$14,COLUMNS($C$9:S$14),0)*S$16,0)&"～"&ROUND(K$4*$E38*VLOOKUP($C38,$C$9:$U$14,COLUMNS($C$9:S$14),0)*S$17,0)) -> 2～3 | ... O38: =IF(VLOOKUP($C38,$C$9:$U$14,COLUMNS($C$9:U$14),0)="","",ROUND(M$4*$E38*VLOOKUP($C38,$C$9:$U$14,COLUMNS($C$9:U$14),0)*U$16,0)&"～"&ROUND(M$4*$E38*VLOOKUP($C38,$C$9:$U$14,COLUMNS($C$9:U$14),0)*U$17,0)) | P38: =IF(VLOOKUP($C38,$C$9:$U$14,COLUMNS($C$9:L$14),0)="","",ROUND(D$4*$E38*VLOOKUP($C38,$C$9:$U$14,COLUMNS($C$9:L$14),0)*L$18,0)&"～"&ROUND(D$4*$E38*VLOOKUP($C38,$C$9:$U$14,COLUMNS($C$9:L$14),0)*L$19,0)) | Q38: =IF(VLOOKUP($C38,$C$9:$U$14,COLUMNS($C$9:M$14),0)="","",ROUND(E$4*$E38*VLOOKUP($C38,$C$9:$U$14,COLUMNS($C$9:M$14),0)*M$18,0)&"～"&ROUND(E$4*$E38*VLOOKUP($C38,$C$9:$U$14,COLUMNS($C$9:M$14),0)*M$19,0)) | R38: =IF(VLOOKUP($C38,$C$9:$U$14,COLUMNS($C$9:N$14),0)="","",ROUND(F$4*$E38*VLOOKUP($C38,$C$9:$U$14,COLUMNS($C$9:N$14),0)*N$18,0)&"～"&ROUND(F$4*$E38*VLOOKUP($C38,$C$9:$U$14,COLUMNS($C$9:N$14),0)*N$19,0)) -> 6～8 | S38: =IF(VLOOKUP($C38,$C$9:$U$14,COLUMNS($C$9:O$14),0)="","",ROUND(G$4*$E38*VLOOKUP($C38,$C$9:$U$14,COLUMNS($C$9:O$14),0)*O$18,0)&"～"&ROUND(G$4*$E38*VLOOKUP($C38,$C$9:$U$14,COLUMNS($C$9:O$14),0)*O$19,0)) | T38: =IF(VLOOKUP($C38,$C$9:$U$14,COLUMNS($C$9:P$14),0)="","",ROUND(H$4*$E38*VLOOKUP($C38,$C$9:$U$14,COLUMNS($C$9:P$14),0)*P$18,0)&"～"&ROUND(H$4*$E38*VLOOKUP($C38,$C$9:$U$14,COLUMNS($C$9:P$14),0)*P$19,0)) -> 1～2 | U38: =IF(VLOOKUP($C38,$C$9:$U$14,COLUMNS($C$9:Q$14),0)="","",ROUND(I$4*$E38*VLOOKUP($C38,$C$9:$U$14,COLUMNS($C$9:Q$14),0)*Q$18,0)&"～"&ROUND(I$4*$E38*VLOOKUP($C38,$C$9:$U$14,COLUMNS($C$9:Q$14),0)*Q$19,0)) | V38: =IF(VLOOKUP($C38,$C$9:$U$14,COLUMNS($C$9:R$14),0)="","",ROUND(J$4*$E38*VLOOKUP($C38,$C$9:$U$14,COLUMNS($C$9:R$14),0)*R$18,0)&"～"&ROUND(J$4*$E38*VLOOKUP($C38,$C$9:$U$14,COLUMNS($C$9:R$14),0)*R$19,0)) | W38: =IF(VLOOKUP($C38,$C$9:$U$14,COLUMNS($C$9:S$14),0)="","",ROUND(K$4*$E38*VLOOKUP($C38,$C$9:$U$14,COLUMNS($C$9:S$14),0)*S$18,0)&"～"&ROUND(K$4*$E38*VLOOKUP($C38,$C$9:$U$14,COLUMNS($C$9:S$14),0)*S$19,0)) -> 2～3 | X38: =IF(VLOOKUP($C38,$C$9:$U$14,COLUMNS($C$9:T$14),0)="","",ROUND(L$4*$E38*VLOOKUP($C38,$C$9:$U$14,COLUMNS($C$9:T$14),0)*T$18,0)&"～"&ROUND(L$4*$E38*VLOOKUP($C38,$C$9:$U$14,COLUMNS($C$9:T$14),0)*T$19,0)) | Z38: =ROUND(VLOOKUP($C38,$C$9:$W$14,21,0)*E38,0) -> 9 | AA38: =ROUND(Z38*0.9,0) -> 8 | AB38: =IF(C38>2,0,ROUND(属性价值和能力评分!$F$38*一级属性!$H$17*装备属性!E38,0)) -> 5 | AC38: =ROUND($W$9*0.15*E38,0) -> 1 | AD38: =ROUND($W$9*0.3*E38,0) -> 3
B39: 5 | C39: 1 | D39: 5 | E39: 1 | F39: =IF(VLOOKUP($C39,$C$9:$U$14,COLUMNS($C$9:L$14),0)="","",ROUND(D$4*$E39*VLOOKUP($C39,$C$9:$U$14,COLUMNS($C$9:L$14),0)*L$16,0)&"～"&ROUND(D$4*$E39*VLOOKUP($C39,$C$9:$U$14,COLUMNS($C$9:L$14),0)*L$17,0)) | G39: =IF(VLOOKUP($C39,$C$9:$U$14,COLUMNS($C$9:M$14),0)="","",ROUND(E$4*$E39*VLOOKUP($C39,$C$9:$U$14,COLUMNS($C$9:M$14),0)*M$16,0)&"～"&ROUND(E$4*$E39*VLOOKUP($C39,$C$9:$U$14,COLUMNS($C$9:M$14),0)*M$17,0)) | H39: =IF(VLOOKUP($C39,$C$9:$U$14,COLUMNS($C$9:N$14),0)="","",ROUND(F$4*$E39*VLOOKUP($C39,$C$9:$U$14,COLUMNS($C$9:N$14),0)*N$16,0)&"～"&ROUND(F$4*$E39*VLOOKUP($C39,$C$9:$U$14,COLUMNS($C$9:N$14),0)*N$17,0)) -> 6～7 | I39: =IF(VLOOKUP($C39,$C$9:$U$14,COLUMNS($C$9:O$14),0)="","",ROUND(G$4*$E39*VLOOKUP($C39,$C$9:$U$14,COLUMNS($C$9:O$14),0)*O$16,0)&"～"&ROUND(G$4*$E39*VLOOKUP($C39,$C$9:$U$14,COLUMNS($C$9:O$14),0)*O$17,0)) | J39: =IF(VLOOKUP($C39,$C$9:$U$14,COLUMNS($C$9:P$14),0)="","",ROUND(H$4*$E39*VLOOKUP($C39,$C$9:$U$14,COLUMNS($C$9:P$14),0)*P$16,0)&"～"&ROUND(H$4*$E39*VLOOKUP($C39,$C$9:$U$14,COLUMNS($C$9:P$14),0)*P$17,0)) -> 1～2 | K39: =IF(VLOOKUP($C39,$C$9:$U$14,COLUMNS($C$9:Q$14),0)="","",ROUND(I$4*$E39*VLOOKUP($C39,$C$9:$U$14,COLUMNS($C$9:Q$14),0)*Q$16,0)&"～"&ROUND(I$4*$E39*VLOOKUP($C39,$C$9:$U$14,COLUMNS($C$9:Q$14),0)*Q$17,0)) | L39: =IF(VLOOKUP($C39,$C$9:$U$14,COLUMNS($C$9:R$14),0)="","",ROUND(J$4*$E39*VLOOKUP($C39,$C$9:$U$14,COLUMNS($C$9:R$14),0)*R$16,0)&"～"&ROUND(J$4*$E39*VLOOKUP($C39,$C$9:$U$14,COLUMNS($C$9:R$14),0)*R$17,0)) | M39: =IF(VLOOKUP($C39,$C$9:$U$14,COLUMNS($C$9:S$14),0)="","",ROUND(K$4*$E39*VLOOKUP($C39,$C$9:$U$14,COLUMNS($C$9:S$14),0)*S$16,0)&"～"&ROUND(K$4*$E39*VLOOKUP($C39,$C$9:$U$14,COLUMNS($C$9:S$14),0)*S$17,0)) -> 2～3 | ... O39: =IF(VLOOKUP($C39,$C$9:$U$14,COLUMNS($C$9:U$14),0)="","",ROUND(M$4*$E39*VLOOKUP($C39,$C$9:$U$14,COLUMNS($C$9:U$14),0)*U$16,0)&"～"&ROUND(M$4*$E39*VLOOKUP($C39,$C$9:$U$14,COLUMNS($C$9:U$14),0)*U$17,0)) | P39: =IF(VLOOKUP($C39,$C$9:$U$14,COLUMNS($C$9:L$14),0)="","",ROUND(D$4*$E39*VLOOKUP($C39,$C$9:$U$14,COLUMNS($C$9:L$14),0)*L$18,0)&"～"&ROUND(D$4*$E39*VLOOKUP($C39,$C$9:$U$14,COLUMNS($C$9:L$14),0)*L$19,0)) | Q39: =IF(VLOOKUP($C39,$C$9:$U$14,COLUMNS($C$9:M$14),0)="","",ROUND(E$4*$E39*VLOOKUP($C39,$C$9:$U$14,COLUMNS($C$9:M$14),0)*M$18,0)&"～"&ROUND(E$4*$E39*VLOOKUP($C39,$C$9:$U$14,COLUMNS($C$9:M$14),0)*M$19,0)) | R39: =IF(VLOOKUP($C39,$C$9:$U$14,COLUMNS($C$9:N$14),0)="","",ROUND(F$4*$E39*VLOOKUP($C39,$C$9:$U$14,COLUMNS($C$9:N$14),0)*N$18,0)&"～"&ROUND(F$4*$E39*VLOOKUP($C39,$C$9:$U$14,COLUMNS($C$9:N$14),0)*N$19,0)) -> 6～8 | S39: =IF(VLOOKUP($C39,$C$9:$U$14,COLUMNS($C$9:O$14),0)="","",ROUND(G$4*$E39*VLOOKUP($C39,$C$9:$U$14,COLUMNS($C$9:O$14),0)*O$18,0)&"～"&ROUND(G$4*$E39*VLOOKUP($C39,$C$9:$U$14,COLUMNS($C$9:O$14),0)*O$19,0)) | T39: =IF(VLOOKUP($C39,$C$9:$U$14,COLUMNS($C$9:P$14),0)="","",ROUND(H$4*$E39*VLOOKUP($C39,$C$9:$U$14,COLUMNS($C$9:P$14),0)*P$18,0)&"～"&ROUND(H$4*$E39*VLOOKUP($C39,$C$9:$U$14,COLUMNS($C$9:P$14),0)*P$19,0)) -> 1～2 | U39: =IF(VLOOKUP($C39,$C$9:$U$14,COLUMNS($C$9:Q$14),0)="","",ROUND(I$4*$E39*VLOOKUP($C39,$C$9:$U$14,COLUMNS($C$9:Q$14),0)*Q$18,0)&"～"&ROUND(I$4*$E39*VLOOKUP($C39,$C$9:$U$14,COLUMNS($C$9:Q$14),0)*Q$19,0)) | V39: =IF(VLOOKUP($C39,$C$9:$U$14,COLUMNS($C$9:R$14),0)="","",ROUND(J$4*$E39*VLOOKUP($C39,$C$9:$U$14,COLUMNS($C$9:R$14),0)*R$18,0)&"～"&ROUND(J$4*$E39*VLOOKUP($C39,$C$9:$U$14,COLUMNS($C$9:R$14),0)*R$19,0)) | W39: =IF(VLOOKUP($C39,$C$9:$U$14,COLUMNS($C$9:S$14),0)="","",ROUND(K$4*$E39*VLOOKUP($C39,$C$9:$U$14,COLUMNS($C$9:S$14),0)*S$18,0)&"～"&ROUND(K$4*$E39*VLOOKUP($C39,$C$9:$U$14,COLUMNS($C$9:S$14),0)*S$19,0)) -> 2～3 | X39: =IF(VLOOKUP($C39,$C$9:$U$14,COLUMNS($C$9:T$14),0)="","",ROUND(L$4*$E39*VLOOKUP($C39,$C$9:$U$14,COLUMNS($C$9:T$14),0)*T$18,0)&"～"&ROUND(L$4*$E39*VLOOKUP($C39,$C$9:$U$14,COLUMNS($C$9:T$14),0)*T$19,0)) | Z39: =ROUND(VLOOKUP($C39,$C$9:$W$14,21,0)*E39,0) -> 9 | AA39: =ROUND(Z39*0.9,0) -> 8 | AB39: =IF(C39>2,0,ROUND(属性价值和能力评分!$F$38*一级属性!$H$17*装备属性!E39,0)) -> 5 | AC39: =ROUND($W$9*0.15*E39,0) -> 1 | AD39: =ROUND($W$9*0.3*E39,0) -> 3
B40: 6 | C40: 1 | D40: 6 | E40: 1 | F40: =IF(VLOOKUP($C40,$C$9:$U$14,COLUMNS($C$9:L$14),0)="","",ROUND(D$4*$E40*VLOOKUP($C40,$C$9:$U$14,COLUMNS($C$9:L$14),0)*L$16,0)&"～"&ROUND(D$4*$E40*VLOOKUP($C40,$C$9:$U$14,COLUMNS($C$9:L$14),0)*L$17,0)) | G40: =IF(VLOOKUP($C40,$C$9:$U$14,COLUMNS($C$9:M$14),0)="","",ROUND(E$4*$E40*VLOOKUP($C40,$C$9:$U$14,COLUMNS($C$9:M$14),0)*M$16,0)&"～"&ROUND(E$4*$E40*VLOOKUP($C40,$C$9:$U$14,COLUMNS($C$9:M$14),0)*M$17,0)) | H40: =IF(VLOOKUP($C40,$C$9:$U$14,COLUMNS($C$9:N$14),0)="","",ROUND(F$4*$E40*VLOOKUP($C40,$C$9:$U$14,COLUMNS($C$9:N$14),0)*N$16,0)&"～"&ROUND(F$4*$E40*VLOOKUP($C40,$C$9:$U$14,COLUMNS($C$9:N$14),0)*N$17,0)) -> 6～7 | I40: =IF(VLOOKUP($C40,$C$9:$U$14,COLUMNS($C$9:O$14),0)="","",ROUND(G$4*$E40*VLOOKUP($C40,$C$9:$U$14,COLUMNS($C$9:O$14),0)*O$16,0)&"～"&ROUND(G$4*$E40*VLOOKUP($C40,$C$9:$U$14,COLUMNS($C$9:O$14),0)*O$17,0)) | J40: =IF(VLOOKUP($C40,$C$9:$U$14,COLUMNS($C$9:P$14),0)="","",ROUND(H$4*$E40*VLOOKUP($C40,$C$9:$U$14,COLUMNS($C$9:P$14),0)*P$16,0)&"～"&ROUND(H$4*$E40*VLOOKUP($C40,$C$9:$U$14,COLUMNS($C$9:P$14),0)*P$17,0)) -> 1～2 | K40: =IF(VLOOKUP($C40,$C$9:$U$14,COLUMNS($C$9:Q$14),0)="","",ROUND(I$4*$E40*VLOOKUP($C40,$C$9:$U$14,COLUMNS($C$9:Q$14),0)*Q$16,0)&"～"&ROUND(I$4*$E40*VLOOKUP($C40,$C$9:$U$14,COLUMNS($C$9:Q$14),0)*Q$17,0)) | L40: =IF(VLOOKUP($C40,$C$9:$U$14,COLUMNS($C$9:R$14),0)="","",ROUND(J$4*$E40*VLOOKUP($C40,$C$9:$U$14,COLUMNS($C$9:R$14),0)*R$16,0)&"～"&ROUND(J$4*$E40*VLOOKUP($C40,$C$9:$U$14,COLUMNS($C$9:R$14),0)*R$17,0)) | M40: =IF(VLOOKUP($C40,$C$9:$U$14,COLUMNS($C$9:S$14),0)="","",ROUND(K$4*$E40*VLOOKUP($C40,$C$9:$U$14,COLUMNS($C$9:S$14),0)*S$16,0)&"～"&ROUND(K$4*$E40*VLOOKUP($C40,$C$9:$U$14,COLUMNS($C$9:S$14),0)*S$17,0)) -> 2～3 | ... O40: =IF(VLOOKUP($C40,$C$9:$U$14,COLUMNS($C$9:U$14),0)="","",ROUND(M$4*$E40*VLOOKUP($C40,$C$9:$U$14,COLUMNS($C$9:U$14),0)*U$16,0)&"～"&ROUND(M$4*$E40*VLOOKUP($C40,$C$9:$U$14,COLUMNS($C$9:U$14),0)*U$17,0)) | P40: =IF(VLOOKUP($C40,$C$9:$U$14,COLUMNS($C$9:L$14),0)="","",ROUND(D$4*$E40*VLOOKUP($C40,$C$9:$U$14,COLUMNS($C$9:L$14),0)*L$18,0)&"～"&ROUND(D$4*$E40*VLOOKUP($C40,$C$9:$U$14,COLUMNS($C$9:L$14),0)*L$19,0)) | Q40: =IF(VLOOKUP($C40,$C$9:$U$14,COLUMNS($C$9:M$14),0)="","",ROUND(E$4*$E40*VLOOKUP($C40,$C$9:$U$14,COLUMNS($C$9:M$14),0)*M$18,0)&"～"&ROUND(E$4*$E40*VLOOKUP($C40,$C$9:$U$14,COLUMNS($C$9:M$14),0)*M$19,0)) | R40: =IF(VLOOKUP($C40,$C$9:$U$14,COLUMNS($C$9:N$14),0)="","",ROUND(F$4*$E40*VLOOKUP($C40,$C$9:$U$14,COLUMNS($C$9:N$14),0)*N$18,0)&"～"&ROUND(F$4*$E40*VLOOKUP($C40,$C$9:$U$14,COLUMNS($C$9:N$14),0)*N$19,0)) -> 6～8 | S40: =IF(VLOOKUP($C40,$C$9:$U$14,COLUMNS($C$9:O$14),0)="","",ROUND(G$4*$E40*VLOOKUP($C40,$C$9:$U$14,COLUMNS($C$9:O$14),0)*O$18,0)&"～"&ROUND(G$4*$E40*VLOOKUP($C40,$C$9:$U$14,COLUMNS($C$9:O$14),0)*O$19,0)) | T40: =IF(VLOOKUP($C40,$C$9:$U$14,COLUMNS($C$9:P$14),0)="","",ROUND(H$4*$E40*VLOOKUP($C40,$C$9:$U$14,COLUMNS($C$9:P$14),0)*P$18,0)&"～"&ROUND(H$4*$E40*VLOOKUP($C40,$C$9:$U$14,COLUMNS($C$9:P$14),0)*P$19,0)) -> 1～2 | U40: =IF(VLOOKUP($C40,$C$9:$U$14,COLUMNS($C$9:Q$14),0)="","",ROUND(I$4*$E40*VLOOKUP($C40,$C$9:$U$14,COLUMNS($C$9:Q$14),0)*Q$18,0)&"～"&ROUND(I$4*$E40*VLOOKUP($C40,$C$9:$U$14,COLUMNS($C$9:Q$14),0)*Q$19,0)) | V40: =IF(VLOOKUP($C40,$C$9:$U$14,COLUMNS($C$9:R$14),0)="","",ROUND(J$4*$E40*VLOOKUP($C40,$C$9:$U$14,COLUMNS($C$9:R$14),0)*R$18,0)&"～"&ROUND(J$4*$E40*VLOOKUP($C40,$C$9:$U$14,COLUMNS($C$9:R$14),0)*R$19,0)) | W40: =IF(VLOOKUP($C40,$C$9:$U$14,COLUMNS($C$9:S$14),0)="","",ROUND(K$4*$E40*VLOOKUP($C40,$C$9:$U$14,COLUMNS($C$9:S$14),0)*S$18,0)&"～"&ROUND(K$4*$E40*VLOOKUP($C40,$C$9:$U$14,COLUMNS($C$9:S$14),0)*S$19,0)) -> 2～3 | X40: =IF(VLOOKUP($C40,$C$9:$U$14,COLUMNS($C$9:T$14),0)="","",ROUND(L$4*$E40*VLOOKUP($C40,$C$9:$U$14,COLUMNS($C$9:T$14),0)*T$18,0)&"～"&ROUND(L$4*$E40*VLOOKUP($C40,$C$9:$U$14,COLUMNS($C$9:T$14),0)*T$19,0)) | Z40: =ROUND(VLOOKUP($C40,$C$9:$W$14,21,0)*E40,0) -> 9 | AA40: =ROUND(Z40*0.9,0) -> 8 | AB40: =IF(C40>2,0,ROUND(属性价值和能力评分!$F$38*一级属性!$H$17*装备属性!E40,0)) -> 5 | AC40: =ROUND($W$9*0.15*E40,0) -> 1 | AD40: =ROUND($W$9*0.3*E40,0) -> 3
B41: 7 | C41: 2 | D41: 7 | E41: 1 | F41: =IF(VLOOKUP($C41,$C$9:$U$14,COLUMNS($C$9:L$14),0)="","",ROUND(D$4*$E41*VLOOKUP($C41,$C$9:$U$14,COLUMNS($C$9:L$14),0)*L$16,0)&"～"&ROUND(D$4*$E41*VLOOKUP($C41,$C$9:$U$14,COLUMNS($C$9:L$14),0)*L$17,0)) -> 5～6 | G41: =IF(VLOOKUP($C41,$C$9:$U$14,COLUMNS($C$9:M$14),0)="","",ROUND(E$4*$E41*VLOOKUP($C41,$C$9:$U$14,COLUMNS($C$9:M$14),0)*M$16,0)&"～"&ROUND(E$4*$E41*VLOOKUP($C41,$C$9:$U$14,COLUMNS($C$9:M$14),0)*M$17,0)) | H41: =IF(VLOOKUP($C41,$C$9:$U$14,COLUMNS($C$9:N$14),0)="","",ROUND(F$4*$E41*VLOOKUP($C41,$C$9:$U$14,COLUMNS($C$9:N$14),0)*N$16,0)&"～"&ROUND(F$4*$E41*VLOOKUP($C41,$C$9:$U$14,COLUMNS($C$9:N$14),0)*N$17,0)) | I41: =IF(VLOOKUP($C41,$C$9:$U$14,COLUMNS($C$9:O$14),0)="","",ROUND(G$4*$E41*VLOOKUP($C41,$C$9:$U$14,COLUMNS($C$9:O$14),0)*O$16,0)&"～"&ROUND(G$4*$E41*VLOOKUP($C41,$C$9:$U$14,COLUMNS($C$9:O$14),0)*O$17,0)) -> 1～2 | J41: =IF(VLOOKUP($C41,$C$9:$U$14,COLUMNS($C$9:P$14),0)="","",ROUND(H$4*$E41*VLOOKUP($C41,$C$9:$U$14,COLUMNS($C$9:P$14),0)*P$16,0)&"～"&ROUND(H$4*$E41*VLOOKUP($C41,$C$9:$U$14,COLUMNS($C$9:P$14),0)*P$17,0)) | K41: =IF(VLOOKUP($C41,$C$9:$U$14,COLUMNS($C$9:Q$14),0)="","",ROUND(I$4*$E41*VLOOKUP($C41,$C$9:$U$14,COLUMNS($C$9:Q$14),0)*Q$16,0)&"～"&ROUND(I$4*$E41*VLOOKUP($C41,$C$9:$U$14,COLUMNS($C$9:Q$14),0)*Q$17,0)) | L41: =IF(VLOOKUP($C41,$C$9:$U$14,COLUMNS($C$9:R$14),0)="","",ROUND(J$4*$E41*VLOOKUP($C41,$C$9:$U$14,COLUMNS($C$9:R$14),0)*R$16,0)&"～"&ROUND(J$4*$E41*VLOOKUP($C41,$C$9:$U$14,COLUMNS($C$9:R$14),0)*R$17,0)) | M41: =IF(VLOOKUP($C41,$C$9:$U$14,COLUMNS($C$9:S$14),0)="","",ROUND(K$4*$E41*VLOOKUP($C41,$C$9:$U$14,COLUMNS($C$9:S$14),0)*S$16,0)&"～"&ROUND(K$4*$E41*VLOOKUP($C41,$C$9:$U$14,COLUMNS($C$9:S$14),0)*S$17,0)) | ... O41: =IF(VLOOKUP($C41,$C$9:$U$14,COLUMNS($C$9:U$14),0)="","",ROUND(M$4*$E41*VLOOKUP($C41,$C$9:$U$14,COLUMNS($C$9:U$14),0)*U$16,0)&"～"&ROUND(M$4*$E41*VLOOKUP($C41,$C$9:$U$14,COLUMNS($C$9:U$14),0)*U$17,0)) | P41: =IF(VLOOKUP($C41,$C$9:$U$14,COLUMNS($C$9:L$14),0)="","",ROUND(D$4*$E41*VLOOKUP($C41,$C$9:$U$14,COLUMNS($C$9:L$14),0)*L$18,0)&"～"&ROUND(D$4*$E41*VLOOKUP($C41,$C$9:$U$14,COLUMNS($C$9:L$14),0)*L$19,0)) -> 5～7 | Q41: =IF(VLOOKUP($C41,$C$9:$U$14,COLUMNS($C$9:M$14),0)="","",ROUND(E$4*$E41*VLOOKUP($C41,$C$9:$U$14,COLUMNS($C$9:M$14),0)*M$18,0)&"～"&ROUND(E$4*$E41*VLOOKUP($C41,$C$9:$U$14,COLUMNS($C$9:M$14),0)*M$19,0)) | R41: =IF(VLOOKUP($C41,$C$9:$U$14,COLUMNS($C$9:N$14),0)="","",ROUND(F$4*$E41*VLOOKUP($C41,$C$9:$U$14,COLUMNS($C$9:N$14),0)*N$18,0)&"～"&ROUND(F$4*$E41*VLOOKUP($C41,$C$9:$U$14,COLUMNS($C$9:N$14),0)*N$19,0)) | S41: =IF(VLOOKUP($C41,$C$9:$U$14,COLUMNS($C$9:O$14),0)="","",ROUND(G$4*$E41*VLOOKUP($C41,$C$9:$U$14,COLUMNS($C$9:O$14),0)*O$18,0)&"～"&ROUND(G$4*$E41*VLOOKUP($C41,$C$9:$U$14,COLUMNS($C$9:O$14),0)*O$19,0)) -> 2～2 | T41: =IF(VLOOKUP($C41,$C$9:$U$14,COLUMNS($C$9:P$14),0)="","",ROUND(H$4*$E41*VLOOKUP($C41,$C$9:$U$14,COLUMNS($C$9:P$14),0)*P$18,0)&"～"&ROUND(H$4*$E41*VLOOKUP($C41,$C$9:$U$14,COLUMNS($C$9:P$14),0)*P$19,0)) | U41: =IF(VLOOKUP($C41,$C$9:$U$14,COLUMNS($C$9:Q$14),0)="","",ROUND(I$4*$E41*VLOOKUP($C41,$C$9:$U$14,COLUMNS($C$9:Q$14),0)*Q$18,0)&"～"&ROUND(I$4*$E41*VLOOKUP($C41,$C$9:$U$14,COLUMNS($C$9:Q$14),0)*Q$19,0)) | V41: =IF(VLOOKUP($C41,$C$9:$U$14,COLUMNS($C$9:R$14),0)="","",ROUND(J$4*$E41*VLOOKUP($C41,$C$9:$U$14,COLUMNS($C$9:R$14),0)*R$18,0)&"～"&ROUND(J$4*$E41*VLOOKUP($C41,$C$9:$U$14,COLUMNS($C$9:R$14),0)*R$19,0)) | W41: =IF(VLOOKUP($C41,$C$9:$U$14,COLUMNS($C$9:S$14),0)="","",ROUND(K$4*$E41*VLOOKUP($C41,$C$9:$U$14,COLUMNS($C$9:S$14),0)*S$18,0)&"～"&ROUND(K$4*$E41*VLOOKUP($C41,$C$9:$U$14,COLUMNS($C$9:S$14),0)*S$19,0)) | X41: =IF(VLOOKUP($C41,$C$9:$U$14,COLUMNS($C$9:T$14),0)="","",ROUND(L$4*$E41*VLOOKUP($C41,$C$9:$U$14,COLUMNS($C$9:T$14),0)*T$18,0)&"～"&ROUND(L$4*$E41*VLOOKUP($C41,$C$9:$U$14,COLUMNS($C$9:T$14),0)*T$19,0)) | Z41: =ROUND(VLOOKUP($C41,$C$9:$W$14,21,0)*E41,0) -> 6 | AA41: =ROUND(Z41*0.9,0) -> 5 | AB41: =IF(C41>2,0,ROUND(属性价值和能力评分!$F$38*一级属性!$H$17*装备属性!E41,0)) -> 5 | AC41: =ROUND($W$9*0.15*E41,0) -> 1 | AD41: =ROUND($W$9*0.3*E41,0) -> 3
B42: 8 | C42: 2 | D42: 8 | E42: 1 | F42: =IF(VLOOKUP($C42,$C$9:$U$14,COLUMNS($C$9:L$14),0)="","",ROUND(D$4*$E42*VLOOKUP($C42,$C$9:$U$14,COLUMNS($C$9:L$14),0)*L$16,0)&"～"&ROUND(D$4*$E42*VLOOKUP($C42,$C$9:$U$14,COLUMNS($C$9:L$14),0)*L$17,0)) -> 5～6 | G42: =IF(VLOOKUP($C42,$C$9:$U$14,COLUMNS($C$9:M$14),0)="","",ROUND(E$4*$E42*VLOOKUP($C42,$C$9:$U$14,COLUMNS($C$9:M$14),0)*M$16,0)&"～"&ROUND(E$4*$E42*VLOOKUP($C42,$C$9:$U$14,COLUMNS($C$9:M$14),0)*M$17,0)) | H42: =IF(VLOOKUP($C42,$C$9:$U$14,COLUMNS($C$9:N$14),0)="","",ROUND(F$4*$E42*VLOOKUP($C42,$C$9:$U$14,COLUMNS($C$9:N$14),0)*N$16,0)&"～"&ROUND(F$4*$E42*VLOOKUP($C42,$C$9:$U$14,COLUMNS($C$9:N$14),0)*N$17,0)) | I42: =IF(VLOOKUP($C42,$C$9:$U$14,COLUMNS($C$9:O$14),0)="","",ROUND(G$4*$E42*VLOOKUP($C42,$C$9:$U$14,COLUMNS($C$9:O$14),0)*O$16,0)&"～"&ROUND(G$4*$E42*VLOOKUP($C42,$C$9:$U$14,COLUMNS($C$9:O$14),0)*O$17,0)) -> 1～2 | J42: =IF(VLOOKUP($C42,$C$9:$U$14,COLUMNS($C$9:P$14),0)="","",ROUND(H$4*$E42*VLOOKUP($C42,$C$9:$U$14,COLUMNS($C$9:P$14),0)*P$16,0)&"～"&ROUND(H$4*$E42*VLOOKUP($C42,$C$9:$U$14,COLUMNS($C$9:P$14),0)*P$17,0)) | K42: =IF(VLOOKUP($C42,$C$9:$U$14,COLUMNS($C$9:Q$14),0)="","",ROUND(I$4*$E42*VLOOKUP($C42,$C$9:$U$14,COLUMNS($C$9:Q$14),0)*Q$16,0)&"～"&ROUND(I$4*$E42*VLOOKUP($C42,$C$9:$U$14,COLUMNS($C$9:Q$14),0)*Q$17,0)) | L42: =IF(VLOOKUP($C42,$C$9:$U$14,COLUMNS($C$9:R$14),0)="","",ROUND(J$4*$E42*VLOOKUP($C42,$C$9:$U$14,COLUMNS($C$9:R$14),0)*R$16,0)&"～"&ROUND(J$4*$E42*VLOOKUP($C42,$C$9:$U$14,COLUMNS($C$9:R$14),0)*R$17,0)) | M42: =IF(VLOOKUP($C42,$C$9:$U$14,COLUMNS($C$9:S$14),0)="","",ROUND(K$4*$E42*VLOOKUP($C42,$C$9:$U$14,COLUMNS($C$9:S$14),0)*S$16,0)&"～"&ROUND(K$4*$E42*VLOOKUP($C42,$C$9:$U$14,COLUMNS($C$9:S$14),0)*S$17,0)) | ... O42: =IF(VLOOKUP($C42,$C$9:$U$14,COLUMNS($C$9:U$14),0)="","",ROUND(M$4*$E42*VLOOKUP($C42,$C$9:$U$14,COLUMNS($C$9:U$14),0)*U$16,0)&"～"&ROUND(M$4*$E42*VLOOKUP($C42,$C$9:$U$14,COLUMNS($C$9:U$14),0)*U$17,0)) | P42: =IF(VLOOKUP($C42,$C$9:$U$14,COLUMNS($C$9:L$14),0)="","",ROUND(D$4*$E42*VLOOKUP($C42,$C$9:$U$14,COLUMNS($C$9:L$14),0)*L$18,0)&"～"&ROUND(D$4*$E42*VLOOKUP($C42,$C$9:$U$14,COLUMNS($C$9:L$14),0)*L$19,0)) -> 5～7 | Q42: =IF(VLOOKUP($C42,$C$9:$U$14,COLUMNS($C$9:M$14),0)="","",ROUND(E$4*$E42*VLOOKUP($C42,$C$9:$U$14,COLUMNS($C$9:M$14),0)*M$18,0)&"～"&ROUND(E$4*$E42*VLOOKUP($C42,$C$9:$U$14,COLUMNS($C$9:M$14),0)*M$19,0)) | R42: =IF(VLOOKUP($C42,$C$9:$U$14,COLUMNS($C$9:N$14),0)="","",ROUND(F$4*$E42*VLOOKUP($C42,$C$9:$U$14,COLUMNS($C$9:N$14),0)*N$18,0)&"～"&ROUND(F$4*$E42*VLOOKUP($C42,$C$9:$U$14,COLUMNS($C$9:N$14),0)*N$19,0)) | S42: =IF(VLOOKUP($C42,$C$9:$U$14,COLUMNS($C$9:O$14),0)="","",ROUND(G$4*$E42*VLOOKUP($C42,$C$9:$U$14,COLUMNS($C$9:O$14),0)*O$18,0)&"～"&ROUND(G$4*$E42*VLOOKUP($C42,$C$9:$U$14,COLUMNS($C$9:O$14),0)*O$19,0)) -> 2～2 | T42: =IF(VLOOKUP($C42,$C$9:$U$14,COLUMNS($C$9:P$14),0)="","",ROUND(H$4*$E42*VLOOKUP($C42,$C$9:$U$14,COLUMNS($C$9:P$14),0)*P$18,0)&"～"&ROUND(H$4*$E42*VLOOKUP($C42,$C$9:$U$14,COLUMNS($C$9:P$14),0)*P$19,0)) | U42: =IF(VLOOKUP($C42,$C$9:$U$14,COLUMNS($C$9:Q$14),0)="","",ROUND(I$4*$E42*VLOOKUP($C42,$C$9:$U$14,COLUMNS($C$9:Q$14),0)*Q$18,0)&"～"&ROUND(I$4*$E42*VLOOKUP($C42,$C$9:$U$14,COLUMNS($C$9:Q$14),0)*Q$19,0)) | V42: =IF(VLOOKUP($C42,$C$9:$U$14,COLUMNS($C$9:R$14),0)="","",ROUND(J$4*$E42*VLOOKUP($C42,$C$9:$U$14,COLUMNS($C$9:R$14),0)*R$18,0)&"～"&ROUND(J$4*$E42*VLOOKUP($C42,$C$9:$U$14,COLUMNS($C$9:R$14),0)*R$19,0)) | W42: =IF(VLOOKUP($C42,$C$9:$U$14,COLUMNS($C$9:S$14),0)="","",ROUND(K$4*$E42*VLOOKUP($C42,$C$9:$U$14,COLUMNS($C$9:S$14),0)*S$18,0)&"～"&ROUND(K$4*$E42*VLOOKUP($C42,$C$9:$U$14,COLUMNS($C$9:S$14),0)*S$19,0)) | X42: =IF(VLOOKUP($C42,$C$9:$U$14,COLUMNS($C$9:T$14),0)="","",ROUND(L$4*$E42*VLOOKUP($C42,$C$9:$U$14,COLUMNS($C$9:T$14),0)*T$18,0)&"～"&ROUND(L$4*$E42*VLOOKUP($C42,$C$9:$U$14,COLUMNS($C$9:T$14),0)*T$19,0)) | Z42: =ROUND(VLOOKUP($C42,$C$9:$W$14,21,0)*E42,0) -> 6 | AA42: =ROUND(Z42*0.9,0) -> 5 | AB42: =IF(C42>2,0,ROUND(属性价值和能力评分!$F$38*一级属性!$H$17*装备属性!E42,0)) -> 5 | AC42: =ROUND($W$9*0.15*E42,0) -> 1 | AD42: =ROUND($W$9*0.3*E42,0) -> 3
B43: 9 | C43: 3 | D43: 9 | E43: 1 | F43: =IF(VLOOKUP($C43,$C$9:$U$14,COLUMNS($C$9:L$14),0)="","",ROUND(D$4*$E43*VLOOKUP($C43,$C$9:$U$14,COLUMNS($C$9:L$14),0)*L$16,0)&"～"&ROUND(D$4*$E43*VLOOKUP($C43,$C$9:$U$14,COLUMNS($C$9:L$14),0)*L$17,0)) | G43: =IF(VLOOKUP($C43,$C$9:$U$14,COLUMNS($C$9:M$14),0)="","",ROUND(E$4*$E43*VLOOKUP($C43,$C$9:$U$14,COLUMNS($C$9:M$14),0)*M$16,0)&"～"&ROUND(E$4*$E43*VLOOKUP($C43,$C$9:$U$14,COLUMNS($C$9:M$14),0)*M$17,0)) -> 6～7 | H43: =IF(VLOOKUP($C43,$C$9:$U$14,COLUMNS($C$9:N$14),0)="","",ROUND(F$4*$E43*VLOOKUP($C43,$C$9:$U$14,COLUMNS($C$9:N$14),0)*N$16,0)&"～"&ROUND(F$4*$E43*VLOOKUP($C43,$C$9:$U$14,COLUMNS($C$9:N$14),0)*N$17,0)) | I43: =IF(VLOOKUP($C43,$C$9:$U$14,COLUMNS($C$9:O$14),0)="","",ROUND(G$4*$E43*VLOOKUP($C43,$C$9:$U$14,COLUMNS($C$9:O$14),0)*O$16,0)&"～"&ROUND(G$4*$E43*VLOOKUP($C43,$C$9:$U$14,COLUMNS($C$9:O$14),0)*O$17,0)) -> 1～1 | J43: =IF(VLOOKUP($C43,$C$9:$U$14,COLUMNS($C$9:P$14),0)="","",ROUND(H$4*$E43*VLOOKUP($C43,$C$9:$U$14,COLUMNS($C$9:P$14),0)*P$16,0)&"～"&ROUND(H$4*$E43*VLOOKUP($C43,$C$9:$U$14,COLUMNS($C$9:P$14),0)*P$17,0)) | K43: =IF(VLOOKUP($C43,$C$9:$U$14,COLUMNS($C$9:Q$14),0)="","",ROUND(I$4*$E43*VLOOKUP($C43,$C$9:$U$14,COLUMNS($C$9:Q$14),0)*Q$16,0)&"～"&ROUND(I$4*$E43*VLOOKUP($C43,$C$9:$U$14,COLUMNS($C$9:Q$14),0)*Q$17,0)) | L43: =IF(VLOOKUP($C43,$C$9:$U$14,COLUMNS($C$9:R$14),0)="","",ROUND(J$4*$E43*VLOOKUP($C43,$C$9:$U$14,COLUMNS($C$9:R$14),0)*R$16,0)&"～"&ROUND(J$4*$E43*VLOOKUP($C43,$C$9:$U$14,COLUMNS($C$9:R$14),0)*R$17,0)) | M43: =IF(VLOOKUP($C43,$C$9:$U$14,COLUMNS($C$9:S$14),0)="","",ROUND(K$4*$E43*VLOOKUP($C43,$C$9:$U$14,COLUMNS($C$9:S$14),0)*S$16,0)&"～"&ROUND(K$4*$E43*VLOOKUP($C43,$C$9:$U$14,COLUMNS($C$9:S$14),0)*S$17,0)) | ... O43: =IF(VLOOKUP($C43,$C$9:$U$14,COLUMNS($C$9:U$14),0)="","",ROUND(M$4*$E43*VLOOKUP($C43,$C$9:$U$14,COLUMNS($C$9:U$14),0)*U$16,0)&"～"&ROUND(M$4*$E43*VLOOKUP($C43,$C$9:$U$14,COLUMNS($C$9:U$14),0)*U$17,0)) | P43: =IF(VLOOKUP($C43,$C$9:$U$14,COLUMNS($C$9:L$14),0)="","",ROUND(D$4*$E43*VLOOKUP($C43,$C$9:$U$14,COLUMNS($C$9:L$14),0)*L$18,0)&"～"&ROUND(D$4*$E43*VLOOKUP($C43,$C$9:$U$14,COLUMNS($C$9:L$14),0)*L$19,0)) | Q43: =IF(VLOOKUP($C43,$C$9:$U$14,COLUMNS($C$9:M$14),0)="","",ROUND(E$4*$E43*VLOOKUP($C43,$C$9:$U$14,COLUMNS($C$9:M$14),0)*M$18,0)&"～"&ROUND(E$4*$E43*VLOOKUP($C43,$C$9:$U$14,COLUMNS($C$9:M$14),0)*M$19,0)) -> 6～8 | R43: =IF(VLOOKUP($C43,$C$9:$U$14,COLUMNS($C$9:N$14),0)="","",ROUND(F$4*$E43*VLOOKUP($C43,$C$9:$U$14,COLUMNS($C$9:N$14),0)*N$18,0)&"～"&ROUND(F$4*$E43*VLOOKUP($C43,$C$9:$U$14,COLUMNS($C$9:N$14),0)*N$19,0)) | S43: =IF(VLOOKUP($C43,$C$9:$U$14,COLUMNS($C$9:O$14),0)="","",ROUND(G$4*$E43*VLOOKUP($C43,$C$9:$U$14,COLUMNS($C$9:O$14),0)*O$18,0)&"～"&ROUND(G$4*$E43*VLOOKUP($C43,$C$9:$U$14,COLUMNS($C$9:O$14),0)*O$19,0)) -> 1～1 | T43: =IF(VLOOKUP($C43,$C$9:$U$14,COLUMNS($C$9:P$14),0)="","",ROUND(H$4*$E43*VLOOKUP($C43,$C$9:$U$14,COLUMNS($C$9:P$14),0)*P$18,0)&"～"&ROUND(H$4*$E43*VLOOKUP($C43,$C$9:$U$14,COLUMNS($C$9:P$14),0)*P$19,0)) | U43: =IF(VLOOKUP($C43,$C$9:$U$14,COLUMNS($C$9:Q$14),0)="","",ROUND(I$4*$E43*VLOOKUP($C43,$C$9:$U$14,COLUMNS($C$9:Q$14),0)*Q$18,0)&"～"&ROUND(I$4*$E43*VLOOKUP($C43,$C$9:$U$14,COLUMNS($C$9:Q$14),0)*Q$19,0)) | V43: =IF(VLOOKUP($C43,$C$9:$U$14,COLUMNS($C$9:R$14),0)="","",ROUND(J$4*$E43*VLOOKUP($C43,$C$9:$U$14,COLUMNS($C$9:R$14),0)*R$18,0)&"～"&ROUND(J$4*$E43*VLOOKUP($C43,$C$9:$U$14,COLUMNS($C$9:R$14),0)*R$19,0)) | W43: =IF(VLOOKUP($C43,$C$9:$U$14,COLUMNS($C$9:S$14),0)="","",ROUND(K$4*$E43*VLOOKUP($C43,$C$9:$U$14,COLUMNS($C$9:S$14),0)*S$18,0)&"～"&ROUND(K$4*$E43*VLOOKUP($C43,$C$9:$U$14,COLUMNS($C$9:S$14),0)*S$19,0)) | X43: =IF(VLOOKUP($C43,$C$9:$U$14,COLUMNS($C$9:T$14),0)="","",ROUND(L$4*$E43*VLOOKUP($C43,$C$9:$U$14,COLUMNS($C$9:T$14),0)*T$18,0)&"～"&ROUND(L$4*$E43*VLOOKUP($C43,$C$9:$U$14,COLUMNS($C$9:T$14),0)*T$19,0)) | Z43: =ROUND(VLOOKUP($C43,$C$9:$W$14,21,0)*E43,0) -> 6 | AA43: =ROUND(Z43*0.9,0) -> 5 | AB43: =IF(C43>2,0,ROUND(属性价值和能力评分!$F$38*一级属性!$H$17*装备属性!E43,0)) -> 0 | AC43: =ROUND($W$9*0.15*E43,0) -> 1 | AD43: =ROUND($W$9*0.3*E43,0) -> 3
B44: 10 | C44: 3 | D44: 10 | E44: 1 | F44: =IF(VLOOKUP($C44,$C$9:$U$14,COLUMNS($C$9:L$14),0)="","",ROUND(D$4*$E44*VLOOKUP($C44,$C$9:$U$14,COLUMNS($C$9:L$14),0)*L$16,0)&"～"&ROUND(D$4*$E44*VLOOKUP($C44,$C$9:$U$14,COLUMNS($C$9:L$14),0)*L$17,0)) | G44: =IF(VLOOKUP($C44,$C$9:$U$14,COLUMNS($C$9:M$14),0)="","",ROUND(E$4*$E44*VLOOKUP($C44,$C$9:$U$14,COLUMNS($C$9:M$14),0)*M$16,0)&"～"&ROUND(E$4*$E44*VLOOKUP($C44,$C$9:$U$14,COLUMNS($C$9:M$14),0)*M$17,0)) -> 6～7 | H44: =IF(VLOOKUP($C44,$C$9:$U$14,COLUMNS($C$9:N$14),0)="","",ROUND(F$4*$E44*VLOOKUP($C44,$C$9:$U$14,COLUMNS($C$9:N$14),0)*N$16,0)&"～"&ROUND(F$4*$E44*VLOOKUP($C44,$C$9:$U$14,COLUMNS($C$9:N$14),0)*N$17,0)) | I44: =IF(VLOOKUP($C44,$C$9:$U$14,COLUMNS($C$9:O$14),0)="","",ROUND(G$4*$E44*VLOOKUP($C44,$C$9:$U$14,COLUMNS($C$9:O$14),0)*O$16,0)&"～"&ROUND(G$4*$E44*VLOOKUP($C44,$C$9:$U$14,COLUMNS($C$9:O$14),0)*O$17,0)) -> 1～1 | J44: =IF(VLOOKUP($C44,$C$9:$U$14,COLUMNS($C$9:P$14),0)="","",ROUND(H$4*$E44*VLOOKUP($C44,$C$9:$U$14,COLUMNS($C$9:P$14),0)*P$16,0)&"～"&ROUND(H$4*$E44*VLOOKUP($C44,$C$9:$U$14,COLUMNS($C$9:P$14),0)*P$17,0)) | K44: =IF(VLOOKUP($C44,$C$9:$U$14,COLUMNS($C$9:Q$14),0)="","",ROUND(I$4*$E44*VLOOKUP($C44,$C$9:$U$14,COLUMNS($C$9:Q$14),0)*Q$16,0)&"～"&ROUND(I$4*$E44*VLOOKUP($C44,$C$9:$U$14,COLUMNS($C$9:Q$14),0)*Q$17,0)) | L44: =IF(VLOOKUP($C44,$C$9:$U$14,COLUMNS($C$9:R$14),0)="","",ROUND(J$4*$E44*VLOOKUP($C44,$C$9:$U$14,COLUMNS($C$9:R$14),0)*R$16,0)&"～"&ROUND(J$4*$E44*VLOOKUP($C44,$C$9:$U$14,COLUMNS($C$9:R$14),0)*R$17,0)) | M44: =IF(VLOOKUP($C44,$C$9:$U$14,COLUMNS($C$9:S$14),0)="","",ROUND(K$4*$E44*VLOOKUP($C44,$C$9:$U$14,COLUMNS($C$9:S$14),0)*S$16,0)&"～"&ROUND(K$4*$E44*VLOOKUP($C44,$C$9:$U$14,COLUMNS($C$9:S$14),0)*S$17,0)) | ... O44: =IF(VLOOKUP($C44,$C$9:$U$14,COLUMNS($C$9:U$14),0)="","",ROUND(M$4*$E44*VLOOKUP($C44,$C$9:$U$14,COLUMNS($C$9:U$14),0)*U$16,0)&"～"&ROUND(M$4*$E44*VLOOKUP($C44,$C$9:$U$14,COLUMNS($C$9:U$14),0)*U$17,0)) | P44: =IF(VLOOKUP($C44,$C$9:$U$14,COLUMNS($C$9:L$14),0)="","",ROUND(D$4*$E44*VLOOKUP($C44,$C$9:$U$14,COLUMNS($C$9:L$14),0)*L$18,0)&"～"&ROUND(D$4*$E44*VLOOKUP($C44,$C$9:$U$14,COLUMNS($C$9:L$14),0)*L$19,0)) | Q44: =IF(VLOOKUP($C44,$C$9:$U$14,COLUMNS($C$9:M$14),0)="","",ROUND(E$4*$E44*VLOOKUP($C44,$C$9:$U$14,COLUMNS($C$9:M$14),0)*M$18,0)&"～"&ROUND(E$4*$E44*VLOOKUP($C44,$C$9:$U$14,COLUMNS($C$9:M$14),0)*M$19,0)) -> 6～8 | R44: =IF(VLOOKUP($C44,$C$9:$U$14,COLUMNS($C$9:N$14),0)="","",ROUND(F$4*$E44*VLOOKUP($C44,$C$9:$U$14,COLUMNS($C$9:N$14),0)*N$18,0)&"～"&ROUND(F$4*$E44*VLOOKUP($C44,$C$9:$U$14,COLUMNS($C$9:N$14),0)*N$19,0)) | S44: =IF(VLOOKUP($C44,$C$9:$U$14,COLUMNS($C$9:O$14),0)="","",ROUND(G$4*$E44*VLOOKUP($C44,$C$9:$U$14,COLUMNS($C$9:O$14),0)*O$18,0)&"～"&ROUND(G$4*$E44*VLOOKUP($C44,$C$9:$U$14,COLUMNS($C$9:O$14),0)*O$19,0)) -> 1～1 | T44: =IF(VLOOKUP($C44,$C$9:$U$14,COLUMNS($C$9:P$14),0)="","",ROUND(H$4*$E44*VLOOKUP($C44,$C$9:$U$14,COLUMNS($C$9:P$14),0)*P$18,0)&"～"&ROUND(H$4*$E44*VLOOKUP($C44,$C$9:$U$14,COLUMNS($C$9:P$14),0)*P$19,0)) | U44: =IF(VLOOKUP($C44,$C$9:$U$14,COLUMNS($C$9:Q$14),0)="","",ROUND(I$4*$E44*VLOOKUP($C44,$C$9:$U$14,COLUMNS($C$9:Q$14),0)*Q$18,0)&"～"&ROUND(I$4*$E44*VLOOKUP($C44,$C$9:$U$14,COLUMNS($C$9:Q$14),0)*Q$19,0)) | V44: =IF(VLOOKUP($C44,$C$9:$U$14,COLUMNS($C$9:R$14),0)="","",ROUND(J$4*$E44*VLOOKUP($C44,$C$9:$U$14,COLUMNS($C$9:R$14),0)*R$18,0)&"～"&ROUND(J$4*$E44*VLOOKUP($C44,$C$9:$U$14,COLUMNS($C$9:R$14),0)*R$19,0)) | W44: =IF(VLOOKUP($C44,$C$9:$U$14,COLUMNS($C$9:S$14),0)="","",ROUND(K$4*$E44*VLOOKUP($C44,$C$9:$U$14,COLUMNS($C$9:S$14),0)*S$18,0)&"～"&ROUND(K$4*$E44*VLOOKUP($C44,$C$9:$U$14,COLUMNS($C$9:S$14),0)*S$19,0)) | X44: =IF(VLOOKUP($C44,$C$9:$U$14,COLUMNS($C$9:T$14),0)="","",ROUND(L$4*$E44*VLOOKUP($C44,$C$9:$U$14,COLUMNS($C$9:T$14),0)*T$18,0)&"～"&ROUND(L$4*$E44*VLOOKUP($C44,$C$9:$U$14,COLUMNS($C$9:T$14),0)*T$19,0)) | Z44: =ROUND(VLOOKUP($C44,$C$9:$W$14,21,0)*E44,0) -> 6 | AA44: =ROUND(Z44*0.9,0) -> 5 | AB44: =IF(C44>2,0,ROUND(属性价值和能力评分!$F$38*一级属性!$H$17*装备属性!E44,0)) -> 0 | AC44: =ROUND($W$9*0.15*E44,0) -> 1 | AD44: =ROUND($W$9*0.3*E44,0) -> 3
B45: 11 | C45: 4 | D45: 11 | E45: 1 | F45: =IF(VLOOKUP($C45,$C$9:$U$14,COLUMNS($C$9:L$14),0)="","",ROUND(D$4*$E45*VLOOKUP($C45,$C$9:$U$14,COLUMNS($C$9:L$14),0)*L$16,0)&"～"&ROUND(D$4*$E45*VLOOKUP($C45,$C$9:$U$14,COLUMNS($C$9:L$14),0)*L$17,0)) | G45: =IF(VLOOKUP($C45,$C$9:$U$14,COLUMNS($C$9:M$14),0)="","",ROUND(E$4*$E45*VLOOKUP($C45,$C$9:$U$14,COLUMNS($C$9:M$14),0)*M$16,0)&"～"&ROUND(E$4*$E45*VLOOKUP($C45,$C$9:$U$14,COLUMNS($C$9:M$14),0)*M$17,0)) | H45: =IF(VLOOKUP($C45,$C$9:$U$14,COLUMNS($C$9:N$14),0)="","",ROUND(F$4*$E45*VLOOKUP($C45,$C$9:$U$14,COLUMNS($C$9:N$14),0)*N$16,0)&"～"&ROUND(F$4*$E45*VLOOKUP($C45,$C$9:$U$14,COLUMNS($C$9:N$14),0)*N$17,0)) | I45: =IF(VLOOKUP($C45,$C$9:$U$14,COLUMNS($C$9:O$14),0)="","",ROUND(G$4*$E45*VLOOKUP($C45,$C$9:$U$14,COLUMNS($C$9:O$14),0)*O$16,0)&"～"&ROUND(G$4*$E45*VLOOKUP($C45,$C$9:$U$14,COLUMNS($C$9:O$14),0)*O$17,0)) | J45: =IF(VLOOKUP($C45,$C$9:$U$14,COLUMNS($C$9:P$14),0)="","",ROUND(H$4*$E45*VLOOKUP($C45,$C$9:$U$14,COLUMNS($C$9:P$14),0)*P$16,0)&"～"&ROUND(H$4*$E45*VLOOKUP($C45,$C$9:$U$14,COLUMNS($C$9:P$14),0)*P$17,0)) -> 2～2 | K45: =IF(VLOOKUP($C45,$C$9:$U$14,COLUMNS($C$9:Q$14),0)="","",ROUND(I$4*$E45*VLOOKUP($C45,$C$9:$U$14,COLUMNS($C$9:Q$14),0)*Q$16,0)&"～"&ROUND(I$4*$E45*VLOOKUP($C45,$C$9:$U$14,COLUMNS($C$9:Q$14),0)*Q$17,0)) -> 1～1 | L45: =IF(VLOOKUP($C45,$C$9:$U$14,COLUMNS($C$9:R$14),0)="","",ROUND(J$4*$E45*VLOOKUP($C45,$C$9:$U$14,COLUMNS($C$9:R$14),0)*R$16,0)&"～"&ROUND(J$4*$E45*VLOOKUP($C45,$C$9:$U$14,COLUMNS($C$9:R$14),0)*R$17,0)) | M45: =IF(VLOOKUP($C45,$C$9:$U$14,COLUMNS($C$9:S$14),0)="","",ROUND(K$4*$E45*VLOOKUP($C45,$C$9:$U$14,COLUMNS($C$9:S$14),0)*S$16,0)&"～"&ROUND(K$4*$E45*VLOOKUP($C45,$C$9:$U$14,COLUMNS($C$9:S$14),0)*S$17,0)) | ... O45: =IF(VLOOKUP($C45,$C$9:$U$14,COLUMNS($C$9:U$14),0)="","",ROUND(M$4*$E45*VLOOKUP($C45,$C$9:$U$14,COLUMNS($C$9:U$14),0)*U$16,0)&"～"&ROUND(M$4*$E45*VLOOKUP($C45,$C$9:$U$14,COLUMNS($C$9:U$14),0)*U$17,0)) | P45: =IF(VLOOKUP($C45,$C$9:$U$14,COLUMNS($C$9:L$14),0)="","",ROUND(D$4*$E45*VLOOKUP($C45,$C$9:$U$14,COLUMNS($C$9:L$14),0)*L$18,0)&"～"&ROUND(D$4*$E45*VLOOKUP($C45,$C$9:$U$14,COLUMNS($C$9:L$14),0)*L$19,0)) | Q45: =IF(VLOOKUP($C45,$C$9:$U$14,COLUMNS($C$9:M$14),0)="","",ROUND(E$4*$E45*VLOOKUP($C45,$C$9:$U$14,COLUMNS($C$9:M$14),0)*M$18,0)&"～"&ROUND(E$4*$E45*VLOOKUP($C45,$C$9:$U$14,COLUMNS($C$9:M$14),0)*M$19,0)) | R45: =IF(VLOOKUP($C45,$C$9:$U$14,COLUMNS($C$9:N$14),0)="","",ROUND(F$4*$E45*VLOOKUP($C45,$C$9:$U$14,COLUMNS($C$9:N$14),0)*N$18,0)&"～"&ROUND(F$4*$E45*VLOOKUP($C45,$C$9:$U$14,COLUMNS($C$9:N$14),0)*N$19,0)) | S45: =IF(VLOOKUP($C45,$C$9:$U$14,COLUMNS($C$9:O$14),0)="","",ROUND(G$4*$E45*VLOOKUP($C45,$C$9:$U$14,COLUMNS($C$9:O$14),0)*O$18,0)&"～"&ROUND(G$4*$E45*VLOOKUP($C45,$C$9:$U$14,COLUMNS($C$9:O$14),0)*O$19,0)) | T45: =IF(VLOOKUP($C45,$C$9:$U$14,COLUMNS($C$9:P$14),0)="","",ROUND(H$4*$E45*VLOOKUP($C45,$C$9:$U$14,COLUMNS($C$9:P$14),0)*P$18,0)&"～"&ROUND(H$4*$E45*VLOOKUP($C45,$C$9:$U$14,COLUMNS($C$9:P$14),0)*P$19,0)) -> 2～2 | U45: =IF(VLOOKUP($C45,$C$9:$U$14,COLUMNS($C$9:Q$14),0)="","",ROUND(I$4*$E45*VLOOKUP($C45,$C$9:$U$14,COLUMNS($C$9:Q$14),0)*Q$18,0)&"～"&ROUND(I$4*$E45*VLOOKUP($C45,$C$9:$U$14,COLUMNS($C$9:Q$14),0)*Q$19,0)) -> 1～1 | V45: =IF(VLOOKUP($C45,$C$9:$U$14,COLUMNS($C$9:R$14),0)="","",ROUND(J$4*$E45*VLOOKUP($C45,$C$9:$U$14,COLUMNS($C$9:R$14),0)*R$18,0)&"～"&ROUND(J$4*$E45*VLOOKUP($C45,$C$9:$U$14,COLUMNS($C$9:R$14),0)*R$19,0)) | W45: =IF(VLOOKUP($C45,$C$9:$U$14,COLUMNS($C$9:S$14),0)="","",ROUND(K$4*$E45*VLOOKUP($C45,$C$9:$U$14,COLUMNS($C$9:S$14),0)*S$18,0)&"～"&ROUND(K$4*$E45*VLOOKUP($C45,$C$9:$U$14,COLUMNS($C$9:S$14),0)*S$19,0)) | X45: =IF(VLOOKUP($C45,$C$9:$U$14,COLUMNS($C$9:T$14),0)="","",ROUND(L$4*$E45*VLOOKUP($C45,$C$9:$U$14,COLUMNS($C$9:T$14),0)*T$18,0)&"～"&ROUND(L$4*$E45*VLOOKUP($C45,$C$9:$U$14,COLUMNS($C$9:T$14),0)*T$19,0)) | Z45: =ROUND(VLOOKUP($C45,$C$9:$W$14,21,0)*E45,0) -> 5 | AA45: =ROUND(Z45*0.9,0) -> 5 | AB45: =IF(C45>2,0,ROUND(属性价值和能力评分!$F$38*一级属性!$H$17*装备属性!E45,0)) -> 0 | AC45: =ROUND($W$9*0.15*E45,0) -> 1 | AD45: =ROUND($W$9*0.3*E45,0) -> 3
B46: 12 | C46: 5 | D46: 12 | E46: 1 | F46: =IF(VLOOKUP($C46,$C$9:$U$14,COLUMNS($C$9:L$14),0)="","",ROUND(D$4*$E46*VLOOKUP($C46,$C$9:$U$14,COLUMNS($C$9:L$14),0)*L$16,0)&"～"&ROUND(D$4*$E46*VLOOKUP($C46,$C$9:$U$14,COLUMNS($C$9:L$14),0)*L$17,0)) -> 7～9 | G46: =IF(VLOOKUP($C46,$C$9:$U$14,COLUMNS($C$9:M$14),0)="","",ROUND(E$4*$E46*VLOOKUP($C46,$C$9:$U$14,COLUMNS($C$9:M$14),0)*M$16,0)&"～"&ROUND(E$4*$E46*VLOOKUP($C46,$C$9:$U$14,COLUMNS($C$9:M$14),0)*M$17,0)) | H46: =IF(VLOOKUP($C46,$C$9:$U$14,COLUMNS($C$9:N$14),0)="","",ROUND(F$4*$E46*VLOOKUP($C46,$C$9:$U$14,COLUMNS($C$9:N$14),0)*N$16,0)&"～"&ROUND(F$4*$E46*VLOOKUP($C46,$C$9:$U$14,COLUMNS($C$9:N$14),0)*N$17,0)) | I46: =IF(VLOOKUP($C46,$C$9:$U$14,COLUMNS($C$9:O$14),0)="","",ROUND(G$4*$E46*VLOOKUP($C46,$C$9:$U$14,COLUMNS($C$9:O$14),0)*O$16,0)&"～"&ROUND(G$4*$E46*VLOOKUP($C46,$C$9:$U$14,COLUMNS($C$9:O$14),0)*O$17,0)) -> 1～1 | J46: =IF(VLOOKUP($C46,$C$9:$U$14,COLUMNS($C$9:P$14),0)="","",ROUND(H$4*$E46*VLOOKUP($C46,$C$9:$U$14,COLUMNS($C$9:P$14),0)*P$16,0)&"～"&ROUND(H$4*$E46*VLOOKUP($C46,$C$9:$U$14,COLUMNS($C$9:P$14),0)*P$17,0)) | K46: =IF(VLOOKUP($C46,$C$9:$U$14,COLUMNS($C$9:Q$14),0)="","",ROUND(I$4*$E46*VLOOKUP($C46,$C$9:$U$14,COLUMNS($C$9:Q$14),0)*Q$16,0)&"～"&ROUND(I$4*$E46*VLOOKUP($C46,$C$9:$U$14,COLUMNS($C$9:Q$14),0)*Q$17,0)) | L46: =IF(VLOOKUP($C46,$C$9:$U$14,COLUMNS($C$9:R$14),0)="","",ROUND(J$4*$E46*VLOOKUP($C46,$C$9:$U$14,COLUMNS($C$9:R$14),0)*R$16,0)&"～"&ROUND(J$4*$E46*VLOOKUP($C46,$C$9:$U$14,COLUMNS($C$9:R$14),0)*R$17,0)) | M46: =IF(VLOOKUP($C46,$C$9:$U$14,COLUMNS($C$9:S$14),0)="","",ROUND(K$4*$E46*VLOOKUP($C46,$C$9:$U$14,COLUMNS($C$9:S$14),0)*S$16,0)&"～"&ROUND(K$4*$E46*VLOOKUP($C46,$C$9:$U$14,COLUMNS($C$9:S$14),0)*S$17,0)) | ... O46: =IF(VLOOKUP($C46,$C$9:$U$14,COLUMNS($C$9:U$14),0)="","",ROUND(M$4*$E46*VLOOKUP($C46,$C$9:$U$14,COLUMNS($C$9:U$14),0)*U$16,0)&"～"&ROUND(M$4*$E46*VLOOKUP($C46,$C$9:$U$14,COLUMNS($C$9:U$14),0)*U$17,0)) | P46: =IF(VLOOKUP($C46,$C$9:$U$14,COLUMNS($C$9:L$14),0)="","",ROUND(D$4*$E46*VLOOKUP($C46,$C$9:$U$14,COLUMNS($C$9:L$14),0)*L$18,0)&"～"&ROUND(D$4*$E46*VLOOKUP($C46,$C$9:$U$14,COLUMNS($C$9:L$14),0)*L$19,0)) -> 8～10 | Q46: =IF(VLOOKUP($C46,$C$9:$U$14,COLUMNS($C$9:M$14),0)="","",ROUND(E$4*$E46*VLOOKUP($C46,$C$9:$U$14,COLUMNS($C$9:M$14),0)*M$18,0)&"～"&ROUND(E$4*$E46*VLOOKUP($C46,$C$9:$U$14,COLUMNS($C$9:M$14),0)*M$19,0)) | R46: =IF(VLOOKUP($C46,$C$9:$U$14,COLUMNS($C$9:N$14),0)="","",ROUND(F$4*$E46*VLOOKUP($C46,$C$9:$U$14,COLUMNS($C$9:N$14),0)*N$18,0)&"～"&ROUND(F$4*$E46*VLOOKUP($C46,$C$9:$U$14,COLUMNS($C$9:N$14),0)*N$19,0)) | S46: =IF(VLOOKUP($C46,$C$9:$U$14,COLUMNS($C$9:O$14),0)="","",ROUND(G$4*$E46*VLOOKUP($C46,$C$9:$U$14,COLUMNS($C$9:O$14),0)*O$18,0)&"～"&ROUND(G$4*$E46*VLOOKUP($C46,$C$9:$U$14,COLUMNS($C$9:O$14),0)*O$19,0)) -> 1～1 | T46: =IF(VLOOKUP($C46,$C$9:$U$14,COLUMNS($C$9:P$14),0)="","",ROUND(H$4*$E46*VLOOKUP($C46,$C$9:$U$14,COLUMNS($C$9:P$14),0)*P$18,0)&"～"&ROUND(H$4*$E46*VLOOKUP($C46,$C$9:$U$14,COLUMNS($C$9:P$14),0)*P$19,0)) | U46: =IF(VLOOKUP($C46,$C$9:$U$14,COLUMNS($C$9:Q$14),0)="","",ROUND(I$4*$E46*VLOOKUP($C46,$C$9:$U$14,COLUMNS($C$9:Q$14),0)*Q$18,0)&"～"&ROUND(I$4*$E46*VLOOKUP($C46,$C$9:$U$14,COLUMNS($C$9:Q$14),0)*Q$19,0)) | V46: =IF(VLOOKUP($C46,$C$9:$U$14,COLUMNS($C$9:R$14),0)="","",ROUND(J$4*$E46*VLOOKUP($C46,$C$9:$U$14,COLUMNS($C$9:R$14),0)*R$18,0)&"～"&ROUND(J$4*$E46*VLOOKUP($C46,$C$9:$U$14,COLUMNS($C$9:R$14),0)*R$19,0)) | W46: =IF(VLOOKUP($C46,$C$9:$U$14,COLUMNS($C$9:S$14),0)="","",ROUND(K$4*$E46*VLOOKUP($C46,$C$9:$U$14,COLUMNS($C$9:S$14),0)*S$18,0)&"～"&ROUND(K$4*$E46*VLOOKUP($C46,$C$9:$U$14,COLUMNS($C$9:S$14),0)*S$19,0)) | X46: =IF(VLOOKUP($C46,$C$9:$U$14,COLUMNS($C$9:T$14),0)="","",ROUND(L$4*$E46*VLOOKUP($C46,$C$9:$U$14,COLUMNS($C$9:T$14),0)*T$18,0)&"～"&ROUND(L$4*$E46*VLOOKUP($C46,$C$9:$U$14,COLUMNS($C$9:T$14),0)*T$19,0)) | Z46: =ROUND(VLOOKUP($C46,$C$9:$W$14,21,0)*E46,0) -> 5 | AA46: =ROUND(Z46*0.9,0) -> 5 | AB46: =IF(C46>2,0,ROUND(属性价值和能力评分!$F$38*一级属性!$H$17*装备属性!E46,0)) -> 0 | AC46: =ROUND($W$9*0.15*E46,0) -> 1 | AD46: =ROUND($W$9*0.3*E46,0) -> 3
B47: 13 | C47: 6 | D47: 13 | E47: 1 | F47: =IF(VLOOKUP($C47,$C$9:$U$14,COLUMNS($C$9:L$14),0)="","",ROUND(D$4*$E47*VLOOKUP($C47,$C$9:$U$14,COLUMNS($C$9:L$14),0)*L$16,0)&"～"&ROUND(D$4*$E47*VLOOKUP($C47,$C$9:$U$14,COLUMNS($C$9:L$14),0)*L$17,0)) | G47: =IF(VLOOKUP($C47,$C$9:$U$14,COLUMNS($C$9:M$14),0)="","",ROUND(E$4*$E47*VLOOKUP($C47,$C$9:$U$14,COLUMNS($C$9:M$14),0)*M$16,0)&"～"&ROUND(E$4*$E47*VLOOKUP($C47,$C$9:$U$14,COLUMNS($C$9:M$14),0)*M$17,0)) | H47: =IF(VLOOKUP($C47,$C$9:$U$14,COLUMNS($C$9:N$14),0)="","",ROUND(F$4*$E47*VLOOKUP($C47,$C$9:$U$14,COLUMNS($C$9:N$14),0)*N$16,0)&"～"&ROUND(F$4*$E47*VLOOKUP($C47,$C$9:$U$14,COLUMNS($C$9:N$14),0)*N$17,0)) | I47: =IF(VLOOKUP($C47,$C$9:$U$14,COLUMNS($C$9:O$14),0)="","",ROUND(G$4*$E47*VLOOKUP($C47,$C$9:$U$14,COLUMNS($C$9:O$14),0)*O$16,0)&"～"&ROUND(G$4*$E47*VLOOKUP($C47,$C$9:$U$14,COLUMNS($C$9:O$14),0)*O$17,0)) | J47: =IF(VLOOKUP($C47,$C$9:$U$14,COLUMNS($C$9:P$14),0)="","",ROUND(H$4*$E47*VLOOKUP($C47,$C$9:$U$14,COLUMNS($C$9:P$14),0)*P$16,0)&"～"&ROUND(H$4*$E47*VLOOKUP($C47,$C$9:$U$14,COLUMNS($C$9:P$14),0)*P$17,0)) | K47: =IF(VLOOKUP($C47,$C$9:$U$14,COLUMNS($C$9:Q$14),0)="","",ROUND(I$4*$E47*VLOOKUP($C47,$C$9:$U$14,COLUMNS($C$9:Q$14),0)*Q$16,0)&"～"&ROUND(I$4*$E47*VLOOKUP($C47,$C$9:$U$14,COLUMNS($C$9:Q$14),0)*Q$17,0)) -> 1～1 | L47: =IF(VLOOKUP($C47,$C$9:$U$14,COLUMNS($C$9:R$14),0)="","",ROUND(J$4*$E47*VLOOKUP($C47,$C$9:$U$14,COLUMNS($C$9:R$14),0)*R$16,0)&"～"&ROUND(J$4*$E47*VLOOKUP($C47,$C$9:$U$14,COLUMNS($C$9:R$14),0)*R$17,0)) -> 1～1 | M47: =IF(VLOOKUP($C47,$C$9:$U$14,COLUMNS($C$9:S$14),0)="","",ROUND(K$4*$E47*VLOOKUP($C47,$C$9:$U$14,COLUMNS($C$9:S$14),0)*S$16,0)&"～"&ROUND(K$4*$E47*VLOOKUP($C47,$C$9:$U$14,COLUMNS($C$9:S$14),0)*S$17,0)) | ... O47: =IF(VLOOKUP($C47,$C$9:$U$14,COLUMNS($C$9:U$14),0)="","",ROUND(M$4*$E47*VLOOKUP($C47,$C$9:$U$14,COLUMNS($C$9:U$14),0)*U$16,0)&"～"&ROUND(M$4*$E47*VLOOKUP($C47,$C$9:$U$14,COLUMNS($C$9:U$14),0)*U$17,0)) | P47: =IF(VLOOKUP($C47,$C$9:$U$14,COLUMNS($C$9:L$14),0)="","",ROUND(D$4*$E47*VLOOKUP($C47,$C$9:$U$14,COLUMNS($C$9:L$14),0)*L$18,0)&"～"&ROUND(D$4*$E47*VLOOKUP($C47,$C$9:$U$14,COLUMNS($C$9:L$14),0)*L$19,0)) | Q47: =IF(VLOOKUP($C47,$C$9:$U$14,COLUMNS($C$9:M$14),0)="","",ROUND(E$4*$E47*VLOOKUP($C47,$C$9:$U$14,COLUMNS($C$9:M$14),0)*M$18,0)&"～"&ROUND(E$4*$E47*VLOOKUP($C47,$C$9:$U$14,COLUMNS($C$9:M$14),0)*M$19,0)) | R47: =IF(VLOOKUP($C47,$C$9:$U$14,COLUMNS($C$9:N$14),0)="","",ROUND(F$4*$E47*VLOOKUP($C47,$C$9:$U$14,COLUMNS($C$9:N$14),0)*N$18,0)&"～"&ROUND(F$4*$E47*VLOOKUP($C47,$C$9:$U$14,COLUMNS($C$9:N$14),0)*N$19,0)) | S47: =IF(VLOOKUP($C47,$C$9:$U$14,COLUMNS($C$9:O$14),0)="","",ROUND(G$4*$E47*VLOOKUP($C47,$C$9:$U$14,COLUMNS($C$9:O$14),0)*O$18,0)&"～"&ROUND(G$4*$E47*VLOOKUP($C47,$C$9:$U$14,COLUMNS($C$9:O$14),0)*O$19,0)) | T47: =IF(VLOOKUP($C47,$C$9:$U$14,COLUMNS($C$9:P$14),0)="","",ROUND(H$4*$E47*VLOOKUP($C47,$C$9:$U$14,COLUMNS($C$9:P$14),0)*P$18,0)&"～"&ROUND(H$4*$E47*VLOOKUP($C47,$C$9:$U$14,COLUMNS($C$9:P$14),0)*P$19,0)) | U47: =IF(VLOOKUP($C47,$C$9:$U$14,COLUMNS($C$9:Q$14),0)="","",ROUND(I$4*$E47*VLOOKUP($C47,$C$9:$U$14,COLUMNS($C$9:Q$14),0)*Q$18,0)&"～"&ROUND(I$4*$E47*VLOOKUP($C47,$C$9:$U$14,COLUMNS($C$9:Q$14),0)*Q$19,0)) -> 1～1 | V47: =IF(VLOOKUP($C47,$C$9:$U$14,COLUMNS($C$9:R$14),0)="","",ROUND(J$4*$E47*VLOOKUP($C47,$C$9:$U$14,COLUMNS($C$9:R$14),0)*R$18,0)&"～"&ROUND(J$4*$E47*VLOOKUP($C47,$C$9:$U$14,COLUMNS($C$9:R$14),0)*R$19,0)) -> 1～1 | W47: =IF(VLOOKUP($C47,$C$9:$U$14,COLUMNS($C$9:S$14),0)="","",ROUND(K$4*$E47*VLOOKUP($C47,$C$9:$U$14,COLUMNS($C$9:S$14),0)*S$18,0)&"～"&ROUND(K$4*$E47*VLOOKUP($C47,$C$9:$U$14,COLUMNS($C$9:S$14),0)*S$19,0)) | X47: =IF(VLOOKUP($C47,$C$9:$U$14,COLUMNS($C$9:T$14),0)="","",ROUND(L$4*$E47*VLOOKUP($C47,$C$9:$U$14,COLUMNS($C$9:T$14),0)*T$18,0)&"～"&ROUND(L$4*$E47*VLOOKUP($C47,$C$9:$U$14,COLUMNS($C$9:T$14),0)*T$19,0)) | Z47: =ROUND(VLOOKUP($C47,$C$9:$W$14,21,0)*E47,0) -> 5 | AA47: =ROUND(Z47*0.9,0) -> 5 | AB47: =IF(C47>2,0,ROUND(属性价值和能力评分!$F$38*一级属性!$H$17*装备属性!E47,0)) -> 0 | AC47: =ROUND($W$9*0.15*E47,0) -> 1 | AD47: =ROUND($W$9*0.3*E47,0) -> 3
B48: 14 | C48: =C35 -> 1 | D48: =D35 -> 1 | E48: 10 | F48: =IF(VLOOKUP($C48,$C$9:$U$14,COLUMNS($C$9:L$14),0)="","",ROUND(D$4*$E48*VLOOKUP($C48,$C$9:$U$14,COLUMNS($C$9:L$14),0)*L$16,0)&"～"&ROUND(D$4*$E48*VLOOKUP($C48,$C$9:$U$14,COLUMNS($C$9:L$14),0)*L$17,0)) | G48: =IF(VLOOKUP($C48,$C$9:$U$14,COLUMNS($C$9:M$14),0)="","",ROUND(E$4*$E48*VLOOKUP($C48,$C$9:$U$14,COLUMNS($C$9:M$14),0)*M$16,0)&"～"&ROUND(E$4*$E48*VLOOKUP($C48,$C$9:$U$14,COLUMNS($C$9:M$14),0)*M$17,0)) | H48: =IF(VLOOKUP($C48,$C$9:$U$14,COLUMNS($C$9:N$14),0)="","",ROUND(F$4*$E48*VLOOKUP($C48,$C$9:$U$14,COLUMNS($C$9:N$14),0)*N$16,0)&"～"&ROUND(F$4*$E48*VLOOKUP($C48,$C$9:$U$14,COLUMNS($C$9:N$14),0)*N$17,0)) -> 57～74 | I48: =IF(VLOOKUP($C48,$C$9:$U$14,COLUMNS($C$9:O$14),0)="","",ROUND(G$4*$E48*VLOOKUP($C48,$C$9:$U$14,COLUMNS($C$9:O$14),0)*O$16,0)&"～"&ROUND(G$4*$E48*VLOOKUP($C48,$C$9:$U$14,COLUMNS($C$9:O$14),0)*O$17,0)) | J48: =IF(VLOOKUP($C48,$C$9:$U$14,COLUMNS($C$9:P$14),0)="","",ROUND(H$4*$E48*VLOOKUP($C48,$C$9:$U$14,COLUMNS($C$9:P$14),0)*P$16,0)&"～"&ROUND(H$4*$E48*VLOOKUP($C48,$C$9:$U$14,COLUMNS($C$9:P$14),0)*P$17,0)) -> 13～17 | K48: =IF(VLOOKUP($C48,$C$9:$U$14,COLUMNS($C$9:Q$14),0)="","",ROUND(I$4*$E48*VLOOKUP($C48,$C$9:$U$14,COLUMNS($C$9:Q$14),0)*Q$16,0)&"～"&ROUND(I$4*$E48*VLOOKUP($C48,$C$9:$U$14,COLUMNS($C$9:Q$14),0)*Q$17,0)) | L48: =IF(VLOOKUP($C48,$C$9:$U$14,COLUMNS($C$9:R$14),0)="","",ROUND(J$4*$E48*VLOOKUP($C48,$C$9:$U$14,COLUMNS($C$9:R$14),0)*R$16,0)&"～"&ROUND(J$4*$E48*VLOOKUP($C48,$C$9:$U$14,COLUMNS($C$9:R$14),0)*R$17,0)) | M48: =IF(VLOOKUP($C48,$C$9:$U$14,COLUMNS($C$9:S$14),0)="","",ROUND(K$4*$E48*VLOOKUP($C48,$C$9:$U$14,COLUMNS($C$9:S$14),0)*S$16,0)&"～"&ROUND(K$4*$E48*VLOOKUP($C48,$C$9:$U$14,COLUMNS($C$9:S$14),0)*S$17,0)) -> 15～27 | ... O48: =IF(VLOOKUP($C48,$C$9:$U$14,COLUMNS($C$9:U$14),0)="","",ROUND(M$4*$E48*VLOOKUP($C48,$C$9:$U$14,COLUMNS($C$9:U$14),0)*U$16,0)&"～"&ROUND(M$4*$E48*VLOOKUP($C48,$C$9:$U$14,COLUMNS($C$9:U$14),0)*U$17,0)) | P48: =IF(VLOOKUP($C48,$C$9:$U$14,COLUMNS($C$9:L$14),0)="","",ROUND(D$4*$E48*VLOOKUP($C48,$C$9:$U$14,COLUMNS($C$9:L$14),0)*L$18,0)&"～"&ROUND(D$4*$E48*VLOOKUP($C48,$C$9:$U$14,COLUMNS($C$9:L$14),0)*L$19,0)) | Q48: =IF(VLOOKUP($C48,$C$9:$U$14,COLUMNS($C$9:M$14),0)="","",ROUND(E$4*$E48*VLOOKUP($C48,$C$9:$U$14,COLUMNS($C$9:M$14),0)*M$18,0)&"～"&ROUND(E$4*$E48*VLOOKUP($C48,$C$9:$U$14,COLUMNS($C$9:M$14),0)*M$19,0)) | R48: =IF(VLOOKUP($C48,$C$9:$U$14,COLUMNS($C$9:N$14),0)="","",ROUND(F$4*$E48*VLOOKUP($C48,$C$9:$U$14,COLUMNS($C$9:N$14),0)*N$18,0)&"～"&ROUND(F$4*$E48*VLOOKUP($C48,$C$9:$U$14,COLUMNS($C$9:N$14),0)*N$19,0)) -> 64～82 | S48: =IF(VLOOKUP($C48,$C$9:$U$14,COLUMNS($C$9:O$14),0)="","",ROUND(G$4*$E48*VLOOKUP($C48,$C$9:$U$14,COLUMNS($C$9:O$14),0)*O$18,0)&"～"&ROUND(G$4*$E48*VLOOKUP($C48,$C$9:$U$14,COLUMNS($C$9:O$14),0)*O$19,0)) | T48: =IF(VLOOKUP($C48,$C$9:$U$14,COLUMNS($C$9:P$14),0)="","",ROUND(H$4*$E48*VLOOKUP($C48,$C$9:$U$14,COLUMNS($C$9:P$14),0)*P$18,0)&"～"&ROUND(H$4*$E48*VLOOKUP($C48,$C$9:$U$14,COLUMNS($C$9:P$14),0)*P$19,0)) -> 14～18 | U48: =IF(VLOOKUP($C48,$C$9:$U$14,COLUMNS($C$9:Q$14),0)="","",ROUND(I$4*$E48*VLOOKUP($C48,$C$9:$U$14,COLUMNS($C$9:Q$14),0)*Q$18,0)&"～"&ROUND(I$4*$E48*VLOOKUP($C48,$C$9:$U$14,COLUMNS($C$9:Q$14),0)*Q$19,0)) | V48: =IF(VLOOKUP($C48,$C$9:$U$14,COLUMNS($C$9:R$14),0)="","",ROUND(J$4*$E48*VLOOKUP($C48,$C$9:$U$14,COLUMNS($C$9:R$14),0)*R$18,0)&"～"&ROUND(J$4*$E48*VLOOKUP($C48,$C$9:$U$14,COLUMNS($C$9:R$14),0)*R$19,0)) | W48: =IF(VLOOKUP($C48,$C$9:$U$14,COLUMNS($C$9:S$14),0)="","",ROUND(K$4*$E48*VLOOKUP($C48,$C$9:$U$14,COLUMNS($C$9:S$14),0)*S$18,0)&"～"&ROUND(K$4*$E48*VLOOKUP($C48,$C$9:$U$14,COLUMNS($C$9:S$14),0)*S$19,0)) -> 17～30 | X48: =IF(VLOOKUP($C48,$C$9:$U$14,COLUMNS($C$9:T$14),0)="","",ROUND(L$4*$E48*VLOOKUP($C48,$C$9:$U$14,COLUMNS($C$9:T$14),0)*T$18,0)&"～"&ROUND(L$4*$E48*VLOOKUP($C48,$C$9:$U$14,COLUMNS($C$9:T$14),0)*T$19,0)) | Z48: =ROUND(VLOOKUP($C48,$C$9:$W$14,21,0)*E48,0) -> 93 | AA48: =ROUND(Z48*0.9,0) -> 84 | AB48: =IF(C48>2,0,ROUND(属性价值和能力评分!$F$38*一级属性!$H$17*装备属性!E48,0)) -> 53 | AC48: =ROUND($W$9*0.15*E48,0) -> 14 | AD48: =ROUND($W$9*0.3*E48,0) -> 28
B49: 15 | C49: =C36 -> 1 | D49: =D36 -> 2 | E49: 10 | F49: =IF(VLOOKUP($C49,$C$9:$U$14,COLUMNS($C$9:L$14),0)="","",ROUND(D$4*$E49*VLOOKUP($C49,$C$9:$U$14,COLUMNS($C$9:L$14),0)*L$16,0)&"～"&ROUND(D$4*$E49*VLOOKUP($C49,$C$9:$U$14,COLUMNS($C$9:L$14),0)*L$17,0)) | G49: =IF(VLOOKUP($C49,$C$9:$U$14,COLUMNS($C$9:M$14),0)="","",ROUND(E$4*$E49*VLOOKUP($C49,$C$9:$U$14,COLUMNS($C$9:M$14),0)*M$16,0)&"～"&ROUND(E$4*$E49*VLOOKUP($C49,$C$9:$U$14,COLUMNS($C$9:M$14),0)*M$17,0)) | H49: =IF(VLOOKUP($C49,$C$9:$U$14,COLUMNS($C$9:N$14),0)="","",ROUND(F$4*$E49*VLOOKUP($C49,$C$9:$U$14,COLUMNS($C$9:N$14),0)*N$16,0)&"～"&ROUND(F$4*$E49*VLOOKUP($C49,$C$9:$U$14,COLUMNS($C$9:N$14),0)*N$17,0)) -> 57～74 | I49: =IF(VLOOKUP($C49,$C$9:$U$14,COLUMNS($C$9:O$14),0)="","",ROUND(G$4*$E49*VLOOKUP($C49,$C$9:$U$14,COLUMNS($C$9:O$14),0)*O$16,0)&"～"&ROUND(G$4*$E49*VLOOKUP($C49,$C$9:$U$14,COLUMNS($C$9:O$14),0)*O$17,0)) | J49: =IF(VLOOKUP($C49,$C$9:$U$14,COLUMNS($C$9:P$14),0)="","",ROUND(H$4*$E49*VLOOKUP($C49,$C$9:$U$14,COLUMNS($C$9:P$14),0)*P$16,0)&"～"&ROUND(H$4*$E49*VLOOKUP($C49,$C$9:$U$14,COLUMNS($C$9:P$14),0)*P$17,0)) -> 13～17 | K49: =IF(VLOOKUP($C49,$C$9:$U$14,COLUMNS($C$9:Q$14),0)="","",ROUND(I$4*$E49*VLOOKUP($C49,$C$9:$U$14,COLUMNS($C$9:Q$14),0)*Q$16,0)&"～"&ROUND(I$4*$E49*VLOOKUP($C49,$C$9:$U$14,COLUMNS($C$9:Q$14),0)*Q$17,0)) | L49: =IF(VLOOKUP($C49,$C$9:$U$14,COLUMNS($C$9:R$14),0)="","",ROUND(J$4*$E49*VLOOKUP($C49,$C$9:$U$14,COLUMNS($C$9:R$14),0)*R$16,0)&"～"&ROUND(J$4*$E49*VLOOKUP($C49,$C$9:$U$14,COLUMNS($C$9:R$14),0)*R$17,0)) | M49: =IF(VLOOKUP($C49,$C$9:$U$14,COLUMNS($C$9:S$14),0)="","",ROUND(K$4*$E49*VLOOKUP($C49,$C$9:$U$14,COLUMNS($C$9:S$14),0)*S$16,0)&"～"&ROUND(K$4*$E49*VLOOKUP($C49,$C$9:$U$14,COLUMNS($C$9:S$14),0)*S$17,0)) -> 15～27 | ... O49: =IF(VLOOKUP($C49,$C$9:$U$14,COLUMNS($C$9:U$14),0)="","",ROUND(M$4*$E49*VLOOKUP($C49,$C$9:$U$14,COLUMNS($C$9:U$14),0)*U$16,0)&"～"&ROUND(M$4*$E49*VLOOKUP($C49,$C$9:$U$14,COLUMNS($C$9:U$14),0)*U$17,0)) | P49: =IF(VLOOKUP($C49,$C$9:$U$14,COLUMNS($C$9:L$14),0)="","",ROUND(D$4*$E49*VLOOKUP($C49,$C$9:$U$14,COLUMNS($C$9:L$14),0)*L$18,0)&"～"&ROUND(D$4*$E49*VLOOKUP($C49,$C$9:$U$14,COLUMNS($C$9:L$14),0)*L$19,0)) | Q49: =IF(VLOOKUP($C49,$C$9:$U$14,COLUMNS($C$9:M$14),0)="","",ROUND(E$4*$E49*VLOOKUP($C49,$C$9:$U$14,COLUMNS($C$9:M$14),0)*M$18,0)&"～"&ROUND(E$4*$E49*VLOOKUP($C49,$C$9:$U$14,COLUMNS($C$9:M$14),0)*M$19,0)) | R49: =IF(VLOOKUP($C49,$C$9:$U$14,COLUMNS($C$9:N$14),0)="","",ROUND(F$4*$E49*VLOOKUP($C49,$C$9:$U$14,COLUMNS($C$9:N$14),0)*N$18,0)&"～"&ROUND(F$4*$E49*VLOOKUP($C49,$C$9:$U$14,COLUMNS($C$9:N$14),0)*N$19,0)) -> 64～82 | S49: =IF(VLOOKUP($C49,$C$9:$U$14,COLUMNS($C$9:O$14),0)="","",ROUND(G$4*$E49*VLOOKUP($C49,$C$9:$U$14,COLUMNS($C$9:O$14),0)*O$18,0)&"～"&ROUND(G$4*$E49*VLOOKUP($C49,$C$9:$U$14,COLUMNS($C$9:O$14),0)*O$19,0)) | T49: =IF(VLOOKUP($C49,$C$9:$U$14,COLUMNS($C$9:P$14),0)="","",ROUND(H$4*$E49*VLOOKUP($C49,$C$9:$U$14,COLUMNS($C$9:P$14),0)*P$18,0)&"～"&ROUND(H$4*$E49*VLOOKUP($C49,$C$9:$U$14,COLUMNS($C$9:P$14),0)*P$19,0)) -> 14～18 | U49: =IF(VLOOKUP($C49,$C$9:$U$14,COLUMNS($C$9:Q$14),0)="","",ROUND(I$4*$E49*VLOOKUP($C49,$C$9:$U$14,COLUMNS($C$9:Q$14),0)*Q$18,0)&"～"&ROUND(I$4*$E49*VLOOKUP($C49,$C$9:$U$14,COLUMNS($C$9:Q$14),0)*Q$19,0)) | V49: =IF(VLOOKUP($C49,$C$9:$U$14,COLUMNS($C$9:R$14),0)="","",ROUND(J$4*$E49*VLOOKUP($C49,$C$9:$U$14,COLUMNS($C$9:R$14),0)*R$18,0)&"～"&ROUND(J$4*$E49*VLOOKUP($C49,$C$9:$U$14,COLUMNS($C$9:R$14),0)*R$19,0)) | W49: =IF(VLOOKUP($C49,$C$9:$U$14,COLUMNS($C$9:S$14),0)="","",ROUND(K$4*$E49*VLOOKUP($C49,$C$9:$U$14,COLUMNS($C$9:S$14),0)*S$18,0)&"～"&ROUND(K$4*$E49*VLOOKUP($C49,$C$9:$U$14,COLUMNS($C$9:S$14),0)*S$19,0)) -> 17～30 | X49: =IF(VLOOKUP($C49,$C$9:$U$14,COLUMNS($C$9:T$14),0)="","",ROUND(L$4*$E49*VLOOKUP($C49,$C$9:$U$14,COLUMNS($C$9:T$14),0)*T$18,0)&"～"&ROUND(L$4*$E49*VLOOKUP($C49,$C$9:$U$14,COLUMNS($C$9:T$14),0)*T$19,0)) | Z49: =ROUND(VLOOKUP($C49,$C$9:$W$14,21,0)*E49,0) -> 93 | AA49: =ROUND(Z49*0.9,0) -> 84 | AB49: =IF(C49>2,0,ROUND(属性价值和能力评分!$F$38*一级属性!$H$17*装备属性!E49,0)) -> 53 | AC49: =ROUND($W$9*0.15*E49,0) -> 14 | AD49: =ROUND($W$9*0.3*E49,0) -> 28
B50: 16 | C50: =C37 -> 1 | D50: =D37 -> 3 | E50: 10 | F50: =IF(VLOOKUP($C50,$C$9:$U$14,COLUMNS($C$9:L$14),0)="","",ROUND(D$4*$E50*VLOOKUP($C50,$C$9:$U$14,COLUMNS($C$9:L$14),0)*L$16,0)&"～"&ROUND(D$4*$E50*VLOOKUP($C50,$C$9:$U$14,COLUMNS($C$9:L$14),0)*L$17,0)) | G50: =IF(VLOOKUP($C50,$C$9:$U$14,COLUMNS($C$9:M$14),0)="","",ROUND(E$4*$E50*VLOOKUP($C50,$C$9:$U$14,COLUMNS($C$9:M$14),0)*M$16,0)&"～"&ROUND(E$4*$E50*VLOOKUP($C50,$C$9:$U$14,COLUMNS($C$9:M$14),0)*M$17,0)) | H50: =IF(VLOOKUP($C50,$C$9:$U$14,COLUMNS($C$9:N$14),0)="","",ROUND(F$4*$E50*VLOOKUP($C50,$C$9:$U$14,COLUMNS($C$9:N$14),0)*N$16,0)&"～"&ROUND(F$4*$E50*VLOOKUP($C50,$C$9:$U$14,COLUMNS($C$9:N$14),0)*N$17,0)) -> 57～74 | I50: =IF(VLOOKUP($C50,$C$9:$U$14,COLUMNS($C$9:O$14),0)="","",ROUND(G$4*$E50*VLOOKUP($C50,$C$9:$U$14,COLUMNS($C$9:O$14),0)*O$16,0)&"～"&ROUND(G$4*$E50*VLOOKUP($C50,$C$9:$U$14,COLUMNS($C$9:O$14),0)*O$17,0)) | J50: =IF(VLOOKUP($C50,$C$9:$U$14,COLUMNS($C$9:P$14),0)="","",ROUND(H$4*$E50*VLOOKUP($C50,$C$9:$U$14,COLUMNS($C$9:P$14),0)*P$16,0)&"～"&ROUND(H$4*$E50*VLOOKUP($C50,$C$9:$U$14,COLUMNS($C$9:P$14),0)*P$17,0)) -> 13～17 | K50: =IF(VLOOKUP($C50,$C$9:$U$14,COLUMNS($C$9:Q$14),0)="","",ROUND(I$4*$E50*VLOOKUP($C50,$C$9:$U$14,COLUMNS($C$9:Q$14),0)*Q$16,0)&"～"&ROUND(I$4*$E50*VLOOKUP($C50,$C$9:$U$14,COLUMNS($C$9:Q$14),0)*Q$17,0)) | L50: =IF(VLOOKUP($C50,$C$9:$U$14,COLUMNS($C$9:R$14),0)="","",ROUND(J$4*$E50*VLOOKUP($C50,$C$9:$U$14,COLUMNS($C$9:R$14),0)*R$16,0)&"～"&ROUND(J$4*$E50*VLOOKUP($C50,$C$9:$U$14,COLUMNS($C$9:R$14),0)*R$17,0)) | M50: =IF(VLOOKUP($C50,$C$9:$U$14,COLUMNS($C$9:S$14),0)="","",ROUND(K$4*$E50*VLOOKUP($C50,$C$9:$U$14,COLUMNS($C$9:S$14),0)*S$16,0)&"～"&ROUND(K$4*$E50*VLOOKUP($C50,$C$9:$U$14,COLUMNS($C$9:S$14),0)*S$17,0)) -> 15～27 | ... O50: =IF(VLOOKUP($C50,$C$9:$U$14,COLUMNS($C$9:U$14),0)="","",ROUND(M$4*$E50*VLOOKUP($C50,$C$9:$U$14,COLUMNS($C$9:U$14),0)*U$16,0)&"～"&ROUND(M$4*$E50*VLOOKUP($C50,$C$9:$U$14,COLUMNS($C$9:U$14),0)*U$17,0)) | P50: =IF(VLOOKUP($C50,$C$9:$U$14,COLUMNS($C$9:L$14),0)="","",ROUND(D$4*$E50*VLOOKUP($C50,$C$9:$U$14,COLUMNS($C$9:L$14),0)*L$18,0)&"～"&ROUND(D$4*$E50*VLOOKUP($C50,$C$9:$U$14,COLUMNS($C$9:L$14),0)*L$19,0)) | Q50: =IF(VLOOKUP($C50,$C$9:$U$14,COLUMNS($C$9:M$14),0)="","",ROUND(E$4*$E50*VLOOKUP($C50,$C$9:$U$14,COLUMNS($C$9:M$14),0)*M$18,0)&"～"&ROUND(E$4*$E50*VLOOKUP($C50,$C$9:$U$14,COLUMNS($C$9:M$14),0)*M$19,0)) | R50: =IF(VLOOKUP($C50,$C$9:$U$14,COLUMNS($C$9:N$14),0)="","",ROUND(F$4*$E50*VLOOKUP($C50,$C$9:$U$14,COLUMNS($C$9:N$14),0)*N$18,0)&"～"&ROUND(F$4*$E50*VLOOKUP($C50,$C$9:$U$14,COLUMNS($C$9:N$14),0)*N$19,0)) -> 64～82 | S50: =IF(VLOOKUP($C50,$C$9:$U$14,COLUMNS($C$9:O$14),0)="","",ROUND(G$4*$E50*VLOOKUP($C50,$C$9:$U$14,COLUMNS($C$9:O$14),0)*O$18,0)&"～"&ROUND(G$4*$E50*VLOOKUP($C50,$C$9:$U$14,COLUMNS($C$9:O$14),0)*O$19,0)) | T50: =IF(VLOOKUP($C50,$C$9:$U$14,COLUMNS($C$9:P$14),0)="","",ROUND(H$4*$E50*VLOOKUP($C50,$C$9:$U$14,COLUMNS($C$9:P$14),0)*P$18,0)&"～"&ROUND(H$4*$E50*VLOOKUP($C50,$C$9:$U$14,COLUMNS($C$9:P$14),0)*P$19,0)) -> 14～18 | U50: =IF(VLOOKUP($C50,$C$9:$U$14,COLUMNS($C$9:Q$14),0)="","",ROUND(I$4*$E50*VLOOKUP($C50,$C$9:$U$14,COLUMNS($C$9:Q$14),0)*Q$18,0)&"～"&ROUND(I$4*$E50*VLOOKUP($C50,$C$9:$U$14,COLUMNS($C$9:Q$14),0)*Q$19,0)) | V50: =IF(VLOOKUP($C50,$C$9:$U$14,COLUMNS($C$9:R$14),0)="","",ROUND(J$4*$E50*VLOOKUP($C50,$C$9:$U$14,COLUMNS($C$9:R$14),0)*R$18,0)&"～"&ROUND(J$4*$E50*VLOOKUP($C50,$C$9:$U$14,COLUMNS($C$9:R$14),0)*R$19,0)) | W50: =IF(VLOOKUP($C50,$C$9:$U$14,COLUMNS($C$9:S$14),0)="","",ROUND(K$4*$E50*VLOOKUP($C50,$C$9:$U$14,COLUMNS($C$9:S$14),0)*S$18,0)&"～"&ROUND(K$4*$E50*VLOOKUP($C50,$C$9:$U$14,COLUMNS($C$9:S$14),0)*S$19,0)) -> 17～30 | X50: =IF(VLOOKUP($C50,$C$9:$U$14,COLUMNS($C$9:T$14),0)="","",ROUND(L$4*$E50*VLOOKUP($C50,$C$9:$U$14,COLUMNS($C$9:T$14),0)*T$18,0)&"～"&ROUND(L$4*$E50*VLOOKUP($C50,$C$9:$U$14,COLUMNS($C$9:T$14),0)*T$19,0)) | Z50: =ROUND(VLOOKUP($C50,$C$9:$W$14,21,0)*E50,0) -> 93 | AA50: =ROUND(Z50*0.9,0) -> 84 | AB50: =IF(C50>2,0,ROUND(属性价值和能力评分!$F$38*一级属性!$H$17*装备属性!E50,0)) -> 53 | AC50: =ROUND($W$9*0.15*E50,0) -> 14 | AD50: =ROUND($W$9*0.3*E50,0) -> 28
B51: 17 | C51: =C38 -> 1 | D51: =D38 -> 4 | E51: 10 | F51: =IF(VLOOKUP($C51,$C$9:$U$14,COLUMNS($C$9:L$14),0)="","",ROUND(D$4*$E51*VLOOKUP($C51,$C$9:$U$14,COLUMNS($C$9:L$14),0)*L$16,0)&"～"&ROUND(D$4*$E51*VLOOKUP($C51,$C$9:$U$14,COLUMNS($C$9:L$14),0)*L$17,0)) | G51: =IF(VLOOKUP($C51,$C$9:$U$14,COLUMNS($C$9:M$14),0)="","",ROUND(E$4*$E51*VLOOKUP($C51,$C$9:$U$14,COLUMNS($C$9:M$14),0)*M$16,0)&"～"&ROUND(E$4*$E51*VLOOKUP($C51,$C$9:$U$14,COLUMNS($C$9:M$14),0)*M$17,0)) | H51: =IF(VLOOKUP($C51,$C$9:$U$14,COLUMNS($C$9:N$14),0)="","",ROUND(F$4*$E51*VLOOKUP($C51,$C$9:$U$14,COLUMNS($C$9:N$14),0)*N$16,0)&"～"&ROUND(F$4*$E51*VLOOKUP($C51,$C$9:$U$14,COLUMNS($C$9:N$14),0)*N$17,0)) -> 57～74 | I51: =IF(VLOOKUP($C51,$C$9:$U$14,COLUMNS($C$9:O$14),0)="","",ROUND(G$4*$E51*VLOOKUP($C51,$C$9:$U$14,COLUMNS($C$9:O$14),0)*O$16,0)&"～"&ROUND(G$4*$E51*VLOOKUP($C51,$C$9:$U$14,COLUMNS($C$9:O$14),0)*O$17,0)) | J51: =IF(VLOOKUP($C51,$C$9:$U$14,COLUMNS($C$9:P$14),0)="","",ROUND(H$4*$E51*VLOOKUP($C51,$C$9:$U$14,COLUMNS($C$9:P$14),0)*P$16,0)&"～"&ROUND(H$4*$E51*VLOOKUP($C51,$C$9:$U$14,COLUMNS($C$9:P$14),0)*P$17,0)) -> 13～17 | K51: =IF(VLOOKUP($C51,$C$9:$U$14,COLUMNS($C$9:Q$14),0)="","",ROUND(I$4*$E51*VLOOKUP($C51,$C$9:$U$14,COLUMNS($C$9:Q$14),0)*Q$16,0)&"～"&ROUND(I$4*$E51*VLOOKUP($C51,$C$9:$U$14,COLUMNS($C$9:Q$14),0)*Q$17,0)) | L51: =IF(VLOOKUP($C51,$C$9:$U$14,COLUMNS($C$9:R$14),0)="","",ROUND(J$4*$E51*VLOOKUP($C51,$C$9:$U$14,COLUMNS($C$9:R$14),0)*R$16,0)&"～"&ROUND(J$4*$E51*VLOOKUP($C51,$C$9:$U$14,COLUMNS($C$9:R$14),0)*R$17,0)) | M51: =IF(VLOOKUP($C51,$C$9:$U$14,COLUMNS($C$9:S$14),0)="","",ROUND(K$4*$E51*VLOOKUP($C51,$C$9:$U$14,COLUMNS($C$9:S$14),0)*S$16,0)&"～"&ROUND(K$4*$E51*VLOOKUP($C51,$C$9:$U$14,COLUMNS($C$9:S$14),0)*S$17,0)) -> 15～27 | ... O51: =IF(VLOOKUP($C51,$C$9:$U$14,COLUMNS($C$9:U$14),0)="","",ROUND(M$4*$E51*VLOOKUP($C51,$C$9:$U$14,COLUMNS($C$9:U$14),0)*U$16,0)&"～"&ROUND(M$4*$E51*VLOOKUP($C51,$C$9:$U$14,COLUMNS($C$9:U$14),0)*U$17,0)) | P51: =IF(VLOOKUP($C51,$C$9:$U$14,COLUMNS($C$9:L$14),0)="","",ROUND(D$4*$E51*VLOOKUP($C51,$C$9:$U$14,COLUMNS($C$9:L$14),0)*L$18,0)&"～"&ROUND(D$4*$E51*VLOOKUP($C51,$C$9:$U$14,COLUMNS($C$9:L$14),0)*L$19,0)) | Q51: =IF(VLOOKUP($C51,$C$9:$U$14,COLUMNS($C$9:M$14),0)="","",ROUND(E$4*$E51*VLOOKUP($C51,$C$9:$U$14,COLUMNS($C$9:M$14),0)*M$18,0)&"～"&ROUND(E$4*$E51*VLOOKUP($C51,$C$9:$U$14,COLUMNS($C$9:M$14),0)*M$19,0)) | R51: =IF(VLOOKUP($C51,$C$9:$U$14,COLUMNS($C$9:N$14),0)="","",ROUND(F$4*$E51*VLOOKUP($C51,$C$9:$U$14,COLUMNS($C$9:N$14),0)*N$18,0)&"～"&ROUND(F$4*$E51*VLOOKUP($C51,$C$9:$U$14,COLUMNS($C$9:N$14),0)*N$19,0)) -> 64～82 | S51: =IF(VLOOKUP($C51,$C$9:$U$14,COLUMNS($C$9:O$14),0)="","",ROUND(G$4*$E51*VLOOKUP($C51,$C$9:$U$14,COLUMNS($C$9:O$14),0)*O$18,0)&"～"&ROUND(G$4*$E51*VLOOKUP($C51,$C$9:$U$14,COLUMNS($C$9:O$14),0)*O$19,0)) | T51: =IF(VLOOKUP($C51,$C$9:$U$14,COLUMNS($C$9:P$14),0)="","",ROUND(H$4*$E51*VLOOKUP($C51,$C$9:$U$14,COLUMNS($C$9:P$14),0)*P$18,0)&"～"&ROUND(H$4*$E51*VLOOKUP($C51,$C$9:$U$14,COLUMNS($C$9:P$14),0)*P$19,0)) -> 14～18 | U51: =IF(VLOOKUP($C51,$C$9:$U$14,COLUMNS($C$9:Q$14),0)="","",ROUND(I$4*$E51*VLOOKUP($C51,$C$9:$U$14,COLUMNS($C$9:Q$14),0)*Q$18,0)&"～"&ROUND(I$4*$E51*VLOOKUP($C51,$C$9:$U$14,COLUMNS($C$9:Q$14),0)*Q$19,0)) | V51: =IF(VLOOKUP($C51,$C$9:$U$14,COLUMNS($C$9:R$14),0)="","",ROUND(J$4*$E51*VLOOKUP($C51,$C$9:$U$14,COLUMNS($C$9:R$14),0)*R$18,0)&"～"&ROUND(J$4*$E51*VLOOKUP($C51,$C$9:$U$14,COLUMNS($C$9:R$14),0)*R$19,0)) | W51: =IF(VLOOKUP($C51,$C$9:$U$14,COLUMNS($C$9:S$14),0)="","",ROUND(K$4*$E51*VLOOKUP($C51,$C$9:$U$14,COLUMNS($C$9:S$14),0)*S$18,0)&"～"&ROUND(K$4*$E51*VLOOKUP($C51,$C$9:$U$14,COLUMNS($C$9:S$14),0)*S$19,0)) -> 17～30 | X51: =IF(VLOOKUP($C51,$C$9:$U$14,COLUMNS($C$9:T$14),0)="","",ROUND(L$4*$E51*VLOOKUP($C51,$C$9:$U$14,COLUMNS($C$9:T$14),0)*T$18,0)&"～"&ROUND(L$4*$E51*VLOOKUP($C51,$C$9:$U$14,COLUMNS($C$9:T$14),0)*T$19,0)) | Z51: =ROUND(VLOOKUP($C51,$C$9:$W$14,21,0)*E51,0) -> 93 | AA51: =ROUND(Z51*0.9,0) -> 84 | AB51: =IF(C51>2,0,ROUND(属性价值和能力评分!$F$38*一级属性!$H$17*装备属性!E51,0)) -> 53 | AC51: =ROUND($W$9*0.15*E51,0) -> 14 | AD51: =ROUND($W$9*0.3*E51,0) -> 28
B52: 18 | C52: =C39 -> 1 | D52: =D39 -> 5 | E52: 10 | F52: =IF(VLOOKUP($C52,$C$9:$U$14,COLUMNS($C$9:L$14),0)="","",ROUND(D$4*$E52*VLOOKUP($C52,$C$9:$U$14,COLUMNS($C$9:L$14),0)*L$16,0)&"～"&ROUND(D$4*$E52*VLOOKUP($C52,$C$9:$U$14,COLUMNS($C$9:L$14),0)*L$17,0)) | G52: =IF(VLOOKUP($C52,$C$9:$U$14,COLUMNS($C$9:M$14),0)="","",ROUND(E$4*$E52*VLOOKUP($C52,$C$9:$U$14,COLUMNS($C$9:M$14),0)*M$16,0)&"～"&ROUND(E$4*$E52*VLOOKUP($C52,$C$9:$U$14,COLUMNS($C$9:M$14),0)*M$17,0)) | H52: =IF(VLOOKUP($C52,$C$9:$U$14,COLUMNS($C$9:N$14),0)="","",ROUND(F$4*$E52*VLOOKUP($C52,$C$9:$U$14,COLUMNS($C$9:N$14),0)*N$16,0)&"～"&ROUND(F$4*$E52*VLOOKUP($C52,$C$9:$U$14,COLUMNS($C$9:N$14),0)*N$17,0)) -> 57～74 | I52: =IF(VLOOKUP($C52,$C$9:$U$14,COLUMNS($C$9:O$14),0)="","",ROUND(G$4*$E52*VLOOKUP($C52,$C$9:$U$14,COLUMNS($C$9:O$14),0)*O$16,0)&"～"&ROUND(G$4*$E52*VLOOKUP($C52,$C$9:$U$14,COLUMNS($C$9:O$14),0)*O$17,0)) | J52: =IF(VLOOKUP($C52,$C$9:$U$14,COLUMNS($C$9:P$14),0)="","",ROUND(H$4*$E52*VLOOKUP($C52,$C$9:$U$14,COLUMNS($C$9:P$14),0)*P$16,0)&"～"&ROUND(H$4*$E52*VLOOKUP($C52,$C$9:$U$14,COLUMNS($C$9:P$14),0)*P$17,0)) -> 13～17 | K52: =IF(VLOOKUP($C52,$C$9:$U$14,COLUMNS($C$9:Q$14),0)="","",ROUND(I$4*$E52*VLOOKUP($C52,$C$9:$U$14,COLUMNS($C$9:Q$14),0)*Q$16,0)&"～"&ROUND(I$4*$E52*VLOOKUP($C52,$C$9:$U$14,COLUMNS($C$9:Q$14),0)*Q$17,0)) | L52: =IF(VLOOKUP($C52,$C$9:$U$14,COLUMNS($C$9:R$14),0)="","",ROUND(J$4*$E52*VLOOKUP($C52,$C$9:$U$14,COLUMNS($C$9:R$14),0)*R$16,0)&"～"&ROUND(J$4*$E52*VLOOKUP($C52,$C$9:$U$14,COLUMNS($C$9:R$14),0)*R$17,0)) | M52: =IF(VLOOKUP($C52,$C$9:$U$14,COLUMNS($C$9:S$14),0)="","",ROUND(K$4*$E52*VLOOKUP($C52,$C$9:$U$14,COLUMNS($C$9:S$14),0)*S$16,0)&"～"&ROUND(K$4*$E52*VLOOKUP($C52,$C$9:$U$14,COLUMNS($C$9:S$14),0)*S$17,0)) -> 15～27 | ... O52: =IF(VLOOKUP($C52,$C$9:$U$14,COLUMNS($C$9:U$14),0)="","",ROUND(M$4*$E52*VLOOKUP($C52,$C$9:$U$14,COLUMNS($C$9:U$14),0)*U$16,0)&"～"&ROUND(M$4*$E52*VLOOKUP($C52,$C$9:$U$14,COLUMNS($C$9:U$14),0)*U$17,0)) | P52: =IF(VLOOKUP($C52,$C$9:$U$14,COLUMNS($C$9:L$14),0)="","",ROUND(D$4*$E52*VLOOKUP($C52,$C$9:$U$14,COLUMNS($C$9:L$14),0)*L$18,0)&"～"&ROUND(D$4*$E52*VLOOKUP($C52,$C$9:$U$14,COLUMNS($C$9:L$14),0)*L$19,0)) | Q52: =IF(VLOOKUP($C52,$C$9:$U$14,COLUMNS($C$9:M$14),0)="","",ROUND(E$4*$E52*VLOOKUP($C52,$C$9:$U$14,COLUMNS($C$9:M$14),0)*M$18,0)&"～"&ROUND(E$4*$E52*VLOOKUP($C52,$C$9:$U$14,COLUMNS($C$9:M$14),0)*M$19,0)) | R52: =IF(VLOOKUP($C52,$C$9:$U$14,COLUMNS($C$9:N$14),0)="","",ROUND(F$4*$E52*VLOOKUP($C52,$C$9:$U$14,COLUMNS($C$9:N$14),0)*N$18,0)&"～"&ROUND(F$4*$E52*VLOOKUP($C52,$C$9:$U$14,COLUMNS($C$9:N$14),0)*N$19,0)) -> 64～82 | S52: =IF(VLOOKUP($C52,$C$9:$U$14,COLUMNS($C$9:O$14),0)="","",ROUND(G$4*$E52*VLOOKUP($C52,$C$9:$U$14,COLUMNS($C$9:O$14),0)*O$18,0)&"～"&ROUND(G$4*$E52*VLOOKUP($C52,$C$9:$U$14,COLUMNS($C$9:O$14),0)*O$19,0)) | T52: =IF(VLOOKUP($C52,$C$9:$U$14,COLUMNS($C$9:P$14),0)="","",ROUND(H$4*$E52*VLOOKUP($C52,$C$9:$U$14,COLUMNS($C$9:P$14),0)*P$18,0)&"～"&ROUND(H$4*$E52*VLOOKUP($C52,$C$9:$U$14,COLUMNS($C$9:P$14),0)*P$19,0)) -> 14～18 | U52: =IF(VLOOKUP($C52,$C$9:$U$14,COLUMNS($C$9:Q$14),0)="","",ROUND(I$4*$E52*VLOOKUP($C52,$C$9:$U$14,COLUMNS($C$9:Q$14),0)*Q$18,0)&"～"&ROUND(I$4*$E52*VLOOKUP($C52,$C$9:$U$14,COLUMNS($C$9:Q$14),0)*Q$19,0)) | V52: =IF(VLOOKUP($C52,$C$9:$U$14,COLUMNS($C$9:R$14),0)="","",ROUND(J$4*$E52*VLOOKUP($C52,$C$9:$U$14,COLUMNS($C$9:R$14),0)*R$18,0)&"～"&ROUND(J$4*$E52*VLOOKUP($C52,$C$9:$U$14,COLUMNS($C$9:R$14),0)*R$19,0)) | W52: =IF(VLOOKUP($C52,$C$9:$U$14,COLUMNS($C$9:S$14),0)="","",ROUND(K$4*$E52*VLOOKUP($C52,$C$9:$U$14,COLUMNS($C$9:S$14),0)*S$18,0)&"～"&ROUND(K$4*$E52*VLOOKUP($C52,$C$9:$U$14,COLUMNS($C$9:S$14),0)*S$19,0)) -> 17～30 | X52: =IF(VLOOKUP($C52,$C$9:$U$14,COLUMNS($C$9:T$14),0)="","",ROUND(L$4*$E52*VLOOKUP($C52,$C$9:$U$14,COLUMNS($C$9:T$14),0)*T$18,0)&"～"&ROUND(L$4*$E52*VLOOKUP($C52,$C$9:$U$14,COLUMNS($C$9:T$14),0)*T$19,0)) | Z52: =ROUND(VLOOKUP($C52,$C$9:$W$14,21,0)*E52,0) -> 93 | AA52: =ROUND(Z52*0.9,0) -> 84 | AB52: =IF(C52>2,0,ROUND(属性价值和能力评分!$F$38*一级属性!$H$17*装备属性!E52,0)) -> 53 | AC52: =ROUND($W$9*0.15*E52,0) -> 14 | AD52: =ROUND($W$9*0.3*E52,0) -> 28
B53: 19 | C53: =C40 -> 1 | D53: =D40 -> 6 | E53: 10 | F53: =IF(VLOOKUP($C53,$C$9:$U$14,COLUMNS($C$9:L$14),0)="","",ROUND(D$4*$E53*VLOOKUP($C53,$C$9:$U$14,COLUMNS($C$9:L$14),0)*L$16,0)&"～"&ROUND(D$4*$E53*VLOOKUP($C53,$C$9:$U$14,COLUMNS($C$9:L$14),0)*L$17,0)) | G53: =IF(VLOOKUP($C53,$C$9:$U$14,COLUMNS($C$9:M$14),0)="","",ROUND(E$4*$E53*VLOOKUP($C53,$C$9:$U$14,COLUMNS($C$9:M$14),0)*M$16,0)&"～"&ROUND(E$4*$E53*VLOOKUP($C53,$C$9:$U$14,COLUMNS($C$9:M$14),0)*M$17,0)) | H53: =IF(VLOOKUP($C53,$C$9:$U$14,COLUMNS($C$9:N$14),0)="","",ROUND(F$4*$E53*VLOOKUP($C53,$C$9:$U$14,COLUMNS($C$9:N$14),0)*N$16,0)&"～"&ROUND(F$4*$E53*VLOOKUP($C53,$C$9:$U$14,COLUMNS($C$9:N$14),0)*N$17,0)) -> 57～74 | I53: =IF(VLOOKUP($C53,$C$9:$U$14,COLUMNS($C$9:O$14),0)="","",ROUND(G$4*$E53*VLOOKUP($C53,$C$9:$U$14,COLUMNS($C$9:O$14),0)*O$16,0)&"～"&ROUND(G$4*$E53*VLOOKUP($C53,$C$9:$U$14,COLUMNS($C$9:O$14),0)*O$17,0)) | J53: =IF(VLOOKUP($C53,$C$9:$U$14,COLUMNS($C$9:P$14),0)="","",ROUND(H$4*$E53*VLOOKUP($C53,$C$9:$U$14,COLUMNS($C$9:P$14),0)*P$16,0)&"～"&ROUND(H$4*$E53*VLOOKUP($C53,$C$9:$U$14,COLUMNS($C$9:P$14),0)*P$17,0)) -> 13～17 | K53: =IF(VLOOKUP($C53,$C$9:$U$14,COLUMNS($C$9:Q$14),0)="","",ROUND(I$4*$E53*VLOOKUP($C53,$C$9:$U$14,COLUMNS($C$9:Q$14),0)*Q$16,0)&"～"&ROUND(I$4*$E53*VLOOKUP($C53,$C$9:$U$14,COLUMNS($C$9:Q$14),0)*Q$17,0)) | L53: =IF(VLOOKUP($C53,$C$9:$U$14,COLUMNS($C$9:R$14),0)="","",ROUND(J$4*$E53*VLOOKUP($C53,$C$9:$U$14,COLUMNS($C$9:R$14),0)*R$16,0)&"～"&ROUND(J$4*$E53*VLOOKUP($C53,$C$9:$U$14,COLUMNS($C$9:R$14),0)*R$17,0)) | M53: =IF(VLOOKUP($C53,$C$9:$U$14,COLUMNS($C$9:S$14),0)="","",ROUND(K$4*$E53*VLOOKUP($C53,$C$9:$U$14,COLUMNS($C$9:S$14),0)*S$16,0)&"～"&ROUND(K$4*$E53*VLOOKUP($C53,$C$9:$U$14,COLUMNS($C$9:S$14),0)*S$17,0)) -> 15～27 | ... O53: =IF(VLOOKUP($C53,$C$9:$U$14,COLUMNS($C$9:U$14),0)="","",ROUND(M$4*$E53*VLOOKUP($C53,$C$9:$U$14,COLUMNS($C$9:U$14),0)*U$16,0)&"～"&ROUND(M$4*$E53*VLOOKUP($C53,$C$9:$U$14,COLUMNS($C$9:U$14),0)*U$17,0)) | P53: =IF(VLOOKUP($C53,$C$9:$U$14,COLUMNS($C$9:L$14),0)="","",ROUND(D$4*$E53*VLOOKUP($C53,$C$9:$U$14,COLUMNS($C$9:L$14),0)*L$18,0)&"～"&ROUND(D$4*$E53*VLOOKUP($C53,$C$9:$U$14,COLUMNS($C$9:L$14),0)*L$19,0)) | Q53: =IF(VLOOKUP($C53,$C$9:$U$14,COLUMNS($C$9:M$14),0)="","",ROUND(E$4*$E53*VLOOKUP($C53,$C$9:$U$14,COLUMNS($C$9:M$14),0)*M$18,0)&"～"&ROUND(E$4*$E53*VLOOKUP($C53,$C$9:$U$14,COLUMNS($C$9:M$14),0)*M$19,0)) | R53: =IF(VLOOKUP($C53,$C$9:$U$14,COLUMNS($C$9:N$14),0)="","",ROUND(F$4*$E53*VLOOKUP($C53,$C$9:$U$14,COLUMNS($C$9:N$14),0)*N$18,0)&"～"&ROUND(F$4*$E53*VLOOKUP($C53,$C$9:$U$14,COLUMNS($C$9:N$14),0)*N$19,0)) -> 64～82 | S53: =IF(VLOOKUP($C53,$C$9:$U$14,COLUMNS($C$9:O$14),0)="","",ROUND(G$4*$E53*VLOOKUP($C53,$C$9:$U$14,COLUMNS($C$9:O$14),0)*O$18,0)&"～"&ROUND(G$4*$E53*VLOOKUP($C53,$C$9:$U$14,COLUMNS($C$9:O$14),0)*O$19,0)) | T53: =IF(VLOOKUP($C53,$C$9:$U$14,COLUMNS($C$9:P$14),0)="","",ROUND(H$4*$E53*VLOOKUP($C53,$C$9:$U$14,COLUMNS($C$9:P$14),0)*P$18,0)&"～"&ROUND(H$4*$E53*VLOOKUP($C53,$C$9:$U$14,COLUMNS($C$9:P$14),0)*P$19,0)) -> 14～18 | U53: =IF(VLOOKUP($C53,$C$9:$U$14,COLUMNS($C$9:Q$14),0)="","",ROUND(I$4*$E53*VLOOKUP($C53,$C$9:$U$14,COLUMNS($C$9:Q$14),0)*Q$18,0)&"～"&ROUND(I$4*$E53*VLOOKUP($C53,$C$9:$U$14,COLUMNS($C$9:Q$14),0)*Q$19,0)) | V53: =IF(VLOOKUP($C53,$C$9:$U$14,COLUMNS($C$9:R$14),0)="","",ROUND(J$4*$E53*VLOOKUP($C53,$C$9:$U$14,COLUMNS($C$9:R$14),0)*R$18,0)&"～"&ROUND(J$4*$E53*VLOOKUP($C53,$C$9:$U$14,COLUMNS($C$9:R$14),0)*R$19,0)) | W53: =IF(VLOOKUP($C53,$C$9:$U$14,COLUMNS($C$9:S$14),0)="","",ROUND(K$4*$E53*VLOOKUP($C53,$C$9:$U$14,COLUMNS($C$9:S$14),0)*S$18,0)&"～"&ROUND(K$4*$E53*VLOOKUP($C53,$C$9:$U$14,COLUMNS($C$9:S$14),0)*S$19,0)) -> 17～30 | X53: =IF(VLOOKUP($C53,$C$9:$U$14,COLUMNS($C$9:T$14),0)="","",ROUND(L$4*$E53*VLOOKUP($C53,$C$9:$U$14,COLUMNS($C$9:T$14),0)*T$18,0)&"～"&ROUND(L$4*$E53*VLOOKUP($C53,$C$9:$U$14,COLUMNS($C$9:T$14),0)*T$19,0)) | Z53: =ROUND(VLOOKUP($C53,$C$9:$W$14,21,0)*E53,0) -> 93 | AA53: =ROUND(Z53*0.9,0) -> 84 | AB53: =IF(C53>2,0,ROUND(属性价值和能力评分!$F$38*一级属性!$H$17*装备属性!E53,0)) -> 53 | AC53: =ROUND($W$9*0.15*E53,0) -> 14 | AD53: =ROUND($W$9*0.3*E53,0) -> 28
B54: 20 | C54: =C41 -> 2 | D54: =D41 -> 7 | E54: 10 | F54: =IF(VLOOKUP($C54,$C$9:$U$14,COLUMNS($C$9:L$14),0)="","",ROUND(D$4*$E54*VLOOKUP($C54,$C$9:$U$14,COLUMNS($C$9:L$14),0)*L$16,0)&"～"&ROUND(D$4*$E54*VLOOKUP($C54,$C$9:$U$14,COLUMNS($C$9:L$14),0)*L$17,0)) -> 46～59 | G54: =IF(VLOOKUP($C54,$C$9:$U$14,COLUMNS($C$9:M$14),0)="","",ROUND(E$4*$E54*VLOOKUP($C54,$C$9:$U$14,COLUMNS($C$9:M$14),0)*M$16,0)&"～"&ROUND(E$4*$E54*VLOOKUP($C54,$C$9:$U$14,COLUMNS($C$9:M$14),0)*M$17,0)) | H54: =IF(VLOOKUP($C54,$C$9:$U$14,COLUMNS($C$9:N$14),0)="","",ROUND(F$4*$E54*VLOOKUP($C54,$C$9:$U$14,COLUMNS($C$9:N$14),0)*N$16,0)&"～"&ROUND(F$4*$E54*VLOOKUP($C54,$C$9:$U$14,COLUMNS($C$9:N$14),0)*N$17,0)) | I54: =IF(VLOOKUP($C54,$C$9:$U$14,COLUMNS($C$9:O$14),0)="","",ROUND(G$4*$E54*VLOOKUP($C54,$C$9:$U$14,COLUMNS($C$9:O$14),0)*O$16,0)&"～"&ROUND(G$4*$E54*VLOOKUP($C54,$C$9:$U$14,COLUMNS($C$9:O$14),0)*O$17,0)) -> 14～18 | J54: =IF(VLOOKUP($C54,$C$9:$U$14,COLUMNS($C$9:P$14),0)="","",ROUND(H$4*$E54*VLOOKUP($C54,$C$9:$U$14,COLUMNS($C$9:P$14),0)*P$16,0)&"～"&ROUND(H$4*$E54*VLOOKUP($C54,$C$9:$U$14,COLUMNS($C$9:P$14),0)*P$17,0)) | K54: =IF(VLOOKUP($C54,$C$9:$U$14,COLUMNS($C$9:Q$14),0)="","",ROUND(I$4*$E54*VLOOKUP($C54,$C$9:$U$14,COLUMNS($C$9:Q$14),0)*Q$16,0)&"～"&ROUND(I$4*$E54*VLOOKUP($C54,$C$9:$U$14,COLUMNS($C$9:Q$14),0)*Q$17,0)) | L54: =IF(VLOOKUP($C54,$C$9:$U$14,COLUMNS($C$9:R$14),0)="","",ROUND(J$4*$E54*VLOOKUP($C54,$C$9:$U$14,COLUMNS($C$9:R$14),0)*R$16,0)&"～"&ROUND(J$4*$E54*VLOOKUP($C54,$C$9:$U$14,COLUMNS($C$9:R$14),0)*R$17,0)) | M54: =IF(VLOOKUP($C54,$C$9:$U$14,COLUMNS($C$9:S$14),0)="","",ROUND(K$4*$E54*VLOOKUP($C54,$C$9:$U$14,COLUMNS($C$9:S$14),0)*S$16,0)&"～"&ROUND(K$4*$E54*VLOOKUP($C54,$C$9:$U$14,COLUMNS($C$9:S$14),0)*S$17,0)) | ... O54: =IF(VLOOKUP($C54,$C$9:$U$14,COLUMNS($C$9:U$14),0)="","",ROUND(M$4*$E54*VLOOKUP($C54,$C$9:$U$14,COLUMNS($C$9:U$14),0)*U$16,0)&"～"&ROUND(M$4*$E54*VLOOKUP($C54,$C$9:$U$14,COLUMNS($C$9:U$14),0)*U$17,0)) | P54: =IF(VLOOKUP($C54,$C$9:$U$14,COLUMNS($C$9:L$14),0)="","",ROUND(D$4*$E54*VLOOKUP($C54,$C$9:$U$14,COLUMNS($C$9:L$14),0)*L$18,0)&"～"&ROUND(D$4*$E54*VLOOKUP($C54,$C$9:$U$14,COLUMNS($C$9:L$14),0)*L$19,0)) -> 51～66 | Q54: =IF(VLOOKUP($C54,$C$9:$U$14,COLUMNS($C$9:M$14),0)="","",ROUND(E$4*$E54*VLOOKUP($C54,$C$9:$U$14,COLUMNS($C$9:M$14),0)*M$18,0)&"～"&ROUND(E$4*$E54*VLOOKUP($C54,$C$9:$U$14,COLUMNS($C$9:M$14),0)*M$19,0)) | R54: =IF(VLOOKUP($C54,$C$9:$U$14,COLUMNS($C$9:N$14),0)="","",ROUND(F$4*$E54*VLOOKUP($C54,$C$9:$U$14,COLUMNS($C$9:N$14),0)*N$18,0)&"～"&ROUND(F$4*$E54*VLOOKUP($C54,$C$9:$U$14,COLUMNS($C$9:N$14),0)*N$19,0)) | S54: =IF(VLOOKUP($C54,$C$9:$U$14,COLUMNS($C$9:O$14),0)="","",ROUND(G$4*$E54*VLOOKUP($C54,$C$9:$U$14,COLUMNS($C$9:O$14),0)*O$18,0)&"～"&ROUND(G$4*$E54*VLOOKUP($C54,$C$9:$U$14,COLUMNS($C$9:O$14),0)*O$19,0)) -> 16～21 | T54: =IF(VLOOKUP($C54,$C$9:$U$14,COLUMNS($C$9:P$14),0)="","",ROUND(H$4*$E54*VLOOKUP($C54,$C$9:$U$14,COLUMNS($C$9:P$14),0)*P$18,0)&"～"&ROUND(H$4*$E54*VLOOKUP($C54,$C$9:$U$14,COLUMNS($C$9:P$14),0)*P$19,0)) | U54: =IF(VLOOKUP($C54,$C$9:$U$14,COLUMNS($C$9:Q$14),0)="","",ROUND(I$4*$E54*VLOOKUP($C54,$C$9:$U$14,COLUMNS($C$9:Q$14),0)*Q$18,0)&"～"&ROUND(I$4*$E54*VLOOKUP($C54,$C$9:$U$14,COLUMNS($C$9:Q$14),0)*Q$19,0)) | V54: =IF(VLOOKUP($C54,$C$9:$U$14,COLUMNS($C$9:R$14),0)="","",ROUND(J$4*$E54*VLOOKUP($C54,$C$9:$U$14,COLUMNS($C$9:R$14),0)*R$18,0)&"～"&ROUND(J$4*$E54*VLOOKUP($C54,$C$9:$U$14,COLUMNS($C$9:R$14),0)*R$19,0)) | W54: =IF(VLOOKUP($C54,$C$9:$U$14,COLUMNS($C$9:S$14),0)="","",ROUND(K$4*$E54*VLOOKUP($C54,$C$9:$U$14,COLUMNS($C$9:S$14),0)*S$18,0)&"～"&ROUND(K$4*$E54*VLOOKUP($C54,$C$9:$U$14,COLUMNS($C$9:S$14),0)*S$19,0)) | X54: =IF(VLOOKUP($C54,$C$9:$U$14,COLUMNS($C$9:T$14),0)="","",ROUND(L$4*$E54*VLOOKUP($C54,$C$9:$U$14,COLUMNS($C$9:T$14),0)*T$18,0)&"～"&ROUND(L$4*$E54*VLOOKUP($C54,$C$9:$U$14,COLUMNS($C$9:T$14),0)*T$19,0)) | Z54: =ROUND(VLOOKUP($C54,$C$9:$W$14,21,0)*E54,0) -> 63 | AA54: =ROUND(Z54*0.9,0) -> 57 | AB54: =IF(C54>2,0,ROUND(属性价值和能力评分!$F$38*一级属性!$H$17*装备属性!E54,0)) -> 53 | AC54: =ROUND($W$9*0.15*E54,0) -> 14 | AD54: =ROUND($W$9*0.3*E54,0) -> 28
B55: 21 | C55: =C42 -> 2 | D55: =D42 -> 8 | E55: 10 | F55: =IF(VLOOKUP($C55,$C$9:$U$14,COLUMNS($C$9:L$14),0)="","",ROUND(D$4*$E55*VLOOKUP($C55,$C$9:$U$14,COLUMNS($C$9:L$14),0)*L$16,0)&"～"&ROUND(D$4*$E55*VLOOKUP($C55,$C$9:$U$14,COLUMNS($C$9:L$14),0)*L$17,0)) -> 46～59 | G55: =IF(VLOOKUP($C55,$C$9:$U$14,COLUMNS($C$9:M$14),0)="","",ROUND(E$4*$E55*VLOOKUP($C55,$C$9:$U$14,COLUMNS($C$9:M$14),0)*M$16,0)&"～"&ROUND(E$4*$E55*VLOOKUP($C55,$C$9:$U$14,COLUMNS($C$9:M$14),0)*M$17,0)) | H55: =IF(VLOOKUP($C55,$C$9:$U$14,COLUMNS($C$9:N$14),0)="","",ROUND(F$4*$E55*VLOOKUP($C55,$C$9:$U$14,COLUMNS($C$9:N$14),0)*N$16,0)&"～"&ROUND(F$4*$E55*VLOOKUP($C55,$C$9:$U$14,COLUMNS($C$9:N$14),0)*N$17,0)) | I55: =IF(VLOOKUP($C55,$C$9:$U$14,COLUMNS($C$9:O$14),0)="","",ROUND(G$4*$E55*VLOOKUP($C55,$C$9:$U$14,COLUMNS($C$9:O$14),0)*O$16,0)&"～"&ROUND(G$4*$E55*VLOOKUP($C55,$C$9:$U$14,COLUMNS($C$9:O$14),0)*O$17,0)) -> 14～18 | J55: =IF(VLOOKUP($C55,$C$9:$U$14,COLUMNS($C$9:P$14),0)="","",ROUND(H$4*$E55*VLOOKUP($C55,$C$9:$U$14,COLUMNS($C$9:P$14),0)*P$16,0)&"～"&ROUND(H$4*$E55*VLOOKUP($C55,$C$9:$U$14,COLUMNS($C$9:P$14),0)*P$17,0)) | K55: =IF(VLOOKUP($C55,$C$9:$U$14,COLUMNS($C$9:Q$14),0)="","",ROUND(I$4*$E55*VLOOKUP($C55,$C$9:$U$14,COLUMNS($C$9:Q$14),0)*Q$16,0)&"～"&ROUND(I$4*$E55*VLOOKUP($C55,$C$9:$U$14,COLUMNS($C$9:Q$14),0)*Q$17,0)) | L55: =IF(VLOOKUP($C55,$C$9:$U$14,COLUMNS($C$9:R$14),0)="","",ROUND(J$4*$E55*VLOOKUP($C55,$C$9:$U$14,COLUMNS($C$9:R$14),0)*R$16,0)&"～"&ROUND(J$4*$E55*VLOOKUP($C55,$C$9:$U$14,COLUMNS($C$9:R$14),0)*R$17,0)) | M55: =IF(VLOOKUP($C55,$C$9:$U$14,COLUMNS($C$9:S$14),0)="","",ROUND(K$4*$E55*VLOOKUP($C55,$C$9:$U$14,COLUMNS($C$9:S$14),0)*S$16,0)&"～"&ROUND(K$4*$E55*VLOOKUP($C55,$C$9:$U$14,COLUMNS($C$9:S$14),0)*S$17,0)) | ... O55: =IF(VLOOKUP($C55,$C$9:$U$14,COLUMNS($C$9:U$14),0)="","",ROUND(M$4*$E55*VLOOKUP($C55,$C$9:$U$14,COLUMNS($C$9:U$14),0)*U$16,0)&"～"&ROUND(M$4*$E55*VLOOKUP($C55,$C$9:$U$14,COLUMNS($C$9:U$14),0)*U$17,0)) | P55: =IF(VLOOKUP($C55,$C$9:$U$14,COLUMNS($C$9:L$14),0)="","",ROUND(D$4*$E55*VLOOKUP($C55,$C$9:$U$14,COLUMNS($C$9:L$14),0)*L$18,0)&"～"&ROUND(D$4*$E55*VLOOKUP($C55,$C$9:$U$14,COLUMNS($C$9:L$14),0)*L$19,0)) -> 51～66 | Q55: =IF(VLOOKUP($C55,$C$9:$U$14,COLUMNS($C$9:M$14),0)="","",ROUND(E$4*$E55*VLOOKUP($C55,$C$9:$U$14,COLUMNS($C$9:M$14),0)*M$18,0)&"～"&ROUND(E$4*$E55*VLOOKUP($C55,$C$9:$U$14,COLUMNS($C$9:M$14),0)*M$19,0)) | R55: =IF(VLOOKUP($C55,$C$9:$U$14,COLUMNS($C$9:N$14),0)="","",ROUND(F$4*$E55*VLOOKUP($C55,$C$9:$U$14,COLUMNS($C$9:N$14),0)*N$18,0)&"～"&ROUND(F$4*$E55*VLOOKUP($C55,$C$9:$U$14,COLUMNS($C$9:N$14),0)*N$19,0)) | S55: =IF(VLOOKUP($C55,$C$9:$U$14,COLUMNS($C$9:O$14),0)="","",ROUND(G$4*$E55*VLOOKUP($C55,$C$9:$U$14,COLUMNS($C$9:O$14),0)*O$18,0)&"～"&ROUND(G$4*$E55*VLOOKUP($C55,$C$9:$U$14,COLUMNS($C$9:O$14),0)*O$19,0)) -> 16～21 | T55: =IF(VLOOKUP($C55,$C$9:$U$14,COLUMNS($C$9:P$14),0)="","",ROUND(H$4*$E55*VLOOKUP($C55,$C$9:$U$14,COLUMNS($C$9:P$14),0)*P$18,0)&"～"&ROUND(H$4*$E55*VLOOKUP($C55,$C$9:$U$14,COLUMNS($C$9:P$14),0)*P$19,0)) | U55: =IF(VLOOKUP($C55,$C$9:$U$14,COLUMNS($C$9:Q$14),0)="","",ROUND(I$4*$E55*VLOOKUP($C55,$C$9:$U$14,COLUMNS($C$9:Q$14),0)*Q$18,0)&"～"&ROUND(I$4*$E55*VLOOKUP($C55,$C$9:$U$14,COLUMNS($C$9:Q$14),0)*Q$19,0)) | V55: =IF(VLOOKUP($C55,$C$9:$U$14,COLUMNS($C$9:R$14),0)="","",ROUND(J$4*$E55*VLOOKUP($C55,$C$9:$U$14,COLUMNS($C$9:R$14),0)*R$18,0)&"～"&ROUND(J$4*$E55*VLOOKUP($C55,$C$9:$U$14,COLUMNS($C$9:R$14),0)*R$19,0)) | W55: =IF(VLOOKUP($C55,$C$9:$U$14,COLUMNS($C$9:S$14),0)="","",ROUND(K$4*$E55*VLOOKUP($C55,$C$9:$U$14,COLUMNS($C$9:S$14),0)*S$18,0)&"～"&ROUND(K$4*$E55*VLOOKUP($C55,$C$9:$U$14,COLUMNS($C$9:S$14),0)*S$19,0)) | X55: =IF(VLOOKUP($C55,$C$9:$U$14,COLUMNS($C$9:T$14),0)="","",ROUND(L$4*$E55*VLOOKUP($C55,$C$9:$U$14,COLUMNS($C$9:T$14),0)*T$18,0)&"～"&ROUND(L$4*$E55*VLOOKUP($C55,$C$9:$U$14,COLUMNS($C$9:T$14),0)*T$19,0)) | Z55: =ROUND(VLOOKUP($C55,$C$9:$W$14,21,0)*E55,0) -> 63 | AA55: =ROUND(Z55*0.9,0) -> 57 | AB55: =IF(C55>2,0,ROUND(属性价值和能力评分!$F$38*一级属性!$H$17*装备属性!E55,0)) -> 53 | AC55: =ROUND($W$9*0.15*E55,0) -> 14 | AD55: =ROUND($W$9*0.3*E55,0) -> 28
B56: 22 | C56: =C43 -> 3 | D56: =D43 -> 9 | E56: 10 | F56: =IF(VLOOKUP($C56,$C$9:$U$14,COLUMNS($C$9:L$14),0)="","",ROUND(D$4*$E56*VLOOKUP($C56,$C$9:$U$14,COLUMNS($C$9:L$14),0)*L$16,0)&"～"&ROUND(D$4*$E56*VLOOKUP($C56,$C$9:$U$14,COLUMNS($C$9:L$14),0)*L$17,0)) | G56: =IF(VLOOKUP($C56,$C$9:$U$14,COLUMNS($C$9:M$14),0)="","",ROUND(E$4*$E56*VLOOKUP($C56,$C$9:$U$14,COLUMNS($C$9:M$14),0)*M$16,0)&"～"&ROUND(E$4*$E56*VLOOKUP($C56,$C$9:$U$14,COLUMNS($C$9:M$14),0)*M$17,0)) -> 57～74 | H56: =IF(VLOOKUP($C56,$C$9:$U$14,COLUMNS($C$9:N$14),0)="","",ROUND(F$4*$E56*VLOOKUP($C56,$C$9:$U$14,COLUMNS($C$9:N$14),0)*N$16,0)&"～"&ROUND(F$4*$E56*VLOOKUP($C56,$C$9:$U$14,COLUMNS($C$9:N$14),0)*N$17,0)) | I56: =IF(VLOOKUP($C56,$C$9:$U$14,COLUMNS($C$9:O$14),0)="","",ROUND(G$4*$E56*VLOOKUP($C56,$C$9:$U$14,COLUMNS($C$9:O$14),0)*O$16,0)&"～"&ROUND(G$4*$E56*VLOOKUP($C56,$C$9:$U$14,COLUMNS($C$9:O$14),0)*O$17,0)) -> 9～11 | J56: =IF(VLOOKUP($C56,$C$9:$U$14,COLUMNS($C$9:P$14),0)="","",ROUND(H$4*$E56*VLOOKUP($C56,$C$9:$U$14,COLUMNS($C$9:P$14),0)*P$16,0)&"～"&ROUND(H$4*$E56*VLOOKUP($C56,$C$9:$U$14,COLUMNS($C$9:P$14),0)*P$17,0)) | K56: =IF(VLOOKUP($C56,$C$9:$U$14,COLUMNS($C$9:Q$14),0)="","",ROUND(I$4*$E56*VLOOKUP($C56,$C$9:$U$14,COLUMNS($C$9:Q$14),0)*Q$16,0)&"～"&ROUND(I$4*$E56*VLOOKUP($C56,$C$9:$U$14,COLUMNS($C$9:Q$14),0)*Q$17,0)) | L56: =IF(VLOOKUP($C56,$C$9:$U$14,COLUMNS($C$9:R$14),0)="","",ROUND(J$4*$E56*VLOOKUP($C56,$C$9:$U$14,COLUMNS($C$9:R$14),0)*R$16,0)&"～"&ROUND(J$4*$E56*VLOOKUP($C56,$C$9:$U$14,COLUMNS($C$9:R$14),0)*R$17,0)) | M56: =IF(VLOOKUP($C56,$C$9:$U$14,COLUMNS($C$9:S$14),0)="","",ROUND(K$4*$E56*VLOOKUP($C56,$C$9:$U$14,COLUMNS($C$9:S$14),0)*S$16,0)&"～"&ROUND(K$4*$E56*VLOOKUP($C56,$C$9:$U$14,COLUMNS($C$9:S$14),0)*S$17,0)) | ... O56: =IF(VLOOKUP($C56,$C$9:$U$14,COLUMNS($C$9:U$14),0)="","",ROUND(M$4*$E56*VLOOKUP($C56,$C$9:$U$14,COLUMNS($C$9:U$14),0)*U$16,0)&"～"&ROUND(M$4*$E56*VLOOKUP($C56,$C$9:$U$14,COLUMNS($C$9:U$14),0)*U$17,0)) | P56: =IF(VLOOKUP($C56,$C$9:$U$14,COLUMNS($C$9:L$14),0)="","",ROUND(D$4*$E56*VLOOKUP($C56,$C$9:$U$14,COLUMNS($C$9:L$14),0)*L$18,0)&"～"&ROUND(D$4*$E56*VLOOKUP($C56,$C$9:$U$14,COLUMNS($C$9:L$14),0)*L$19,0)) | Q56: =IF(VLOOKUP($C56,$C$9:$U$14,COLUMNS($C$9:M$14),0)="","",ROUND(E$4*$E56*VLOOKUP($C56,$C$9:$U$14,COLUMNS($C$9:M$14),0)*M$18,0)&"～"&ROUND(E$4*$E56*VLOOKUP($C56,$C$9:$U$14,COLUMNS($C$9:M$14),0)*M$19,0)) -> 64～82 | R56: =IF(VLOOKUP($C56,$C$9:$U$14,COLUMNS($C$9:N$14),0)="","",ROUND(F$4*$E56*VLOOKUP($C56,$C$9:$U$14,COLUMNS($C$9:N$14),0)*N$18,0)&"～"&ROUND(F$4*$E56*VLOOKUP($C56,$C$9:$U$14,COLUMNS($C$9:N$14),0)*N$19,0)) | S56: =IF(VLOOKUP($C56,$C$9:$U$14,COLUMNS($C$9:O$14),0)="","",ROUND(G$4*$E56*VLOOKUP($C56,$C$9:$U$14,COLUMNS($C$9:O$14),0)*O$18,0)&"～"&ROUND(G$4*$E56*VLOOKUP($C56,$C$9:$U$14,COLUMNS($C$9:O$14),0)*O$19,0)) -> 10～12 | T56: =IF(VLOOKUP($C56,$C$9:$U$14,COLUMNS($C$9:P$14),0)="","",ROUND(H$4*$E56*VLOOKUP($C56,$C$9:$U$14,COLUMNS($C$9:P$14),0)*P$18,0)&"～"&ROUND(H$4*$E56*VLOOKUP($C56,$C$9:$U$14,COLUMNS($C$9:P$14),0)*P$19,0)) | U56: =IF(VLOOKUP($C56,$C$9:$U$14,COLUMNS($C$9:Q$14),0)="","",ROUND(I$4*$E56*VLOOKUP($C56,$C$9:$U$14,COLUMNS($C$9:Q$14),0)*Q$18,0)&"～"&ROUND(I$4*$E56*VLOOKUP($C56,$C$9:$U$14,COLUMNS($C$9:Q$14),0)*Q$19,0)) | V56: =IF(VLOOKUP($C56,$C$9:$U$14,COLUMNS($C$9:R$14),0)="","",ROUND(J$4*$E56*VLOOKUP($C56,$C$9:$U$14,COLUMNS($C$9:R$14),0)*R$18,0)&"～"&ROUND(J$4*$E56*VLOOKUP($C56,$C$9:$U$14,COLUMNS($C$9:R$14),0)*R$19,0)) | W56: =IF(VLOOKUP($C56,$C$9:$U$14,COLUMNS($C$9:S$14),0)="","",ROUND(K$4*$E56*VLOOKUP($C56,$C$9:$U$14,COLUMNS($C$9:S$14),0)*S$18,0)&"～"&ROUND(K$4*$E56*VLOOKUP($C56,$C$9:$U$14,COLUMNS($C$9:S$14),0)*S$19,0)) | X56: =IF(VLOOKUP($C56,$C$9:$U$14,COLUMNS($C$9:T$14),0)="","",ROUND(L$4*$E56*VLOOKUP($C56,$C$9:$U$14,COLUMNS($C$9:T$14),0)*T$18,0)&"～"&ROUND(L$4*$E56*VLOOKUP($C56,$C$9:$U$14,COLUMNS($C$9:T$14),0)*T$19,0)) | Z56: =ROUND(VLOOKUP($C56,$C$9:$W$14,21,0)*E56,0) -> 57 | AA56: =ROUND(Z56*0.9,0) -> 51 | AB56: =IF(C56>2,0,ROUND(属性价值和能力评分!$F$38*一级属性!$H$17*装备属性!E56,0)) -> 0 | AC56: =ROUND($W$9*0.15*E56,0) -> 14 | AD56: =ROUND($W$9*0.3*E56,0) -> 28
